status,n_gross_removed,span_years,gap_frac,n_hourly,n_tide_segments,M2_cm,n_spike_removed,mean_cm,std_cm,M2_leak_cm,lowfreq_frac_pct,name,lat,reason
ok,0.0,15.96,0.051,139904.0,2.0,17.0,828.0,-0.02,16.09,0.09,1.0,aarhus-aar-dnk-cmems,56.150002,
ok,0.0,51.0,0.02,447063.0,7.0,16.6,5234.0,-0.07,7.65,0.09,1.7,abashiri-347a-jpn-uhslc,44.017,
ok,0.0,52.0,0.021,455832.0,7.0,16.5,5266.0,-0.07,7.63,0.02,1.7,abashiri-ma02-jpn-jodc_jma,44.01945,
ok,0.0,91.58,0.439,802800.0,11.0,130.4,697.0,-0.01,14.0,0.18,1.4,aberdeen-abe-gbr-bodc,57.144028,
ok,0.0,31.08,0.065,272494.0,4.0,129.9,807.0,0.03,14.49,0.1,1.6,aberdeen-abe-gbr-cmems,57.150002,
ok,0.0,58.0,0.002,508407.0,8.0,52.7,2470.0,-0.06,6.52,0.05,2.6,aburatsu-354a-jpn-uhslc,31.583,
ok,0.0,59.0,0.003,517176.0,8.0,52.6,2564.0,-0.05,6.51,0.02,2.6,aburatsu-ma41-jpn-jodc_jma,31.57695,
ok,0.0,87.0,0.049,762624.0,11.0,33.4,4407.0,-0.05,7.39,0.14,1.8,aburatsubo-gs01-jpn-jodc_giaj,35.16,
ok,0.0,39.04,0.035,342211.0,5.0,74.6,15.0,0.0,6.16,1.51,2.4,acajutla-082a-slv-uhslc,13.583,
ok,0.0,66.0,0.265,578568.0,8.0,19.0,55.0,-0.0,5.21,0.19,3.2,acapulco-316-mex-unam,16.83833333,
ok,0.0,43.67,0.091,382794.0,6.0,19.0,17.0,-0.0,5.29,0.05,3.0,acapulco_gro-316a-mex-uhslc,16.84,
ok,0.0,68.79,0.075,603047.0,9.0,19.1,1588.0,-0.0,11.47,0.02,2.1,adak_alaska-040a-usa-uhslc,51.863,
ok,0.0,71.66,0.077,628223.0,9.0,19.1,1585.0,-0.01,11.58,0.04,2.0,adak_island-9461380-usa-noaa,51.863306,
rejected,0.0,39.18,0.51,343490.0,,,,,,,,ajaccio_60minute-aja-fra-cmems,41.922699,gap 0.51>0.5
ok,0.0,39.43,0.498,345679.0,4.0,7.0,1320.0,-0.02,5.7,0.0,3.3,ajaccio_aspretto-300-fra-refmar,41.92279816,
ok,0.0,50.0,0.017,438288.0,7.0,79.4,103.0,-0.0,6.5,0.18,2.4,akune-gs15-jpn-jodc_giaj,32.0175,
ok,0.0,45.66,0.081,400319.0,6.0,66.6,35.0,-0.0,6.33,0.07,2.2,alameda-9414750-usa-noaa,37.7717,
ok,0.0,59.58,0.119,522320.0,8.0,7.6,727.0,-0.0,10.74,0.06,1.7,albany-62120-aus-bom,-35.0337,
ok,0.0,14.41,0.0,126344.0,2.0,51.3,103.0,-0.01,19.37,0.82,1.7,alblasserdam-albsdm-nld-rws,51.865835,
rejected,0.0,59.44,0.627,521112.0,,,,,,,,alert-3765-can-meds,82.49,gap 0.627>0.5
ok,0.0,30.6,0.009,268214.0,4.0,128.2,46.0,-0.0,11.19,0.18,2.2,alert_bay_bc-8280-can-meds,50.59,
ok,0.0,60.0,0.046,525947.0,8.0,61.3,2625.0,-0.02,13.72,0.01,2.1,alesund-aes-nor-nhs,62.469414,
ok,0.0,19.0,0.007,166560.0,3.0,7.2,692.0,-0.02,6.34,0.06,3.4,alexandria-ale-egy-noc,31.2167,
ok,0.0,38.58,0.018,338236.0,5.0,0.7,478.0,0.0,4.58,0.01,3.2,alexandria_bay_ny-8311062-usa-noaa,44.33111,
ok,0.0,73.0,0.221,639912.0,10.0,32.1,72.0,0.01,6.79,0.28,2.2,algeciras-alge-esp-ieo,36.117,
ok,0.0,51.58,0.019,452188.0,7.0,0.1,1058.0,-0.01,4.56,0.01,3.8,algonac_mi-9014070-usa-noaa,42.621113,
ok,0.0,61.83,0.067,542063.0,8.0,1.8,152.0,-0.0,6.79,0.01,2.6,alicante_i-ali-esp-da_mm,38.338271,
rejected,0.0,148.5,0.546,1301760.0,,,,,,,,alicante_i_outer_harbour-alio-esp-da_mm,38.338271,gap 0.546>0.5
ok,0.0,15.58,0.054,136583.0,2.0,134.9,20.0,-0.01,11.81,0.09,2.0,alitak-9457804-usa-noaa,56.8974,
ok,0.0,15.08,0.022,132225.0,2.0,9.5,681.0,-0.01,5.74,0.03,2.9,almeria-alm-esp-cmems,36.830002,
ok,0.0,15.58,0.023,136612.0,2.0,0.2,5.0,0.0,4.43,0.01,1.0,alpena_mi-9075065-usa-noaa,45.063,
rejected,0.0,61.0,0.637,534744.0,,,,,,,,alvarado-400-mex-unam,18.76616667,gap 0.637>0.5
ok,0.0,23.0,0.048,201600.0,3.0,56.1,410.0,-0.03,4.96,0.01,3.1,amami-ma73-jpn-jodc_jma,28.3228,
ok,0.0,45.59,0.013,399604.0,6.0,0.2,705.0,0.01,7.48,0.01,1.2,american_falls_ny-9063009-usa-noaa,43.08106,
ok,0.0,59.45,0.033,521119.0,8.0,1.1,683.0,0.0,8.38,0.04,1.2,amherstburg_ontario-11995-can-meds,42.14,
ok,0.0,43.58,0.123,382031.0,6.0,343.9,47.0,-0.0,23.36,0.44,0.6,anchorage-9455920-usa-noaa,61.2375,
ok,0.0,34.69,0.164,304079.0,5.0,6.6,217.0,-0.02,9.34,0.1,2.9,ancona-anx-ita-ispra,43.62476667,
ok,0.0,27.23,0.006,238684.0,4.0,66.3,11736.0,-0.11,12.18,0.12,2.1,andenes-800a-nor-uhslc,69.317,
ok,0.0,29.0,0.005,254232.0,4.0,66.4,12843.0,-0.13,12.17,0.05,2.1,andenes-anx-nor-nhs,69.326067,
ok,0.0,93.66,0.052,821087.0,12.0,11.2,56676.0,0.15,15.55,0.09,1.0,annapolis-8575512-usa-noaa,38.98328,
ok,0.0,73.07,0.064,640532.0,10.0,37.3,68.0,-0.0,3.89,0.13,2.8,antofagasta-080a-chl-uhslc,-23.653,
ok,0.0,58.0,0.122,508416.0,8.0,18.9,508.0,-0.0,7.76,0.25,1.3,aomoriko-0104-jpn-jodc_pahb,40.83528333,
ok,0.0,45.58,0.026,399575.0,6.0,10.7,3224.0,-0.08,11.97,0.14,1.2,apalachicola-8728690-usa-noaa,29.724444,
ok,0.0,42.75,0.013,374755.0,6.0,10.7,3485.0,-0.09,11.98,0.38,1.2,apalachicola_fl-760a-usa-uhslc,29.727,
ok,0.0,18.0,0.117,157763.0,3.0,37.4,5.0,0.0,5.42,0.39,1.1,apia-401a-wsm-uhslc,-13.817,
ok,0.0,25.84,0.032,226535.0,4.0,39.0,20.0,-0.0,2.91,0.22,2.3,apia-401b-wsm-uhslc,-13.82,
ok,0.0,26.84,0.031,235295.0,4.0,39.0,27.0,-0.0,2.91,0.12,2.3,apia-66840-wsm-bom,-13.8268,
ok,0.0,45.66,0.082,400319.0,6.0,22.2,15.0,-0.0,3.92,0.1,2.2,apra_harbor-1630000-usa-noaa,13.44339,
ok,0.0,70.81,0.065,620731.0,9.0,21.8,17.0,-0.0,3.89,0.11,2.1,apra_harbor_guam-053a-usa-uhslc,13.433,
rejected,0.0,51.34,0.643,450058.0,,,,,,,,arcachon_eyrac-190-fra-refmar,44.66500092,gap 0.643>0.5
rejected,0.0,52.84,0.63,463226.0,,,,,,,,arcachoneyrac_60minute-arc-fra-cmems,44.665001,gap 0.63>0.5
ok,0.0,42.58,0.2,373271.0,6.0,56.7,64.0,-0.0,7.61,0.06,2.5,arena_cove-9416841-usa-noaa,38.914556,
ok,0.0,39.42,0.199,345547.0,5.0,56.7,59.0,-0.01,7.61,0.25,2.5,arena_cove_ca-573a-usa-uhslc,38.913,
ok,0.0,50.15,0.076,439594.0,7.0,69.5,34.0,0.0,12.8,0.07,1.0,argentia-835-can-meds,47.3,
ok,0.0,16.24,0.02,142416.0,3.0,33.4,10.0,0.0,4.46,0.21,2.5,arica-083a-chl-uhslc,-18.467,
ok,0.0,17.43,0.004,152851.0,3.0,26.5,103.0,-0.01,14.8,1.03,1.8,arklowharbour-ark-irl-cmems,52.792,
ok,0.0,13.82,0.024,121200.0,2.0,83.7,8.0,-0.0,5.47,0.24,1.0,arrecife-205a-esp-uhslc,28.95,
ok,0.0,67.0,0.205,587304.0,9.0,83.2,587.0,-0.0,7.33,0.42,0.7,arrecife-arre-esp-ieo,28.9718,
ok,0.0,66.0,0.04,578544.0,9.0,18.2,349.0,-0.01,8.2,0.04,1.2,asamushi-gs06-jpn-jodc_giaj,40.8975,
ok,0.0,20.07,0.326,175966.0,3.0,33.7,2.0,0.0,2.29,0.07,2.9,ascension-291a-gbr-uhslc,-7.917,
ok,0.0,20.07,0.326,175967.0,3.0,33.4,11.0,0.0,2.38,0.07,2.7,ascension-asc-gbr-noc,-7.8928,
ok,0.0,61.59,0.045,539860.0,8.0,0.9,207.0,-0.03,68.36,0.38,0.8,ashland_ave_ny-9063007-usa-noaa,43.1,
ok,0.0,96.66,0.017,847367.0,13.0,90.4,529.0,-0.02,12.13,0.15,2.5,astoria-9439040-usa-noaa,46.207306,
ok,0.0,21.83,0.036,191366.0,3.0,88.6,291.0,-0.04,14.52,0.15,2.1,astoria_downtown-9439040-usa-da_sat,46.19011111,
ok,0.0,93.93,0.014,823408.0,12.0,90.4,439.0,-0.02,12.3,0.09,2.4,astoria_or-572a-usa-uhslc,46.208,
ok,0.0,15.66,0.144,137327.0,2.0,17.1,341.0,-0.02,10.8,0.07,1.9,atka-9461710-usa-noaa,52.232,
rejected,0.0,25.49,0.669,223482.0,,,,,,,,atlantic_beach_triple_s_pier-8656590-usa-noaa,34.6933,gap 0.669>0.5
ok,0.0,110.58,0.057,969359.0,14.0,58.5,823.0,0.0,15.56,0.07,1.3,atlantic_city-8534720-usa-noaa,39.356667,
ok,0.0,107.37,0.051,941203.0,14.0,58.5,747.0,0.0,15.53,0.01,1.3,atlantic_city_nj-264a-usa-uhslc,39.355,
ok,0.0,51.33,0.467,449952.0,7.0,422.8,41.0,-0.04,31.34,2.42,0.5,avonmouth-avo-gbr-bodc,51.50775,
ok,0.0,27.23,0.216,238734.0,4.0,426.0,33.0,-0.03,31.54,0.11,0.5,avonmouth-avo-gbr-cmems,51.507099,
ok,0.0,55.0,0.039,482112.0,7.0,5.8,14365.0,-0.13,7.34,0.02,1.6,awashima-hd25-jpn-jodc_jcg,38.46778333,
ok,0.0,15.0,0.035,131472.0,2.0,47.0,1933.0,-0.15,6.89,0.03,2.5,awayuki-ma69-jpn-jodc_jma,33.7711,
ok,0.0,58.0,0.13,508416.0,8.0,31.9,3732.0,-0.06,6.27,0.05,1.4,ayukawa-ma11-jpn-jodc_jma,38.29666667,
ok,0.0,34.67,0.073,303923.0,5.0,30.2,112.0,-0.01,9.02,0.2,2.4,bacon_island_at_old_river-bac-usa-cdwr,37.96935,
ok,0.0,14.05,0.084,123213.0,2.0,4.4,4615.0,-0.07,18.84,0.05,1.1,bagenkop-bag-dnk-cmems,54.7528,
ok,0.0,21.68,0.263,190091.0,3.0,66.0,4.0,-0.0,5.11,0.12,1.8,bahia_los_angeles-310a-mex-uhslc,28.958,
ok,0.0,37.87,0.45,332008.0,3.0,118.1,1223.0,0.04,16.94,0.09,0.6,baie_comeau-2840-can-meds,49.23,
ok,0.0,43.0,0.003,376944.0,6.0,10.3,128.0,-0.0,10.02,0.08,2.8,bakar-bak-hrv-uz,45.3,
ok,0.0,18.75,0.182,164376.0,3.0,138.7,125.0,-0.09,30.1,0.36,1.4,bake_a-3611-deu-wsv,53.984432,
ok,0.0,20.83,0.02,182640.0,3.0,144.0,137.0,-0.02,31.49,0.27,1.4,bake_c_scharhorn-3905-deu-wsv,53.969861,
ok,0.0,111.53,0.018,977717.0,14.0,181.7,18.0,-0.0,9.32,3.49,1.0,balboa-302a-pan-uhslc,8.965,
ok,0.0,29.92,0.064,262295.0,4.0,12.7,4889.0,-0.03,15.65,0.26,1.0,ballen-bal-dnk-cmems,55.8167,
ok,0.0,119.66,0.015,1048991.0,15.0,14.5,40118.0,0.12,17.74,0.36,0.9,baltimore-8574680-usa-noaa,39.266944,
ok,0.0,33.77,0.11,296025.0,5.0,71.8,51.0,0.0,3.67,0.02,1.7,baltra-003b-ecu-uhslc,-0.437,
ok,0.0,51.33,0.019,449999.0,7.0,94.1,364.0,-0.01,10.62,0.05,2.5,bamfield_bc-8545-can-meds,48.84,
ok,0.0,26.75,0.343,234480.0,3.0,114.5,421.0,-0.01,15.14,0.07,1.8,bangor-ban-gbr-bodc,54.66475,
ok,0.0,26.22,0.18,229849.0,4.0,115.4,686.0,-0.04,15.27,0.35,1.8,bangor-ban-gbr-cmems,54.665001,
ok,0.0,74.58,0.086,653783.0,10.0,157.3,234.0,-0.01,11.88,0.18,0.8,bar_harbor-8413320-usa-noaa,44.392194,
ok,0.0,54.87,0.015,480966.0,7.0,2.2,959.0,0.02,12.44,0.08,0.6,bar_point_ontario-12005-can-meds,42.06,
ok,0.0,28.08,0.021,246190.0,4.0,4.7,5438.0,-0.05,6.41,0.02,2.8,barcelona-bar-esp-cmems,41.341999,
rejected,0.0,59.8,0.691,524220.0,,,,,,,,barcelona_ny-9063032-usa-noaa,42.3428,gap 0.691>0.5
ok,0.0,42.21,0.292,370080.0,6.0,6.9,140.0,0.01,8.17,0.01,3.3,bari-bar-ita-ispra,41.14020556,
ok,0.0,30.58,0.369,268080.0,4.0,145.5,59.0,-0.01,18.72,0.64,1.6,barmouth-bar-gbr-bodc,52.719333,
ok,0.0,29.31,0.187,256944.0,4.0,146.7,76.0,-0.03,18.17,0.24,1.7,barmouth-bar-gbr-cmems,52.716702,
rejected,0.0,29.94,0.626,262487.0,,,,,,,,barnegat_inlet_inside-8533615-usa-noaa,39.7617,gap 0.626>0.5
rejected,0.0,84.28,0.639,738834.0,,,,,,,,barseback-2099-swe-smhi,55.7564,gap 0.639>0.5
ok,0.0,38.64,0.255,338752.0,5.0,4.8,1060.0,-0.01,12.25,0.08,1.6,barseback-bar-swe-cmems,55.756401,
ok,0.0,18.81,0.042,164952.0,3.0,43.8,85.0,-0.02,11.01,0.21,2.0,base_prat-730a-chl-uhslc,-62.483,
ok,0.0,34.18,0.341,299650.0,4.0,45.7,317.0,0.0,7.72,0.08,2.6,batemans_bay_princess_jetty-216410-aus-bom,-35.7049,
ok,0.0,47.69,0.0,418009.0,7.0,200.5,74.0,-0.02,28.74,1.42,0.8,bath-bath-nld-rws,51.399148,
ok,0.0,106.79,0.233,936148.0,14.0,24.9,827.0,-0.04,18.02,0.84,4.6,batiscan-3345-can-meds,46.5,
ok,0.0,43.66,0.275,382775.0,6.0,3.0,1165.0,-0.02,15.28,0.04,1.4,bay_waveland_yacht_club-8747437-usa-noaa,30.325,
ok,0.0,53.61,0.212,469970.0,7.0,117.9,151.0,0.0,10.6,0.01,2.6,bayonne_boucau-94-fra-refmar,43.52732,
ok,0.0,53.36,0.214,467762.0,7.0,117.9,144.0,0.0,10.56,0.01,2.6,bayonneboucau_60minute-bay-fra-cmems,43.527302,
ok,0.0,54.58,0.143,478463.0,7.0,41.5,125.0,-0.01,9.54,0.22,2.1,beaufort-8656483-usa-noaa,34.72,
ok,0.0,35.82,0.046,314051.0,5.0,0.2,1287.0,-0.05,9.94,0.02,3.3,beauharnois_amont-15260-can-meds,45.3,
ok,0.0,35.82,0.038,314053.0,5.0,0.0,13276.0,0.0,11.32,0.06,4.1,beauharnois_aval-15262-can-meds,45.32,
ok,0.0,35.81,0.22,313950.0,4.0,17.9,514.0,-0.02,18.56,0.05,5.5,becancour-3353-can-meds,46.4,
rejected,0.0,48.97,0.57,429322.0,,,,,,,,bedford_institute-491-can-meds,44.68,gap 0.57>0.5
ok,0.0,23.0,0.002,201616.0,3.0,46.7,238.0,0.02,15.74,0.95,0.4,beihai-636a-chn-uhslc,21.483,
ok,0.0,32.33,0.079,283441.0,4.0,53.2,45.0,0.01,14.04,0.72,1.5,beldon_landing-bdl-usa-cdwr,38.1869,
ok,0.0,115.08,0.491,1008830.0,9.0,131.6,879.0,-0.03,11.51,0.13,2.3,bella_bella_bc-8976-can-meds,52.16,
ok,0.0,59.45,0.009,521119.0,8.0,0.1,9628.0,-0.01,5.13,0.01,4.1,belle_river_ontario-11965-can-meds,42.3,
rejected,0.0,56.73,0.636,497268.0,,,,,,,,belledune-2145-can-meds,47.9,gap 0.636>0.5
ok,0.0,20.67,0.081,181153.0,3.0,119.3,96.0,-0.05,35.6,0.5,1.4,belum-1263-deu-wsv,53.822773,
ok,0.0,16.67,0.304,146117.0,2.0,63.2,28.0,-0.0,8.07,0.26,2.9,benoa-163a-idn-uhslc,-8.745,
ok,0.0,106.0,0.106,929209.0,14.0,42.2,711.0,-0.01,11.81,0.07,2.1,bergen-bgo-nor-nhs,60.398046,
ok,0.0,20.47,0.003,179420.0,3.0,168.8,59.0,-0.03,31.77,11.54,0.5,bergen_op_zoom_noord-bergoznd-nld-rws,51.506519,
ok,0.0,40.66,0.076,356471.0,6.0,73.1,189.0,-0.02,16.34,0.09,1.0,bergen_point_west_reach-8519483-usa-noaa,40.6391,
ok,0.0,28.99,0.0,254102.0,4.0,145.5,223.0,-0.02,24.74,0.27,0.9,bergse_diepsluis_west-bergsdswt-nld-rws,51.511332,
ok,0.0,32.58,0.069,285595.0,5.0,44.7,471.0,-0.0,8.57,0.04,2.3,bermagui-219470-aus-bom,-36.42633887,
ok,0.0,17.25,0.202,151196.0,3.0,35.7,38.0,-0.01,6.08,0.28,3.3,bermuda-259a-gbr-uhslc,32.373,
ok,0.0,34.0,0.168,298028.0,5.0,35.6,404.0,-0.01,5.94,0.05,3.5,bermuda-259b-gbr-uhslc,32.373,
ok,0.0,30.89,0.195,270809.0,4.0,36.8,311.0,-0.01,5.94,0.03,3.6,bermuda-2695540-usa-noaa,32.373306,
rejected,0.0,53.58,0.571,469703.0,,,,,,,,bermuda_biological_station-2695535-usa-noaa,32.369999,gap 0.571>0.5
ok,0.0,18.66,0.07,163631.0,3.0,2.6,420.0,0.01,9.83,0.1,7.0,berwick-8764044-usa-noaa,29.6675,
ok,0.0,25.64,0.0,224808.0,4.0,164.9,80.0,-0.03,34.34,1.23,1.2,bhv_alter_leuchtturm-4098-deu-wsv,53.544966,
ok,0.0,28.58,0.005,250569.0,4.0,131.3,475.0,-0.01,8.3,0.06,2.5,bilbao-bil-esp-cmems,43.356998,
ok,0.0,23.61,0.13,206942.0,3.0,18.9,5.0,0.0,6.19,0.03,1.3,bintulu-387a-mys-uhslc,3.217,
ok,0.0,16.58,0.036,145343.0,3.0,25.8,3407.0,-0.04,13.39,0.1,1.2,bishops_head-8571421-usa-noaa,38.22039,
rejected,0.0,32.05,0.51,280938.0,,,,,,,,bitung-033a-idn-uhslc,1.438,gap 0.51>0.5
ok,0.0,87.14,0.028,763899.0,11.0,0.4,17541.0,-0.11,9.75,0.02,5.2,bjorn-2067-swe-smhi,60.6333,
ok,0.0,87.14,0.028,763899.0,11.0,0.4,17541.0,-0.11,9.75,0.02,5.2,bjorn-bjo-swe-cmems,60.633301,
ok,0.0,19.29,0.252,169123.0,3.0,55.2,23.0,0.01,11.7,0.57,1.3,blacklock_ne1-bll-usa-cdwr,38.1801,
ok,0.0,23.0,0.005,201624.0,3.0,144.1,152.0,-0.04,37.73,2.27,1.4,blankenese-70-deu-wsv,53.557733,
ok,0.0,34.25,0.332,300227.0,5.0,88.6,67.0,-0.0,12.9,0.36,1.4,bluff-072a-nzl-uhslc,-46.6,
ok,0.0,38.66,0.066,338951.0,5.0,7.8,73.0,0.0,10.81,0.02,1.9,bob_hall_pier-8775870-usa-noaa,27.580833,
ok,0.0,71.3,0.142,624985.0,9.0,86.1,2869.0,-0.05,13.68,0.04,2.0,bodo-boo-nor-nhs,67.29233,
ok,0.0,28.58,0.024,250523.0,4.0,94.3,51.0,-0.0,7.44,0.02,2.8,bonanza-bon-esp-cmems,36.799999,
rejected,0.0,67.68,0.773,593290.0,,,,,,,,bonavista-990-can-meds,48.65,gap 0.773>0.5
ok,0.0,31.0,0.061,271752.0,4.0,71.3,23.0,0.01,11.07,0.13,2.0,booby_island-336a-aus-uhslc,-10.603,
ok,0.0,49.67,0.266,435394.0,7.0,72.6,34.0,0.0,11.54,0.4,1.8,booby_island-58230-aus-bom,-10.6026,
rejected,0.0,40.9,0.74,358533.0,,,,,,,,bordeaux-196-fra-refmar,44.86,gap 0.74>0.5
rejected,0.0,40.9,0.741,358533.0,,,,,,,,bordeaux_60minute-bor-fra-cmems,44.860001,gap 0.741>0.5
ok,0.0,24.25,0.04,212592.0,4.0,110.1,297.0,-0.03,27.16,0.18,1.3,borkum_fischerbalje-bor-deu-bfg,53.557436,
ok,0.0,100.66,0.016,882431.0,13.0,134.8,374.0,-0.01,12.65,0.1,1.0,boston-8443970-usa-noaa,42.354801,
ok,0.0,97.66,0.009,856123.0,13.0,134.8,264.0,-0.01,12.64,0.32,1.0,boston_ma-741a-usa-uhslc,42.355,
ok,0.0,38.68,0.105,339071.0,5.0,49.6,769.0,-0.01,7.19,0.07,2.6,botany_bay-60390-aus-bom,-33.9684,
rejected,0.0,79.11,0.58,693506.0,,,,,,,,boulogne_sur_mer-111-fra-refmar,50.72738,gap 0.58>0.5
rejected,0.0,78.86,0.583,691298.0,,,,,,,,boulognesurmer_60minute-bou-fra-cmems,50.727501,gap 0.583>0.5
ok,0.0,25.58,0.327,224256.0,3.0,41.0,8.0,0.01,12.07,0.21,1.7,bournemouth-bou-gbr-bodc,50.714333,
ok,0.0,24.62,0.065,215793.0,4.0,41.3,53.0,-0.02,12.24,0.03,1.6,bournemouth-bou-gbr-cmems,50.7136,
ok,0.0,15.41,0.063,135140.0,2.0,63.8,11.0,-0.01,11.8,0.68,1.3,boutiliers_point-482-can-meds,44.65,
ok,0.0,33.11,0.015,290301.0,5.0,76.1,8.0,-0.0,8.04,0.32,2.4,bowen-59320-aus-bom,-20.025,
ok,0.0,25.16,0.0,220608.0,4.0,166.3,40.0,-0.01,32.84,1.12,1.2,brake-4096-deu-wsv,53.295273,
rejected,0.0,37.66,0.565,330191.0,,,,,,,,brandywine_shoal_light-8555889-usa-noaa,38.987,gap 0.565>0.5
ok,0.0,21.3,0.047,186758.0,3.0,8.6,3006.0,-0.02,10.84,0.04,1.7,bremer_bay-bbbre01-aus-bom,-34.424792,
ok,0.0,20.42,0.102,178969.0,3.0,41.6,126.0,0.01,27.18,0.16,2.6,bremervorde-71-deu-wsv,53.484128,
ok,0.0,13.0,0.0,114000.0,2.0,172.1,16.0,-0.01,25.24,0.27,0.8,breskens-bresks-nld-rws,51.399115,
ok,0.0,174.99,0.092,1533961.0,22.0,205.6,310.0,-0.0,11.94,0.11,2.3,brest-3-fra-refmar,48.38290024,
ok,0.0,172.99,0.083,1516416.0,22.0,205.6,242.0,-0.0,11.97,0.01,2.3,brest-822a-fra-uhslc,48.383,
ok,0.0,119.75,0.1,1049713.0,15.0,205.1,216.0,-0.0,12.05,0.12,2.3,brest_60minute-bre-fra-cmems,48.3829,
ok,0.0,51.58,0.022,452159.0,7.0,97.6,2140.0,-0.06,15.52,0.29,0.9,bridgeport-8467150-usa-noaa,41.173302,
ok,0.0,35.0,0.018,306806.0,5.0,71.3,35.0,-0.0,7.16,0.46,2.4,brisbane-331a-aus-uhslc,-27.367,
ok,0.0,62.13,0.233,544618.0,7.0,70.7,49.0,0.0,7.32,0.07,2.3,brisbane_bar-59980-aus-bom,-27.3608,
ok,0.0,20.5,0.062,179696.0,3.0,0.1,887.0,-0.05,10.75,0.02,9.8,britannia_ontario-16125-can-meds,45.36,
ok,0.0,40.93,0.023,358842.0,6.0,0.8,546.0,0.0,5.76,0.04,2.9,brockville_ontario-14400-can-meds,44.59,
ok,0.0,23.0,0.0,201648.0,3.0,122.3,270.0,-0.06,36.37,1.46,1.5,brokdorf-72-deu-wsv,53.862702,
ok,0.0,32.47,0.105,284662.0,5.0,238.4,3.0,0.0,8.21,0.6,0.7,broome-166a-aus-uhslc,-18.002,
ok,0.0,53.5,0.162,468984.0,7.0,234.0,33.0,-0.0,11.31,0.34,0.7,broome-62650-aus-bom,-18.0008,
rejected,0.0,71.0,0.848,622354.0,,,,,,,,brouwershaven-brouwhvn-nld-rws,51.738429,gap 0.848>0.5
ok,0.0,38.69,0.002,339121.0,5.0,110.2,116.0,-0.0,25.34,0.73,0.9,brouwershavensche_gat_08-brouwhvsgt08-nld-rws,51.750754,
rejected,0.0,50.26,0.513,440574.0,,,,,,,,bruinisse_zijpe-bruinse-nld-rws,51.655118,gap 0.513>0.5
ok,0.0,13.5,0.105,118369.0,2.0,124.7,87.0,-0.06,36.75,1.47,1.4,brunsbuttel_mole_4_pegel-73-deu-wsv,53.887492,
ok,0.0,33.79,0.063,296176.0,5.0,48.3,215.0,0.01,7.83,0.23,2.6,brunswick_heads-202403-aus-bom,-28.53681115,
ok,0.0,38.46,0.044,337159.0,5.0,2.8,6013.0,-0.26,46.6,1.4,6.3,bryte_lab-byl-usa-cdwr,38.6001,
ok,0.0,61.64,0.101,540336.0,8.0,149.9,34.0,0.0,11.75,0.46,0.5,buenaventura-085a-col-uhslc,3.89,
ok,0.0,57.0,0.0,499652.0,8.0,27.8,16231.0,-0.75,44.81,0.88,0.5,buenos_aires-285a-arg-uhslc,-34.667,
ok,0.0,61.59,0.004,539860.0,8.0,1.2,536.0,-0.03,15.11,0.04,0.7,buffalo_ny-9063020-usa-noaa,42.877444,
ok,0.0,56.16,0.071,492355.0,8.0,4.9,213.0,-0.01,12.44,0.12,1.6,bunbury-62190-aus-bom,-33.3234,
ok,0.0,35.0,0.011,306806.0,5.0,87.1,12.0,0.0,7.48,0.24,2.4,bundaberg-332a-aus-uhslc,-24.767,
ok,0.0,53.87,0.031,472242.0,7.0,86.2,55.0,0.0,8.23,0.06,2.2,bundaberg_burnett_heads-59820-aus-bom,-24.7667,
ok,0.0,23.0,0.006,201624.0,3.0,138.5,132.0,0.02,36.97,2.32,1.4,bunthaus-74-deu-wsv,53.461414,
ok,0.0,16.0,0.0,140288.0,3.0,134.1,79.0,-0.02,24.05,0.98,0.9,burghsluis-burghss-nld-rws,51.675798,
rejected,0.0,42.66,0.555,374015.0,,,,,,,,burlington-8539094-usa-noaa,40.08,gap 0.555>0.5
ok,0.0,50.28,0.033,440767.0,7.0,0.8,247.0,-0.0,3.94,0.02,3.4,burlington_ontario-13150-can-meds,43.3,
ok,0.0,26.32,0.012,230776.0,4.0,114.5,26.0,-0.0,9.9,0.62,1.1,burnie-344a-aus-uhslc,-41.05,
ok,0.0,67.46,0.301,591383.0,8.0,113.5,32.0,-0.0,12.99,0.4,0.7,burnie-60910-aus-bom,-41.0528,
ok,0.0,17.55,0.011,153877.0,3.0,5.4,66.0,-0.01,12.78,0.06,1.7,busselton_port_geographe-bsgeo01-aus-bom,-33.630431,
ok,0.0,23.0,0.023,201648.0,3.0,97.2,58.0,0.01,28.76,2.22,1.2,buxtehude-75-deu-wsv,53.480474,
ok,0.0,29.0,0.173,254208.0,4.0,36.7,8.0,-0.01,4.12,0.0,1.8,cabo_san_lucas-034-mex-unam,22.88,
ok,0.0,30.22,0.187,264905.0,4.0,36.7,7.0,-0.01,4.1,0.03,1.8,cabo_san_lucas-034a-mex-uhslc,22.88,
ok,0.0,14.53,0.134,127358.0,2.0,36.1,43.0,0.0,9.59,0.11,2.6,cache_slough_at_ryer_island-ryi-usa-cdwr,38.2128,
ok,0.0,25.29,0.014,221701.0,4.0,2.8,3676.0,-0.12,10.94,0.1,1.8,caddadup-dvcad01-aus-bom,-32.609444,
ok,0.0,55.0,0.045,482112.0,7.0,102.2,18.0,-0.0,9.16,3.77,1.5,cadiz-cadi-esp-ieo,36.54,
ok,0.0,47.69,0.0,418009.0,7.0,165.4,143.0,-0.01,23.78,1.07,0.8,cadzand-cadzd-nld-rws,51.379296,
ok,0.0,34.38,0.245,301439.0,5.0,8.4,325.0,0.0,5.79,0.0,2.9,cagliari-cag-ita-ispra,39.21019167,
ok,0.0,59.58,0.229,522322.0,8.0,56.8,13.0,-0.0,7.34,0.06,2.3,cairns-59060-aus-bom,-16.9267,
ok,0.0,79.66,0.465,698330.0,8.0,240.1,85.0,-0.02,20.74,0.45,0.8,calais-55-fra-refmar,50.9693985,
ok,0.0,79.41,0.467,696122.0,8.0,240.1,84.0,-0.02,20.74,0.31,0.8,calais_60minute-cal-fra-cmems,50.969501,
ok,0.0,19.58,0.106,171647.0,3.0,14.1,157.0,0.02,14.26,0.14,1.4,calcasieu_pass-8768094-usa-noaa,29.768167,
ok,0.0,19.0,0.028,166556.0,3.0,38.9,16.0,-0.0,3.94,0.18,2.9,caldera-088a-chl-uhslc,-27.067,
ok,0.0,16.0,0.023,140251.0,2.0,23.0,0.0,0.0,4.21,0.02,1.9,callao-093a-per-uhslc,-12.05,
ok,0.0,47.67,0.025,417931.0,6.0,23.5,33.0,-0.0,4.27,0.15,2.5,callao-093b-per-uhslc,-12.068,
ok,0.0,51.58,0.03,452189.0,7.0,1.8,67.0,0.0,8.63,0.03,0.9,calumet_harbor_il-9087044-usa-noaa,41.729721,
ok,0.0,42.66,0.027,374015.0,6.0,23.3,10709.0,0.0,14.4,0.03,1.0,cambridge-8571892-usa-noaa,38.5725,
ok,0.0,23.59,0.429,206803.0,3.0,14.1,593.0,-0.0,9.87,0.03,2.0,cambridge_bay-6240-can-meds,69.12,
ok,0.0,62.48,0.185,547752.0,8.0,82.6,116.0,-0.0,12.53,0.13,2.0,campbell_river_bc-8074-can-meds,50.04,
ok,0.0,52.84,0.012,463245.0,7.0,35.7,318.0,-0.01,19.01,0.02,1.0,cananeia-281a-bra-uhslc,-25.017,
rejected,0.0,57.0,0.576,499651.0,,,,,,,,cap_aux_meules-1970-can-meds,47.38,gap 0.576>0.5
ok,0.0,26.46,0.183,231922.0,4.0,4.6,683.0,-0.03,11.07,0.1,1.8,cape_bouvard-dvbvd01-aus-bom,-32.601376,
ok,0.0,27.3,0.021,239346.0,4.0,69.9,17.0,-0.01,8.45,0.17,2.4,cape_ferguson-343a-aus-uhslc,-19.277,
ok,0.0,40.32,0.116,353434.0,6.0,68.7,15.0,-0.01,8.59,0.28,2.4,cape_ferguson-59260-aus-bom,-19.2767,
ok,0.0,24.0,0.01,210384.0,4.0,69.4,15.0,0.0,8.56,0.23,2.4,cape_ferguson-h033007a-aus-bom,-19.27,
ok,0.0,26.71,0.184,234158.0,4.0,43.7,30.0,0.0,10.21,0.45,1.9,cape_hatteras_fishing_pier-8654400-usa-noaa,35.2233,
ok,0.0,56.66,0.103,496727.0,8.0,71.2,857.0,-0.02,14.81,0.18,1.2,cape_may-8536110-usa-noaa,38.967778,
ok,0.0,53.11,0.09,465571.0,7.0,71.3,812.0,-0.01,14.82,0.08,1.2,cape_may_nj-746a-usa-uhslc,38.968,
ok,0.0,47.55,0.292,416786.0,6.0,49.3,87.0,0.0,9.73,1.31,1.2,cape_town-704a-zaf-uhslc,-33.9,
ok,0.0,59.5,0.098,521572.0,8.0,0.7,138.0,0.0,3.85,0.01,3.4,cape_vincent_ny-9052000-usa-noaa,44.13028,
ok,0.0,24.0,0.023,210384.0,4.0,74.0,18.0,-0.01,8.65,0.35,2.4,cardwell-h035012a-aus-bom,-18.25,
ok,0.0,16.0,0.016,140256.0,2.0,0.2,936.0,0.11,16.5,0.08,4.5,carillon_amont-16033-can-meds,45.57,
ok,0.0,19.33,0.041,169447.0,3.0,0.1,1431.0,-0.15,17.08,0.06,6.8,carillon_aval-16032-can-meds,45.57,
ok,0.0,32.86,0.331,288047.0,4.0,6.7,1723.0,-0.02,6.2,0.27,3.4,carloforte-car-ita-ispra,39.14796944,
ok,0.0,34.54,0.119,302801.0,5.0,31.4,60.0,-0.01,9.03,0.07,1.7,carnarvon-167a-aus-uhslc,-24.898,
ok,0.0,54.16,0.162,474809.0,7.0,30.1,90.0,-0.01,9.7,0.27,1.5,carnarvon-62370-aus-bom,-24.8987,
ok,0.0,25.66,0.426,224999.0,4.0,0.3,2185.0,0.0,23.62,0.12,11.0,carrollton-8761955-usa-noaa,29.9329,
ok,0.0,41.48,0.103,363621.0,6.0,7.6,86.0,0.0,3.45,0.03,2.6,cartagena-265a-col-uhslc,10.383,
ok,0.0,26.25,0.293,230074.0,4.0,7.1,63.0,-0.01,4.66,0.11,1.7,cartagena-265b-col-uhslc,10.39,
ok,0.0,47.0,0.119,412008.0,6.0,98.2,64.0,-0.0,6.72,0.3,2.6,cascais-209a-prt-uhslc,38.692,
ok,0.0,14.15,0.074,124084.0,2.0,111.1,425.0,-0.04,11.71,1.48,2.3,castletownbere-cas-irl-cmems,51.649601,
ok,0.0,14.78,0.055,129554.0,2.0,110.4,173.0,-0.01,11.54,0.84,2.4,castletownbere_port-cas-irl-mi_c,51.6496,
ok,0.0,50.34,0.242,441333.0,7.0,6.2,468.0,-0.01,5.3,0.06,4.3,catania-cat-ita-ispra,37.49808056,
ok,0.0,16.4,0.17,143777.0,2.0,40.6,5.0,0.0,4.61,0.75,1.3,cebu-379a-phl-uhslc,10.3,
ok,0.0,107.58,0.124,943055.0,14.0,32.0,1755.0,-0.02,14.72,0.03,0.8,cedar_key-8727520-usa-noaa,29.135,
ok,0.0,31.08,0.034,272470.0,4.0,29.3,21.0,-0.01,8.99,0.19,2.0,cendering-320a-mys-uhslc,5.265,
ok,0.0,73.83,0.038,647256.0,10.0,30.2,147.0,0.0,6.21,0.05,2.5,ceuta-207a-esp-uhslc,35.9,
ok,0.0,72.0,0.041,631152.0,9.0,30.2,264.0,0.0,6.46,1.48,2.3,ceuta-ceta-esp-ieo,35.89,
ok,0.0,38.35,0.03,336155.0,5.0,41.2,18.0,0.0,4.91,0.08,2.6,chaleix_noumea-16-fra-refmar,-22.291478,
ok,0.0,38.35,0.03,336155.0,5.0,41.2,18.0,0.0,4.91,0.08,2.6,chaleixnoumea_60minute-cha-fra-cmems,-22.291479,
ok,0.0,34.34,0.05,301017.0,5.0,22.9,551.0,-0.01,19.26,0.2,5.3,champlain-3350-can-meds,46.44,
ok,0.0,21.0,0.031,184099.0,3.0,99.5,35.0,-0.0,19.92,0.04,0.9,charchanga-138a-bgd-uhslc,22.217,
ok,0.0,120.66,0.16,1057751.0,15.0,73.2,473.0,0.0,12.78,0.16,1.5,charleston-8665530-usa-noaa,32.780833,
ok,0.0,51.66,0.082,452903.0,7.0,79.0,282.0,-0.0,9.82,0.07,2.6,charleston-9432780-usa-noaa,43.345,
ok,0.0,48.82,0.08,427984.0,7.0,79.0,248.0,-0.01,9.88,0.09,2.6,charleston_or-575a-usa-uhslc,43.345,
ok,0.0,97.25,0.014,852499.0,13.0,73.7,395.0,0.0,12.78,0.36,1.5,charleston_sc-261b-usa-uhslc,32.782,
ok,0.0,40.25,0.106,352847.0,6.0,4.2,16.0,-0.0,2.83,0.05,1.8,charlotte_amalie-255a-usa-uhslc,18.335,
ok,0.0,46.66,0.164,409079.0,6.0,4.2,21.0,-0.0,2.83,0.1,1.8,charlotte_amalie-9751639-usa-noaa,18.347222,
ok,0.0,110.02,0.177,964401.0,14.0,73.0,1098.0,-0.01,16.28,0.27,0.6,charlottetown-1700-can-meds,46.23,
rejected,0.0,27.66,0.61,242519.0,,,,,,,,chatham-8447435-usa-noaa,41.688056,gap 0.61>0.5
ok,0.0,77.58,0.402,680041.0,9.0,186.5,24.0,0.02,13.07,0.04,1.8,cherbourg-13-fra-refmar,49.651447,
ok,0.0,77.51,0.403,679418.0,9.0,186.5,25.0,0.02,13.07,0.04,1.8,cherbourg_60minute-che-fra-cmems,49.651299,
ok,0.0,50.66,0.076,444143.0,7.0,72.5,900.0,-0.03,12.49,0.08,1.6,cherry_point-9449424-usa-noaa,48.8633,
ok,0.0,42.74,0.01,374676.0,6.0,37.8,2454.0,-0.05,14.51,0.07,1.6,chesapeake_bay_bridge_tunnel-8638863-usa-noaa,36.9667,
ok,0.0,41.92,0.004,367492.0,6.0,37.9,2505.0,-0.05,14.46,0.09,1.6,chesapeake_bbt-749a-usa-uhslc,36.967,
ok,0.0,49.66,0.441,435383.0,5.0,41.4,1726.0,-0.05,16.9,0.05,0.9,chesapeake_city-8573927-usa-noaa,39.526667,
ok,0.0,55.0,0.002,482112.0,7.0,49.9,380.0,-0.02,8.3,0.2,1.4,chiba-hd06-jpn-jodc_jcg,35.56805,
ok,0.0,43.75,0.002,383558.0,6.0,28.3,782.0,-0.03,4.54,0.1,3.9,chichijima-047a-jpn-uhslc,27.1,
ok,0.0,52.08,0.132,456576.0,7.0,31.1,7000.0,-0.14,7.13,0.03,1.5,choshigyoko-ma64-jpn-jodc_jma,35.74445,
ok,0.0,15.66,0.052,137327.0,2.0,3.1,23.0,-0.01,2.71,0.11,3.0,christiansted_harbor-9751364-usa-noaa,17.747694,
ok,0.0,16.33,0.106,143184.0,3.0,26.3,5.0,0.0,3.76,0.12,2.5,christmas-011a-kir-uhslc,1.985,
ok,0.0,44.9,0.086,393588.0,6.0,25.3,13.0,-0.0,3.85,0.01,2.9,christmas-011b-aus-uhslc,1.982,
rejected,0.0,32.25,0.554,282757.0,,,,,,,,christmas-170a-kir-uhslc,-10.417,gap 0.554>0.5
ok,0.0,57.16,0.071,501113.0,8.0,155.6,296.0,-0.02,17.11,1.35,1.2,churchill-274a-can-uhslc,58.767,
ok,0.0,81.28,0.083,712470.0,11.0,153.9,456.0,-0.02,17.49,1.62,1.2,churchill-5010-can-meds,58.77,
ok,0.0,44.25,0.107,387896.0,6.0,7.0,11.0,0.0,2.9,0.0,3.2,chuuk-054a-fsm-uhslc,7.45,
ok,0.0,20.56,0.201,180238.0,3.0,7.1,16.0,-0.0,3.08,0.05,3.1,chuuk-1840000-usa-noaa,7.44667,
rejected,0.0,20.0,0.589,175320.0,,,,,,,,cilacap-162a-idn-uhslc,-7.752,gap 0.589>0.5
ok,0.0,35.0,0.427,306792.0,5.0,7.7,111.0,-0.0,8.26,0.03,2.2,ciudad_del_carmen-403-mex-unam,18.63666667,
ok,0.0,23.0,0.269,201594.0,3.0,7.7,77.0,-0.01,8.33,0.02,2.1,ciudad_del_carmen-779a-mex-uhslc,18.533,
ok,0.0,48.35,0.343,423858.0,6.0,12.2,492.0,0.01,7.78,0.38,2.8,civitavecchia-civ-ita-ispra,42.09395833,
ok,0.0,23.0,0.031,201624.0,3.0,24.0,72.0,-0.0,10.45,0.15,1.0,clearwater_bch_fl-773a-usa-uhslc,27.977,
ok,0.0,25.66,0.032,225000.0,4.0,24.0,74.0,0.0,10.4,0.08,0.9,clearwater_beach-8726724-usa-noaa,27.978306,
ok,0.0,51.58,0.004,452188.0,7.0,0.6,124.0,-0.0,5.57,0.02,1.6,cleveland_oh-9063063-usa-noaa,41.54086,
ok,0.0,34.04,0.014,298386.0,5.0,61.5,21.0,0.0,8.16,0.2,2.7,clump_point-59168-aus-bom,-17.8515,
ok,0.0,14.58,0.057,127823.0,2.0,2.5,607.0,0.02,14.66,0.12,1.2,coast_guard_sector_mobile-8736897-usa-noaa,30.648306,
ok,0.0,47.42,0.403,415680.0,6.0,7.4,178.0,0.01,7.46,0.18,3.1,coatzacoalcos-405-mex-unam,18.14333333,
ok,0.0,59.28,0.004,519654.0,8.0,0.2,499.0,-0.0,2.81,0.0,5.7,cobourg_ontario-13590-can-meds,43.96,
ok,0.0,33.05,0.046,289769.0,5.0,30.8,16.0,-0.0,3.69,0.05,9.6,cocos-171a-aus-uhslc,-12.117,
ok,0.0,23.22,0.099,203551.0,3.0,54.2,141.0,-0.0,7.63,0.08,2.8,coffs_harbour-205470-aus-bom,-30.30285837,
rejected,0.0,123.99,0.869,1086952.0,,,,,,,,colijnsplaat-colpt-nld-rws,51.60088,gap 0.869>0.5
ok,0.0,59.45,0.006,521119.0,8.0,1.2,369.0,0.0,7.5,0.03,1.0,collingwood_ontario-11500-can-meds,44.51,
ok,0.0,38.63,0.142,338611.0,5.0,24.2,8938.0,0.02,14.81,0.1,1.3,colonial_beach-8635150-usa-noaa,38.2517,
ok,0.0,21.51,0.013,188570.0,3.0,148.5,203.0,-0.03,11.06,0.13,2.5,concarneau-160-fra-refmar,47.873549,
ok,0.0,21.26,0.014,186362.0,3.0,148.5,192.0,-0.02,11.03,0.1,2.5,concarneau_60minute-con-fra-cmems,47.873798,
ok,0.0,22.66,0.095,198695.0,3.0,57.9,41.0,-0.01,12.23,0.13,0.9,conimicut_light-8452944-usa-noaa,41.716667,
ok,0.0,27.85,0.111,244191.0,4.0,0.6,8355.0,-0.19,19.84,0.07,5.8,contrecoeur-15790-can-meds,45.86,
ok,0.0,28.24,0.053,247608.0,4.0,0.7,5926.0,-0.09,19.05,0.09,6.1,contrecoeur_ioc-15780-can-meds,45.83,
ok,0.0,44.08,0.326,386424.0,6.0,52.5,25.0,0.01,7.27,0.0,2.9,cooktown-58940-aus-bom,-15.4667,
ok,0.0,19.0,0.018,166536.0,3.0,52.9,11.0,0.0,7.02,0.13,3.2,cooktown-h066003a-aus-bom,-15.45,
ok,0.0,35.0,0.056,306815.0,5.0,189.7,8.0,0.01,19.32,0.73,1.5,cordemais-397-fra-refmar,47.277217,
ok,0.0,34.49,0.072,302395.0,5.0,189.7,10.0,0.0,19.32,1.15,1.5,cordemais_60minute-cor-fra-cmems,47.277222,
ok,0.0,43.58,0.028,382031.0,6.0,143.8,114.0,-0.01,13.36,0.08,2.2,cordova-9454050-usa-noaa,60.5583,
ok,0.0,54.67,0.112,479222.0,7.0,142.2,141.0,-0.01,13.82,0.21,2.1,cordova_alaska-583b-usa-uhslc,60.558,
ok,0.0,59.36,0.013,520398.0,8.0,0.1,2266.0,0.0,6.21,0.03,3.9,cornwall_ontario-14870-can-meds,45.01,
ok,0.0,35.08,0.041,307557.0,5.0,7.8,100.0,0.0,9.84,0.01,2.2,corpus_cristi_tx-770a-usa-uhslc,27.58,
ok,0.0,28.59,0.029,250603.0,4.0,118.2,2599.0,-0.05,8.54,0.02,2.4,coruna-cor-esp-cmems,43.356998,
ok,0.0,73.0,0.032,639912.0,10.0,117.3,73.0,-0.01,11.05,10.34,1.7,coruna-coru-esp-ieo,43.3683,
ok,0.0,35.82,0.025,314028.0,5.0,0.1,4442.0,0.01,12.56,0.03,4.2,cote_ste_catherine-15450-can-meds,45.41,
ok,0.0,35.6,0.02,312083.0,5.0,0.0,5037.0,0.08,10.67,0.01,2.7,coteau_du_lac-15140-can-meds,45.3,
ok,0.0,37.02,0.066,324516.0,5.0,0.1,2841.0,-0.0,3.43,0.01,1.8,coteau_landing-15110-can-meds,45.25,
ok,0.0,24.0,0.133,210377.0,3.0,93.0,18.0,0.0,20.57,3.96,1.0,coxs_bazaar-136a-bgd-uhslc,21.45,
ok,0.0,23.08,0.045,202368.0,3.0,145.0,157.0,-0.03,37.75,1.99,1.3,cranz-76-deu-wsv,53.535846,
ok,0.0,88.66,0.079,777239.0,12.0,71.2,146.0,-0.0,9.94,0.12,2.2,crescent_city-9419750-usa-noaa,41.74561,
ok,0.0,85.72,0.083,751451.0,11.0,71.3,81.0,-0.01,9.7,0.08,2.3,crescent_city_ca-556a-usa-uhslc,41.745,
ok,0.0,110.75,0.073,970818.0,14.0,8.0,138.0,-0.0,3.44,0.14,2.6,cristobal-266a-pan-uhslc,9.355,
ok,0.0,48.58,0.428,425856.0,5.0,157.8,942.0,-0.01,21.26,0.46,0.5,cromer-cro-gbr-bodc,52.934194,
ok,0.0,31.08,0.081,272494.0,4.0,157.1,1294.0,0.02,20.57,0.41,0.6,cromer-cro-gbr-cmems,52.9333,
ok,0.0,27.97,0.092,245174.0,4.0,45.7,475.0,-0.02,7.54,0.07,2.5,crookhaven_heads-215408-aus-bom,-34.9066,
ok,0.0,30.19,0.178,264691.0,4.0,6.2,581.0,-0.1,6.06,0.02,4.5,crotone-cro-ita-ispra,39.08358056,
ok,0.0,67.0,0.278,587304.0,8.0,64.8,59.0,0.0,4.72,0.11,2.0,cruz-cruz-esp-ieo,28.6722,
ok,0.0,16.66,0.264,146087.0,3.0,9.9,6.0,0.0,2.66,0.03,2.1,culebra-9752235-usa-noaa,18.300861,
rejected,0.0,113.9,0.738,998440.0,,,,,,,,culemborg_brug-culbbg-nld-rws,51.961354,gap 0.738>0.5
ok,0.0,31.86,0.091,279303.0,4.0,187.6,128.0,-0.0,11.33,0.13,0.8,cutler_naval_base-8411250-usa-noaa,44.6417,
ok,0.0,101.0,0.0,885423.0,13.0,131.4,927.0,-0.05,34.27,0.78,1.5,cuxhaven-825a-deu-uhslc,53.867,
ok,0.0,23.0,0.002,201649.0,3.0,137.0,173.0,-0.04,33.41,0.1,1.4,cuxhaven_steubenhoft-77-deu-wsv,53.867696,
ok,0.0,103.25,0.104,905136.0,12.0,131.3,1004.0,-0.05,32.53,0.12,1.5,cuxhaven_steubenhoft-cux-deu-bfg,53.867699,
ok,0.0,26.8,0.208,234909.0,4.0,46.0,86.0,-0.01,4.5,0.39,2.4,dakar-223e-sen-uhslc,14.677,
rejected,0.0,27.75,0.527,243269.0,,,,,,,,dalhousie-2165-can-meds,48.07,gap 0.527>0.5
ok,0.0,16.0,0.015,140244.0,2.0,97.1,1890.0,0.29,17.84,1.09,0.7,dalian-630a-chn-uhslc,38.925,
rejected,0.0,26.66,0.647,233759.0,,,,,,,,dames_point-8720219-usa-noaa,30.387222,gap 0.647>0.5
ok,0.0,35.0,0.016,306816.0,5.0,183.7,4.0,0.0,8.87,0.29,0.4,darwin-168a-aus-uhslc,-12.472,
ok,0.0,61.0,0.068,534735.0,8.0,183.7,40.0,-0.0,10.67,0.2,0.3,darwin-63230-aus-bom,-12.4718,
ok,0.0,15.89,0.228,139271.0,2.0,0.7,535.0,-0.0,14.31,0.05,3.5,daugavgriva-dau-lva-cmems,57.049999,
ok,0.0,40.66,0.125,356471.0,6.0,1.5,1254.0,-0.02,10.13,0.07,1.6,dauphin_island-8735180-usa-noaa,30.25,
ok,0.0,37.75,0.122,330941.0,5.0,1.5,1219.0,-0.03,10.06,0.01,1.6,dauphin_island_al-763a-usa-uhslc,30.25,
ok,0.0,21.0,0.28,184080.0,3.0,53.6,43.0,-0.0,5.91,0.0,0.5,davao-372b-phl-uhslc,7.153,
ok,0.0,16.77,0.063,147000.0,3.0,20.2,1626.0,-0.09,9.09,0.18,1.3,davis-173a-aus-uhslc,-68.45,
ok,0.0,44.58,0.022,390820.0,6.0,1.3,360.0,0.0,4.33,0.0,1.4,de_tour_village_mi-9075099-usa-noaa,45.9925,
ok,0.0,15.16,0.046,132912.0,2.0,203.2,104.0,-0.02,18.34,0.41,0.6,deal_pier-dlp-gbr-cco,51.22378,
ok,0.0,25.19,0.0,220848.0,4.0,9.4,1393.0,-0.11,17.1,0.52,2.1,deeneplaat-deenpt-nld-rws,51.739616,
ok,0.0,49.96,0.015,437960.0,7.0,0.8,950.0,-0.01,8.35,0.03,7.3,degerby-deg-fin-cmems,60.031898,
rejected,0.0,28.49,0.571,249778.0,,,,,,,,degrad_des_cannes-241-fra-refmar,4.85291667,gap 0.571>0.5
rejected,0.0,28.49,0.571,249778.0,,,,,,,,degraddescannes_60minute-deg-fra-cmems,4.8529201,gap 0.571>0.5
ok,0.0,20.66,0.076,181151.0,3.0,78.6,213.0,0.03,18.67,0.21,1.0,delaware_city-8551762-usa-noaa,39.5817,
ok,0.0,139.68,0.439,1224456.0,18.0,121.8,249.0,-0.03,31.54,0.97,1.2,delfzijl-delfzl-nld-rws,53.326353,
ok,0.0,18.0,0.119,157825.0,3.0,24.3,90.0,0.03,11.4,0.49,2.5,delta_cross_channel_btw_sac_and_snodgrass-dlc-usa-cdwr,38.245,
ok,0.0,86.68,0.316,759888.0,11.0,61.1,330.0,-0.04,24.65,0.35,1.3,den_helder-denhdr-nld-rws,52.964357,
rejected,0.0,97.68,0.5,856295.0,,,,,,,,den_oever_buiten-denovbtn-nld-rws,52.931535,gap 0.5>0.5
rejected,0.0,34.61,0.503,303422.0,,,,,,,,derby-dydby01-aus-bom,-17.292252,gap 0.503>0.5
ok,0.0,59.33,0.037,520074.0,8.0,65.7,313.0,-0.0,21.06,0.29,3.3,deschaillons-3335-can-meds,46.56,
ok,0.0,54.57,0.456,478415.0,6.0,111.9,13.0,0.01,13.74,0.12,0.8,devonport-60930-aus-bom,-41.15,
ok,0.0,34.58,0.189,303144.0,5.0,167.6,123.0,-0.0,13.09,0.02,1.6,devonport-dev-gbr-bodc,50.368389,
ok,0.0,30.0,0.082,262968.0,4.0,169.3,11.0,-0.0,19.44,0.14,0.9,devonport-dev-gbr-da_idh,50.368389,
ok,0.0,15.35,0.108,134556.0,2.0,49.5,4.0,-0.0,3.14,0.17,4.3,diego_garcia-104d-gbr-uhslc,-7.29,
ok,0.0,67.0,0.269,587330.0,9.0,308.0,3.0,0.0,18.96,0.23,1.0,dieppe-24-fra-refmar,49.92917,
ok,0.0,66.75,0.27,585121.0,9.0,308.2,7.0,0.0,18.97,0.55,1.0,dieppe_60minute-die-fra-cmems,49.93,
rejected,0.0,36.17,0.546,317094.0,,,,,,,,dintelsas-dintss-nld-rws,51.659152,gap 0.546>0.5
ok,0.0,19.61,0.061,171873.0,3.0,30.4,20.0,0.0,8.61,0.21,2.1,discovery_bay_at_discovery_bay_blv-dbd-usa-cdwr,37.8928,
ok,0.0,19.61,0.079,171872.0,3.0,29.9,18.0,-0.01,8.5,0.17,2.2,discovery_bay_at_indian_slough-dbi-usa-cdwr,37.91765,
ok,0.0,28.51,0.111,249943.0,4.0,182.8,27.0,-0.0,14.85,0.11,2.0,donges-396-fra-refmar,47.305667,
ok,0.0,28.51,0.112,249943.0,4.0,182.7,26.0,-0.01,14.85,0.11,2.0,donges_60minute-don-fra-cmems,47.305672,
ok,0.0,23.0,0.0,201616.0,3.0,18.4,135.0,0.01,9.49,0.27,1.0,dongfang-637a-chn-uhslc,19.1,
ok,0.0,78.68,0.263,689760.0,10.0,84.9,250.0,-0.01,18.52,0.45,1.8,dordrecht-dordt-nld-rws,51.819523,
ok,0.0,22.67,0.05,198731.0,3.0,15.4,22.0,0.01,11.53,0.85,3.0,doughty_cut_above_grant_line_canal-dgl-usa-cdwr,37.815,
ok,0.0,97.58,0.405,855408.0,10.0,222.3,121.0,-0.0,19.48,0.4,0.6,dover-dov-gbr-bodc,51.114389,
ok,0.0,31.08,0.135,272494.0,4.0,224.0,68.0,-0.02,30.64,0.35,0.8,dover-dov-gbr-cmems,51.116699,
ok,0.0,71.64,0.045,627973.0,9.0,0.6,14607.0,0.01,10.04,0.05,5.0,draghallan-2062-swe-smhi,62.3333,
ok,0.0,71.64,0.045,627973.0,9.0,0.6,14607.0,0.01,10.04,0.05,5.0,draghallan-dra-swe-cmems,62.333302,
ok,0.0,28.75,0.061,252070.0,4.0,3.2,1659.0,0.02,14.64,0.04,1.8,drogden-dro-dnk-cmems,55.535801,
ok,0.0,51.58,0.017,452188.0,7.0,0.5,221.0,-0.01,6.1,0.01,1.5,dry_dock_mi-9014087-usa-noaa,42.945278,
ok,0.0,21.14,0.331,185342.0,3.0,135.6,115.0,0.04,28.16,0.34,3.7,dublin_port-dub-irl-mi_c,53.3457,
ok,0.0,13.87,0.036,121596.0,2.0,135.8,95.0,-0.03,23.74,0.36,3.4,dublinport-dub-irl-cmems,53.345699,
ok,0.0,43.58,0.024,382031.0,6.0,47.9,670.0,-0.0,14.26,0.05,1.6,duck-8651370-usa-noaa,36.183306,
ok,0.0,40.58,0.011,355771.0,6.0,47.9,697.0,-0.0,14.18,0.09,1.6,duck_pier_nc-260a-usa-uhslc,36.183,
ok,0.0,51.58,0.001,452189.0,7.0,1.9,47.0,-0.0,5.51,0.01,0.8,duluth_mn-9099064-usa-noaa,46.77575,
rejected,0.0,65.58,0.798,574905.0,,,,,,,,dumontdurville_60minute-dum-fra-cmems,-66.661667,gap 0.798>0.5
ok,0.0,64.57,0.193,566018.0,9.0,210.9,65.0,0.01,20.81,0.05,0.8,dunkerque-2-fra-refmar,51.048091,
ok,0.0,64.32,0.195,563810.0,9.0,210.9,65.0,0.01,20.82,0.04,0.8,dunkerque_60minute-dun-fra-cmems,51.048199,
ok,0.0,57.59,0.037,504796.0,8.0,0.7,276.0,-0.0,6.94,0.01,1.0,dunn_paper_mi-9014096-usa-noaa,43.0033,
ok,0.0,48.25,0.331,422976.0,7.0,55.8,78.0,0.02,7.81,0.14,2.7,durban-181a-zaf-uhslc,-29.867,
ok,0.0,37.0,0.024,324325.0,5.0,26.9,1121.0,-0.03,11.84,0.0,2.4,dutch_harbor_ak-041b-usa-uhslc,53.88,
ok,0.0,18.0,0.109,157824.0,3.0,27.8,71.0,-0.03,11.47,0.44,3.8,dutch_slough_at_jersey_island-dsj-usa-cdwr,38.013,
ok,0.0,25.64,0.0,224808.0,4.0,150.4,126.0,-0.02,31.4,1.44,1.3,dwarsgat-4100-deu-wsv,53.718652,
rejected,0.0,55.21,0.726,483955.0,,,,,,,,dzaoudzi-155a-fra-uhslc,-12.782,gap 0.726>0.5
rejected,0.0,55.88,0.717,489847.0,,,,,,,,dzaoudzi-30-fra-refmar,-12.782044,gap 0.717>0.5
ok,0.0,28.66,0.041,251279.0,4.0,3.2,2448.0,0.03,14.74,0.01,1.5,eagle_point-8771013-usa-noaa,29.48,
ok,0.0,51.61,0.419,452448.0,7.0,51.2,398.0,-0.02,10.95,0.01,1.6,east_london-187a-zaf-uhslc,-33.017,
ok,0.0,48.75,0.15,427337.0,7.0,20.0,125.0,-0.01,5.6,0.2,1.9,easter-022c-chl-uhslc,-27.155,
ok,0.0,92.66,0.078,812303.0,12.0,262.9,166.0,-0.0,13.67,0.15,0.6,eastport-8410140-usa-noaa,44.904598,
ok,0.0,89.3,0.063,782827.0,12.0,262.9,103.0,-0.0,13.96,0.69,0.6,eastport_me-740a-usa-uhslc,44.903,
ok,0.0,62.16,0.396,544876.0,7.0,40.1,1444.0,-0.0,9.64,0.02,2.0,eden-60530-aus-bom,-37.0712,
ok,0.0,39.69,0.0,347944.0,6.0,118.7,504.0,-0.06,29.64,1.37,1.3,eemshaven-eemshvn-nld-rws,53.448699,
ok,0.0,30.66,0.469,268823.0,3.0,124.4,759.0,-0.03,11.85,0.11,2.4,elfin_cove-9452634-usa-noaa,58.19472,
ok,0.0,16.7,0.024,146409.0,3.0,59.3,35.0,0.0,3.6,0.13,3.1,elhierro-elh-esp-cmems,27.780001,
ok,0.0,16.19,0.003,141949.0,3.0,54.9,15.0,0.0,25.38,0.71,0.9,elmshorn-78-deu-wsv,53.750153,
ok,0.0,25.16,0.0,220608.0,4.0,162.5,55.0,-0.02,32.05,1.16,1.2,elsfleth-4102-deu-wsv,53.263955,
ok,0.0,20.69,0.026,181358.0,3.0,34.2,1.0,-0.0,5.38,0.0,0.7,enewetok-006a-mhl-uhslc,11.43,
ok,0.0,36.0,0.181,315576.0,5.0,48.6,8.0,-0.0,5.01,0.08,1.7,ensenada-317-mex-unam,31.855,
ok,0.0,34.94,0.156,306279.0,5.0,48.6,8.0,-0.0,5.01,0.08,1.7,ensenada-317a-mex-uhslc,31.85,
ok,0.0,51.5,0.047,451444.0,7.0,1.2,161.0,-0.01,8.32,0.04,1.0,erie_lake_erie_pa-9063038-usa-noaa,42.1539,
ok,0.0,59.45,0.012,521118.0,8.0,0.7,76.0,0.0,4.42,0.02,2.0,erieau_ontario-12250-can-meds,42.26,
ok,0.0,37.0,0.031,324336.0,5.0,5.8,10218.0,-0.23,8.46,0.04,1.6,esashiko-0140-jpn-jodc_pahb,41.87055,
ok,0.0,70.0,0.037,613609.0,9.0,65.9,2735.0,-0.08,32.76,0.5,1.8,esbjerg-esb-dnk-dmi,55.4667,
ok,0.0,23.0,0.068,201619.0,3.0,111.8,25.0,-0.01,6.85,0.43,1.2,esmeraldas-098a-ecu-uhslc,0.992,
ok,0.0,34.0,0.017,298032.0,5.0,10.5,643.0,-0.02,12.2,0.03,1.6,esperance-176a-aus-uhslc,-33.87,
ok,0.0,54.06,0.019,473870.0,7.0,10.4,784.0,-0.01,12.26,0.03,1.5,esperance-62080-aus-bom,-33.8709,
ok,0.0,16.66,0.165,146087.0,3.0,2.8,8.0,-0.0,2.58,0.09,2.0,esperanza-9752695-usa-noaa,18.093889,
ok,0.0,16.91,0.103,148285.0,3.0,1.1,345.0,0.04,10.37,0.09,0.7,essexville_mi-9075034-usa-noaa,43.6417,
ok,0.0,44.58,0.017,390820.0,6.0,1.2,1094.0,0.04,10.33,0.05,0.6,essexville_mi-9075035-usa-noaa,43.6404,
rejected,0.0,38.56,0.588,338051.0,,,,,,,,estuaire_de_la_saint_charles-3246-can-meds,46.82,gap 0.588>0.5
ok,0.0,17.19,0.0,150673.0,3.0,74.1,449.0,-0.05,19.76,0.6,0.9,euro_platform-eurpfm-nld-rws,51.998611,
ok,0.0,30.08,0.17,263727.0,4.0,57.0,122.0,-0.01,7.1,0.1,2.1,exmouth-62435-aus-bom,-21.9549,
ok,0.0,21.74,0.072,190632.0,3.0,66.6,41.0,-0.0,28.8,0.64,2.2,fahrenholz_up-79-deu-wsv,53.360323,
ok,0.0,46.58,0.023,408364.0,6.0,0.3,69.0,-0.0,3.93,0.01,2.9,fairport_oh-9063053-usa-noaa,41.75975,
ok,0.0,22.66,0.063,198695.0,3.0,59.6,28.0,-0.01,12.06,0.05,0.8,fall_river-8447386-usa-noaa,41.704306,
ok,0.0,13.89,0.012,121787.0,2.0,28.3,44.0,0.0,8.34,1.16,2.0,false_river_near_oakley-fal-usa-cdwr,38.0558,
ok,0.0,14.68,0.045,128734.0,2.0,12.4,71.0,-0.01,3.44,0.13,2.4,fanning-012b-kir-uhslc,3.907,
ok,0.0,59.21,0.229,519072.0,7.0,20.1,847.0,-0.02,12.23,0.17,2.0,faraday-700a-ata-uhslc,-65.25,
ok,0.0,25.16,0.0,220608.0,4.0,160.7,57.0,-0.01,31.52,0.84,1.2,farge-4104-deu-wsv,53.204718,
ok,0.0,30.0,0.23,262968.0,4.0,125.5,333.0,-0.0,21.47,0.06,0.5,felixstowe-fel-gbr-bodc,51.95769444,
ok,0.0,21.09,0.085,184872.0,3.0,125.2,240.0,0.01,20.7,0.09,0.5,felixstowe-fel-gbr-cmems,51.966702,
ok,0.0,51.58,0.018,452188.0,7.0,2.5,470.0,0.02,14.32,0.13,0.6,fermi_power_plant_mi-9063090-usa-noaa,41.96,
rejected,0.0,121.65,0.521,1066362.0,,,,,,,,fernandina_beach-240a-usa-uhslc,30.672,gap 0.521>0.5
ok,0.0,124.66,0.146,1092791.0,15.0,84.0,304.0,-0.01,14.88,0.09,1.5,fernandina_beach-8720030-usa-noaa,30.671389,
ok,0.0,14.08,0.034,123475.0,2.0,118.4,1557.0,-0.09,8.74,0.1,2.3,ferrol-fer-esp-cmems,43.463001,
ok,0.0,14.08,0.011,123475.0,2.0,120.6,1132.0,-0.07,8.65,0.12,2.3,ferrol2-fer-esp-cmems,43.4762,
ok,0.0,21.3,0.393,186757.0,3.0,123.6,13.0,-0.01,9.18,0.09,1.7,fishermans_landing-h052003b-aus-bom,-23.78,
ok,0.0,58.58,0.144,513528.0,8.0,136.3,376.0,-0.01,13.4,0.2,1.9,fishguard-fis-gbr-bodc,52.013222,
ok,0.0,31.08,0.06,272494.0,4.0,136.1,463.0,-0.02,13.34,0.38,2.2,fishguard-fis-gbr-cmems,52.016701,
ok,0.0,33.37,0.421,292584.0,5.0,38.3,301.0,-0.02,7.27,0.28,2.6,flores_santa_cruz-210a-prt-uhslc,39.453,
ok,0.0,50.31,0.0,441000.0,7.0,0.8,967.0,-0.01,8.35,0.02,7.3,foglo_degerby-134252-fin-fmi,60.03,
ok,0.0,45.69,0.0,400529.0,6.0,0.5,5540.0,-0.06,9.82,0.02,5.4,forsmark-2179-swe-smhi,60.4086,
ok,0.0,45.36,0.0,397680.0,6.0,0.5,4272.0,-0.06,9.87,0.02,5.4,forsmark-for-swe-cmems,60.4086,
ok,0.0,33.84,0.15,296679.0,5.0,43.8,90.0,0.01,7.1,0.15,2.8,forster-209402-aus-bom,-32.17398888,
rejected,0.0,44.17,0.586,387213.0,,,,,,,,fort_de_france-126-fra-refmar,14.601867,gap 0.586>0.5
rejected,0.0,42.17,0.618,369668.0,,,,,,,,fort_de_france-271a-fra-uhslc,14.602,gap 0.618>0.5
ok,0.0,54.0,0.044,473351.0,7.0,51.3,663.0,-0.01,7.19,0.11,2.6,fort_denison-333a-aus-uhslc,-33.855,
ok,0.0,51.58,0.055,452188.0,7.0,0.5,699.0,-0.01,7.91,0.03,0.8,fort_gratiot_mi-9014098-usa-noaa,43.0069,
ok,0.0,43.99,0.042,385680.0,6.0,67.9,330.0,-0.01,16.81,0.48,1.0,fort_hamilton_new_york_1-8517942-usa-da_sat,40.60666667,
ok,0.0,52.66,0.058,461663.0,7.0,8.6,4667.0,-0.04,10.23,0.08,1.2,fort_myers-8725520-usa-noaa,26.648,
ok,0.0,16.82,0.13,147426.0,3.0,130.7,204.0,-0.03,11.18,0.27,1.1,fort_point-8423898-usa-noaa,43.071388,
ok,0.0,86.66,0.05,759719.0,11.0,99.5,144.0,0.01,14.74,0.35,1.3,fort_pulaski-8670870-usa-noaa,32.0367,
ok,0.0,83.5,0.042,731995.0,11.0,99.5,132.0,0.0,14.7,0.11,1.3,fort_pulaski_ga-752a-usa-uhslc,32.033,
ok,0.0,51.58,0.004,452188.0,7.0,0.6,771.0,0.01,6.64,0.03,2.2,fort_wayne_mi-9044036-usa-noaa,42.2983,
rejected,0.0,43.92,0.595,385005.0,,,,,,,,fortdefrance_60minute-for-fra-cmems,14.601,gap 0.595>0.5
ok,0.0,17.26,0.044,151344.0,3.0,41.1,47.0,-0.02,11.33,0.28,1.1,forteau_bay-2590-can-meds,51.45,
ok,0.0,14.92,0.31,130764.0,2.0,6.8,68.0,0.0,7.9,0.01,2.5,fos_sur_mer-719-fra-refmar,43.404935,
ok,0.0,15.96,0.012,139904.0,2.0,13.9,1538.0,-0.01,14.49,0.13,0.6,fredericia-fre-dnk-cmems,55.5667,
ok,0.0,15.96,0.014,139904.0,2.0,14.1,687.0,-0.02,16.3,0.14,1.9,frederikshavn-fre-dnk-cmems,57.4333,
ok,0.0,54.21,0.031,475238.0,7.0,9.7,335.0,0.01,12.31,0.02,1.7,freeport-8772440-usa-noaa,28.9483,
ok,0.0,14.39,0.059,126135.0,2.0,9.5,86.0,0.01,12.34,0.01,1.8,freeport-8772447-usa-noaa,28.943306,
ok,0.0,31.58,0.004,276832.0,4.0,5.2,442.0,-0.02,11.74,0.03,1.7,fremantle-175a-aus-uhslc,-32.05,
ok,0.0,122.97,0.085,1077958.0,16.0,4.0,1585.0,-0.02,11.88,0.08,1.6,fremantle-62230-aus-bom,-32.0558,
ok,0.0,32.67,0.053,286403.0,5.0,9.4,45.0,-0.0,3.81,0.27,3.7,french_frigate-014a-usa-uhslc,23.868,
ok,0.0,16.66,0.17,146087.0,3.0,13.2,55.0,0.01,16.92,0.03,1.1,freshwater_canal_locks-8766072-usa-noaa,29.551694,
ok,0.0,87.66,0.037,768479.0,11.0,55.9,1376.0,-0.03,10.68,0.04,2.2,friday_harbor-9449880-usa-noaa,48.545306,
ok,0.0,17.08,0.021,149784.0,3.0,80.8,33.0,-0.0,3.44,0.09,2.3,fuerteventura-fue-esp-cmems,28.5,
ok,0.0,48.0,0.017,420768.0,7.0,5.3,21737.0,-0.21,7.61,0.02,1.7,fukaura-ma57-jpn-jodc_jma,40.64721667,
ok,0.0,55.0,0.042,482112.0,7.0,79.1,142.0,-0.0,5.97,0.15,2.1,fukue-ma50-jpn-jodc_jma,32.69611667,
ok,0.0,39.68,0.011,347826.0,6.0,58.6,356.0,-0.02,11.04,0.33,2.1,fulford_harbour_bc-7330-can-meds,48.77,
ok,0.0,22.2,0.028,194660.0,3.0,55.8,0.0,0.0,3.57,0.24,4.0,funafuti-025a-tuv-uhslc,-8.525,
ok,0.0,25.77,0.031,225935.0,4.0,57.7,7.0,0.0,2.9,0.22,4.4,funafuti-025b-tuv-uhslc,-8.503,
ok,0.0,26.77,0.039,234695.0,4.0,57.7,5.0,0.0,2.9,0.27,4.4,funafuti-67440-tuv-bom,-8.5025,
ok,0.0,37.23,0.242,326423.0,5.0,72.1,58.0,-0.01,5.38,0.02,2.0,funchal-218b-prt-uhslc,32.643,
ok,0.0,105.29,0.003,922945.0,14.0,0.0,87410.0,0.07,13.62,0.06,3.1,furuogrund-2055-swe-smhi,64.9158,
ok,0.0,104.96,0.003,920096.0,14.0,0.0,78605.0,0.08,13.71,0.07,3.1,furuogrund-fur-swe-cmems,64.915802,
ok,0.0,19.0,0.007,166536.0,3.0,6.0,3102.0,-0.02,6.9,0.03,1.6,fushikitoyamako-0107-jpn-jodc_pahb,36.77525,
ok,0.0,15.96,0.131,139904.0,2.0,4.5,4755.0,0.01,19.53,0.14,1.1,fynshav-fyn-dnk-cmems,55.0,
ok,0.0,53.59,0.429,469781.0,7.0,13.0,12.0,0.01,4.11,0.19,4.1,galets_60minute-gal-fra-cmems,-20.92,
ok,0.0,20.66,0.146,181151.0,3.0,11.2,258.0,0.0,13.36,0.08,1.6,galveston_bay_entrance-8771341-usa-noaa,29.3573,
ok,0.0,115.0,0.033,1008090.0,15.0,8.8,3978.0,0.01,13.03,0.15,1.6,galveston_pier_21-775a-usa-uhslc,29.31,
ok,0.0,117.66,0.022,1031471.0,15.0,8.8,4032.0,0.01,13.05,0.06,1.6,galveston_pier_21-8771450-usa-noaa,29.31,
ok,0.0,54.55,0.117,478169.0,7.0,13.3,434.0,0.01,14.23,0.02,1.5,galveston_pleasure_pier-8771510-usa-noaa,29.2853,
ok,0.0,53.91,0.034,472596.0,7.0,13.3,445.0,0.01,14.21,0.01,1.5,galveston_ppier-767a-usa-uhslc,29.287,
ok,0.0,14.51,0.048,127174.0,2.0,153.2,17.0,-0.01,14.01,0.74,1.8,galway_port-gal-irl-mi_c,53.269,
ok,973.0,13.88,0.052,121704.0,2.0,154.5,18.0,0.13,24.29,0.82,4.3,galwayport-gal-irl-cmems,53.269001,
ok,0.0,20.58,0.037,180422.0,3.0,0.1,5086.0,-0.0,2.19,0.01,9.5,gamebridge_ontario-16500-can-meds,44.47,
ok,0.0,31.83,0.063,279014.0,4.0,30.0,15.0,0.0,3.03,0.07,3.2,gan-109a-mdv-uhslc,-0.687,
ok,0.0,13.57,0.017,118996.0,2.0,1.6,1021.0,-0.02,6.48,0.01,3.1,gandia-gan-esp-cmems,38.994999,
rejected,0.0,51.66,0.534,452903.0,,,,,,,,garibaldi-9437540-usa-noaa,45.55453,gap 0.534>0.5
ok,0.0,17.83,0.052,156324.0,3.0,0.1,3108.0,-0.08,16.45,0.11,5.9,gatineau-16105-can-meds,45.43,
ok,0.0,121.33,0.04,1063589.0,16.0,3.6,31108.0,-0.05,19.31,0.07,1.5,gedser-837a-dnk-uhslc,54.567,
error,,,,,,,,,,,,gedser-ged-dnk-cmems,,GZipCodec failed: invalid code lengths set
ok,0.0,128.33,0.045,1124944.0,17.0,3.5,30148.0,-0.04,19.4,0.15,1.5,gedser-ged-dnk-dmi,54.566666,
ok,0.0,54.33,0.151,476279.0,7.0,27.2,75.0,0.01,11.07,0.3,1.9,geelong-60770-aus-bom,-38.1467,
ok,0.0,23.35,0.164,204727.0,3.0,8.4,733.0,-0.02,6.5,0.03,3.1,genova-gen-ita-ispra,44.41012778,
ok,0.0,32.47,0.113,284663.0,5.0,110.7,18.0,-0.01,12.44,0.7,1.0,georgetown-60950-aus-bom,-41.11,
ok,0.0,38.55,0.042,337977.0,5.0,29.8,213.0,0.01,8.9,0.42,3.0,georgiana_slough_at_mokelumne_r-gsm-usa-cdwr,38.12953,
ok,0.0,18.0,0.114,157777.0,3.0,21.4,177.0,0.04,16.83,0.7,5.9,georgiana_slough_at_sacramento_river-gss-usa-cdwr,38.237,
ok,0.0,56.17,0.041,492384.0,8.0,7.2,620.0,-0.01,11.66,0.08,1.4,geraldton-62290-aus-bom,-28.776,
ok,0.0,29.04,0.008,254589.0,4.0,15.7,24.0,0.0,10.33,0.13,2.3,geting-326a-mys-uhslc,6.227,
ok,0.0,13.8,0.088,120967.0,2.0,75.0,43.0,-0.01,23.36,0.63,1.1,geulhaven-geulhvn-nld-rws,51.888623,
ok,0.0,52.89,0.375,463631.0,6.0,30.2,49.0,0.0,6.47,0.04,2.5,gibraltar-289a-gbr-uhslc,36.133,
ok,0.0,51.58,0.003,452188.0,7.0,2.4,276.0,0.01,12.64,0.11,0.6,gibraltar_mi-9044020-usa-noaa,42.091694,
ok,0.0,25.59,0.018,224358.0,4.0,129.2,1306.0,-0.02,8.97,0.26,2.4,gijon-gij-esp-cmems,43.557999,
ok,0.0,41.98,0.042,368058.0,6.0,119.5,18.0,0.0,8.52,0.25,1.9,gladstone-59750-aus-bom,-23.8333,
ok,0.0,27.71,0.059,242947.0,4.0,34.5,769.0,-0.02,13.74,0.08,1.7,gloucester_point-8637624-usa-noaa,37.2467,
ok,0.0,23.0,0.001,201648.0,3.0,120.9,229.0,-0.06,36.12,0.15,1.4,gluckstadt-80-deu-wsv,53.784369,
ok,0.0,15.0,0.035,131472.0,2.0,48.0,1329.0,-0.13,7.35,0.1,2.4,gobo-ma68-jpn-jodc_jma,33.8508,
ok,0.0,106.91,0.186,937170.0,12.0,0.5,442.0,-0.0,6.25,0.02,1.1,goderich_ontario-11860-can-meds,43.75,
ok,0.0,47.85,0.0,419473.0,7.0,48.9,348.0,-0.02,19.01,0.56,1.5,goidschalxoord-goidsod-nld-rws,51.830295,
ok,0.0,20.49,0.015,179614.0,3.0,49.7,127.0,-0.01,6.75,0.0,3.1,gold_coast_southport-60051-aus-bom,-27.9667,
rejected,0.0,26.39,0.538,231362.0,,,,,,,,gold_river_bc-8650-can-meds,49.68,gap 0.538>0.5
ok,0.0,14.08,0.036,123475.0,2.0,58.0,41.0,-0.0,3.48,0.06,3.1,gomera-gom-esp-cmems,28.0,
ok,0.0,45.25,0.342,396714.0,5.0,54.9,6.0,0.01,10.35,0.05,1.7,goods_island-58200-aus-bom,-10.5639,
ok,0.0,26.42,0.128,231601.0,4.0,50.7,24.0,0.0,11.18,0.76,1.6,goodyear_slough-gys-usa-cdwr,38.118,
rejected,0.0,183.49,0.925,1608480.0,,,,,,,,gorinchem-gorcm-nld-rws,51.82692,gap 0.925>0.5
ok,0.0,53.45,0.001,468537.0,7.0,5.7,6009.0,-0.09,15.72,0.13,2.0,goteborg_torshamnen-2109-swe-smhi,57.6847,
ok,0.0,15.67,0.319,137329.0,2.0,6.1,300.0,-0.03,16.46,0.7,2.0,goteborgklippan-got-swe-cmems,57.6833,
ok,0.0,47.16,0.002,413432.0,6.0,5.7,4213.0,-0.07,15.63,0.06,2.0,goteborgorsh-819a-swe-uhslc,57.685,
ok,0.0,53.12,0.006,465688.0,7.0,5.7,4622.0,-0.07,15.74,0.09,2.0,goteborgtorshamnen-got-swe-cmems,57.6847,
ok,0.0,37.19,0.0,325993.0,5.0,67.1,116.0,0.01,23.97,0.19,1.2,gouda_brug-goudbg-nld-rws,52.006778,
ok,0.0,41.66,0.043,365255.0,6.0,1.3,1499.0,-0.02,8.47,0.05,1.9,grand_isle-8761724-usa-noaa,29.263,
ok,0.0,39.0,0.023,341880.0,5.0,1.4,1449.0,-0.02,8.4,0.03,2.0,grand_isle_la-765a-usa-uhslc,29.263,
ok,0.0,51.58,0.008,452189.0,7.0,1.1,12.0,0.0,3.22,0.01,1.2,grand_marais_lake_superior_mn-9099090-usa-noaa,47.7486,
rejected,0.0,15.78,0.597,138362.0,,,,,,,,grant_line_canal_usgs-glc-usa-cdwr,37.8196,gap 0.597>0.5
ok,0.0,23.0,0.0,201648.0,3.0,124.8,163.0,-0.04,36.5,0.47,1.4,grauerort-81-deu-wsv,53.677907,
ok,0.0,40.82,0.018,357861.0,6.0,4.1,39.0,-0.0,10.88,0.3,0.7,green_bay_wi-9087079-usa-noaa,44.541111,
ok,0.0,24.5,0.022,214800.0,4.0,1.5,4182.0,0.02,18.21,0.08,1.6,greifswald_wiek-gre-deu-bfg,54.097711,
ok,0.0,29.92,0.046,262316.0,4.0,13.6,3532.0,-0.09,18.09,0.17,1.5,grena-gre-dnk-cmems,56.411098,
ok,0.0,21.07,0.06,184673.0,3.0,0.2,2460.0,0.01,10.38,0.01,3.5,grenville-16045-can-meds,45.63,
ok,0.0,38.26,0.096,335446.0,5.0,83.5,169.0,-0.0,22.85,1.3,2.4,grondines-3325-can-meds,46.59,
ok,0.0,25.27,0.012,221560.0,4.0,5.7,112.0,-0.0,10.51,0.17,1.9,groote_eylandt-145a-aus-uhslc,-13.86,
ok,0.0,59.45,0.039,521118.0,8.0,1.4,94.0,-0.0,6.09,0.0,0.8,gros_cap_ontario-10920-can-meds,46.53,
ok,0.0,43.0,0.326,376920.0,6.0,13.6,22.0,-0.0,5.45,0.15,3.0,guaymas-397-mex-unam,27.92166667,
ok,0.0,34.0,0.192,298026.0,5.0,13.6,15.0,-0.0,5.42,0.19,2.9,guaymas-397a-mex-uhslc,27.933,
ok,0.0,69.0,0.095,604848.0,9.0,31.1,1896.0,-0.01,12.49,0.07,6.6,hachijyojima-hd11-jpn-jodc_jcg,33.13028333,
ok,0.0,31.19,0.005,273416.0,4.0,30.8,2032.0,-0.05,6.49,0.03,1.4,hachinohe-375a-jpn-uhslc,40.533,
ok,0.0,50.0,0.081,438312.0,7.0,29.8,2176.0,-0.03,6.72,0.04,1.4,hachinohe-ma08-jpn-jodc_jma,40.53166667,
ok,0.0,47.69,0.0,418009.0,7.0,44.0,184.0,-0.01,37.08,0.08,5.2,hagestein_beneden-hagsbndn-nld-rws,51.993289,
ok,0.0,22.0,0.001,192856.0,3.0,22.8,33.0,0.01,10.86,0.27,0.9,haikou-638a-chn-uhslc,20.017,
ok,0.0,55.0,0.022,482112.0,7.0,54.1,93.0,-0.0,7.2,0.22,1.3,hakata-hd18-jpn-jodc_jcg,33.61861667,
ok,0.0,54.5,0.051,477768.0,7.0,21.9,5442.0,-0.09,7.09,0.05,1.3,hakodate-364a-jpn-uhslc,41.783,
ok,0.0,56.0,0.015,490896.0,8.0,22.0,5673.0,-0.09,7.1,0.04,1.3,hakodate-ma06-jpn-jodc_jma,41.78166667,
ok,0.0,118.83,0.203,1041628.0,13.0,64.1,142.0,-0.0,11.3,0.14,1.2,halifax-275a-can-uhslc,44.667,
ok,0.0,118.83,0.202,1041628.0,13.0,64.1,152.0,-0.0,11.54,0.34,1.1,halifax-490-can-meds,44.67,
ok,0.0,34.83,0.004,305376.0,5.0,8.4,7389.0,-0.07,7.48,0.08,1.3,hamada-348a-jpn-uhslc,34.9,
ok,0.0,36.0,0.009,315576.0,5.0,8.4,7597.0,-0.08,7.49,0.01,1.3,hamada-ma66-jpn-jodc_jma,34.89721667,
ok,0.0,49.96,0.015,437960.0,7.0,1.1,7583.0,0.03,14.82,0.03,3.2,hamina-ham-fin-cmems,60.562801,
ok,0.0,50.31,0.0,441000.0,7.0,1.1,7750.0,0.04,14.85,0.04,3.2,hamina_pitajansaari-134254-fin-fmi,60.56,
ok,0.0,64.0,0.114,561025.0,9.0,88.4,1513.0,-0.01,13.11,0.09,1.8,hammerfest-hft-nor-nhs,70.664641,
ok,0.0,56.0,0.048,490896.0,8.0,28.5,6940.0,-0.15,7.33,0.07,1.6,hanasaki-ma03-jpn-jodc_jma,43.27805,
ok,0.0,16.28,0.079,142768.0,3.0,23.4,9.0,-0.01,2.95,0.1,5.1,hanimaadhoo-117b-mdv-uhslc,6.767,
ok,0.0,49.96,0.015,437960.0,7.0,1.3,6759.0,-0.01,9.62,0.03,5.9,hanko-han-fin-cmems,59.822899,
ok,0.0,50.31,0.0,441000.0,7.0,1.3,6871.0,-0.0,9.62,0.03,5.8,hanko_pikku_kolalahti-134253-fin-fmi,59.82,
ok,0.0,82.68,0.297,724823.0,11.0,192.6,142.0,-0.01,27.33,1.01,0.8,hansweert-hanswt-nld-rws,51.445556,
ok,0.0,51.58,0.001,452188.0,7.0,0.3,464.0,0.0,5.27,0.01,1.1,harbor_beach_mi-9075014-usa-noaa,43.84639,
ok,0.0,21.0,0.001,184104.0,3.0,158.8,95.0,0.01,39.15,0.73,1.3,harburg-3341-deu-wsv,53.472728,
ok,0.0,36.68,0.045,321577.0,5.0,96.3,69.0,-0.0,23.32,0.1,0.9,haringvliet_10-harvt10-nld-rws,51.863131,
ok,0.0,16.15,0.0,141608.0,2.0,95.5,52.0,-0.01,28.16,1.51,0.9,haringvlietsluizen_buiten-harvszbtn-nld-rws,51.829224,
ok,0.0,83.02,0.297,727752.0,11.0,75.8,681.0,-0.1,29.35,0.56,1.4,harlingen-harlgn-nld-rws,53.175632,
ok,0.0,49.93,0.255,437682.0,7.0,53.8,885.0,-0.03,12.0,0.11,1.0,harrington_harbour-2550-can-meds,50.5,
ok,0.0,38.84,0.078,340525.0,5.0,0.1,103.0,0.0,3.79,0.01,1.6,harrisville_mi-9075059-usa-noaa,44.6593,
ok,0.0,68.84,0.066,603433.0,9.0,69.4,3355.0,-0.03,12.37,0.02,2.0,harstad-har-nor-nhs,68.801261,
ok,0.0,26.63,0.346,233468.0,4.0,48.5,74.0,-0.01,4.55,0.1,2.3,harvest_oil_p_ca-594a-usa-uhslc,34.468,
ok,0.0,30.03,0.076,263294.0,4.0,0.9,10365.0,-0.22,11.51,0.15,1.9,harvey-dvhar01-aus-bom,-32.6835,
rejected,0.0,67.58,0.577,592416.0,,,,,,,,harwich-har-gbr-bodc,51.948,gap 0.577>0.5
ok,0.0,16.77,0.106,147050.0,3.0,131.9,103.0,-0.04,48.77,3.9,2.6,harwich-har-gbr-cmems,51.948002,
ok,0.0,27.68,0.476,242687.0,2.0,25.4,2489.0,0.06,18.64,0.09,0.9,havre_de_grace-8574070-usa-noaa,39.5367,
ok,0.0,50.39,0.313,441719.0,5.0,177.4,2.0,-0.0,10.96,0.68,1.5,hay_point-59511-aus-bom,-21.2683,
ok,0.0,20.67,0.125,181153.0,3.0,73.7,86.0,-0.02,29.87,0.12,1.6,hechthausen-83-deu-wsv,53.640533,
rejected,0.0,181.69,0.869,1592667.0,,,,,,,,hedel-hedl-nld-rws,51.738775,gap 0.869>0.5
rejected,0.0,204.59,0.711,1793417.0,,,,,,,,heesbeen-heesbn-nld-rws,51.735846,gap 0.711>0.5
ok,0.0,93.0,0.078,815257.0,12.0,77.0,1792.0,-0.03,14.57,0.03,1.9,heimsjo-hei-nor-nhs,63.425224,
ok,0.0,55.69,0.251,488185.0,6.0,9.9,3818.0,-0.06,14.77,0.12,2.1,helgeroa-hro-nor-nhs,58.995212,
ok,0.0,23.04,0.0,202032.0,3.0,110.1,731.0,-0.04,28.04,0.09,1.5,helgoland-84-deu-wsv,54.178909,
rejected,0.0,201.38,0.707,1765313.0,,,,,,,,hellevoetsluis-hellvss-nld-rws,51.819721,gap 0.707>0.5
ok,0.0,49.96,0.015,437960.0,7.0,0.3,11289.0,0.02,11.78,0.02,4.3,helsinki-hel-fin-cmems,60.153599,
ok,0.0,50.31,0.0,441000.0,7.0,0.3,11607.0,0.02,11.8,0.01,4.2,helsinki_kaivopuisto-132310-fin-fmi,60.15,
rejected,0.0,37.65,0.648,330041.0,,,,,,,,henslung_cove-9958-can-meds,54.19,gap 0.648>0.5
ok,0.0,25.16,0.105,220584.0,4.0,175.6,421.0,0.0,25.11,0.14,0.3,herne_bay-hby-gbr-cco,51.38198,
rejected,0.0,115.41,0.818,1011688.0,,,,,,,,herwijnen-herwnn-nld-rws,51.826763,gap 0.818>0.5
ok,0.0,29.21,0.378,256044.0,4.0,2.5,3960.0,-0.01,18.98,0.13,1.5,hesnaes-hes-dnk-cmems,54.8167,
ok,0.0,23.0,0.0,201648.0,3.0,130.6,159.0,-0.02,36.64,1.37,1.4,hetlingen-4876-deu-wsv,53.609411,
ok,0.0,57.58,0.192,504768.0,8.0,315.5,168.0,0.03,22.83,0.33,1.2,heysham-hey-gbr-bodc,54.031833,
ok,0.0,31.08,0.146,272494.0,4.0,315.4,112.0,0.02,23.38,0.52,1.4,heysham-hey-gbr-cmems,54.033298,
ok,0.0,27.0,0.001,236688.0,4.0,5.4,602.0,-0.03,11.66,0.0,1.6,hillarys-132a-aus-uhslc,-31.825,
ok,0.0,28.08,0.002,246209.0,4.0,5.4,591.0,-0.03,11.69,0.01,1.6,hillarys-62237-aus-bom,-31.8256,
ok,0.0,75.58,0.024,662543.0,10.0,21.5,29.0,0.0,3.55,0.06,3.3,hilo-1617760-usa-noaa,19.73028,
ok,0.0,91.94,0.164,805958.0,11.0,21.5,28.0,-0.0,3.53,0.15,3.4,hilo_hawaii-060a-usa-uhslc,19.733,
ok,0.0,30.69,0.122,269011.0,4.0,391.1,19.0,-0.02,21.95,1.89,0.8,hinkley-hin-gbr-cmems,51.216702,
ok,0.0,31.58,0.135,276840.0,4.0,387.9,28.0,-0.02,25.13,0.13,0.6,hinkley_point-hin-gbr-bodc,51.21525,
ok,0.0,16.75,0.005,146856.0,3.0,48.2,245.0,-0.03,5.76,0.26,5.0,hirarako-0151-jpn-jodc_pahb,24.81333333,
ok,0.0,26.95,0.008,236295.0,4.0,78.7,37.0,-0.01,11.68,0.5,2.3,hiron_point-134a-bgd-uhslc,21.783,
ok,0.0,68.0,0.024,596088.0,9.0,100.6,47.0,0.0,9.1,0.01,1.2,hiroshima-hd14-jpn-jodc_jcg,34.35305,
ok,0.0,33.76,0.144,295936.0,5.0,25.1,883.0,-0.02,11.28,0.19,1.7,hobart-339a-aus-uhslc,-42.877,
ok,0.0,59.58,0.186,522322.0,8.0,23.6,954.0,-0.01,11.73,0.07,1.9,hobart-61220-aus-bom,-42.8773,
ok,0.0,118.68,0.492,1040377.0,13.0,74.7,111.0,-0.01,23.11,0.46,1.0,hoek_van_holland-hoekvhld-nld-rws,51.977572,
ok,0.0,14.52,0.021,127257.0,2.0,28.6,98.0,0.03,8.03,0.21,2.1,holland_cut_near_bethel_island-hol-usa-cdwr,38.0164,
ok,0.0,51.58,0.054,452188.0,7.0,1.0,396.0,-0.0,5.07,0.0,1.2,holland_mi-9087031-usa-noaa,42.773333,
ok,0.0,47.69,0.279,418009.0,6.0,91.7,468.0,-0.01,28.87,0.93,1.3,holwerd-holwd-nld-rws,53.395352,
ok,0.0,57.58,0.265,504768.0,8.0,181.2,945.0,-0.02,15.18,0.05,1.8,holyhead-hol-gbr-bodc,53.313944,
ok,0.0,31.08,0.182,272494.0,4.0,180.3,744.0,-0.03,18.86,0.27,1.6,holyhead-hol-gbr-cmems,53.3167,
ok,0.0,34.05,0.041,298528.0,5.0,30.8,15.0,0.0,3.65,0.09,10.1,home_island-46280-aus-bom,-12.1167,
ok,0.0,24.0,0.025,210376.0,3.0,40.0,14.0,-0.0,11.3,0.42,1.9,hong_kong-329a-hkg-uhslc,22.3,
ok,0.0,33.0,0.005,289264.0,5.0,39.2,44.0,-0.0,11.31,0.19,1.8,hong_kong-329b-hkg-uhslc,22.3,
ok,0.0,20.12,0.02,176421.0,3.0,5.5,7.0,-0.0,3.16,0.01,2.6,honiara-009a-slb-uhslc,-9.425,
ok,0.0,24.43,0.021,214151.0,4.0,5.0,4.0,0.0,3.2,0.31,2.6,honiara-009b-slb-uhslc,-9.422,
ok,0.0,45.11,0.033,395469.0,6.0,5.5,10.0,-0.0,3.18,0.06,2.6,honiara-56670-slb-bom,-9.4289,
ok,0.0,26.58,0.054,233023.0,4.0,91.1,1872.0,-0.03,11.52,0.55,2.3,honningsvag-801a-nor-uhslc,70.983,
ok,0.0,50.57,0.071,443308.0,7.0,86.3,2694.0,-0.04,12.99,0.04,1.8,honningsvag-hvg-nor-nhs,70.980318,
ok,0.0,107.58,0.014,943055.0,14.0,16.1,39.0,-0.0,3.19,0.43,2.2,honolulu-1612340-usa-noaa,21.306694,
rejected,0.0,15.06,0.678,132024.0,,,,,,,,honolulu_hawaii-057a-usa-uhslc,21.305,gap 0.678>0.5
ok,0.0,114.0,0.014,999302.0,15.0,14.8,29.0,-0.0,3.3,0.04,2.1,honolulu_hawaii-057b-usa-uhslc,21.307,
ok,0.0,122.0,0.041,1069427.0,16.0,6.9,20216.0,-0.0,17.83,0.13,1.7,hornbaek-838a-dnk-uhslc,56.1,
ok,0.0,29.19,0.022,255861.0,4.0,7.6,6643.0,-0.04,17.26,0.17,1.7,hornbaek-hor-dnk-cmems,56.099998,
ok,0.0,129.0,0.043,1130785.0,17.0,6.9,19663.0,0.0,17.84,0.06,1.7,hornbaek-hor-dnk-dmi,56.099998,
ok,0.0,43.0,0.136,376911.0,6.0,49.6,199.0,-0.01,7.26,0.22,1.9,hosojima-358a-jpn-uhslc,32.417,
ok,0.0,87.0,0.031,762624.0,11.0,49.6,845.0,-0.02,7.12,0.23,1.9,hosojima-gs02-jpn-jodc_giaj,32.42861667,
ok,0.0,28.59,0.036,250593.0,4.0,20.0,3819.0,-0.06,12.87,0.02,1.9,hovell_pile-60721-aus-bom,-38.3271,
ok,0.0,24.38,0.007,213763.0,4.0,103.8,172.0,-0.01,7.0,0.18,2.8,huelva-hue-esp-cmems,37.132,
ok,0.0,45.68,0.0,400465.0,6.0,99.8,478.0,-0.02,26.1,0.36,1.3,huibertgat-huibgt-nld-rws,53.573748,
ok,0.0,41.37,0.017,362689.0,6.0,67.8,38.0,-0.0,7.87,0.18,2.6,humboldt_bay_ca-576a-usa-uhslc,40.767,
ok,0.0,24.66,0.402,216215.0,4.0,13.8,158.0,-0.0,9.31,0.11,2.6,i_295_bridge-8720357-usa-noaa,30.1917,
rejected,0.0,18.56,0.57,162683.0,,,,,,,,i_royal_anselegoff-851a-fra-uhslc,5.288,gap 0.57>0.5
ok,0.0,26.51,0.333,232345.0,4.0,48.8,52.0,0.02,13.15,0.86,2.0,ibis-ibs-usa-cdwr,38.157,
ok,0.0,18.08,0.015,158539.0,3.0,1.7,6161.0,-0.05,5.96,0.01,2.8,ibiza-ibi-esp-cmems,38.911098,
ok,0.0,37.68,0.0,330337.0,5.0,68.4,59.0,-0.0,25.21,0.3,1.1,ijmuiden_buitenhaven-ijmdbthvn-nld-rws,52.462323,
rejected,0.0,60.0,0.543,525958.0,,,,,,,,ijmuiden_noordersluis-ijmdndss-nld-rws,52.467249,gap 0.543>0.5
rejected,0.0,31.63,0.577,277270.0,,,,,,,,ile_royale-749-fra-refmar,5.284333,gap 0.577>0.5
rejected,0.0,29.63,0.606,259717.0,,,,,,,,ile_royale-850a-fra-uhslc,5.285,gap 0.606>0.5
rejected,0.0,31.38,0.581,275062.0,,,,,,,,ilesdusalut_60minute-ile-fra-cmems,5.25,gap 0.581>0.5
rejected,0.0,40.48,0.602,354872.0,,,,,,,,ilet_la_mere-535-fra-refmar,4.89378333,gap 0.602>0.5
rejected,0.0,40.48,0.602,354872.0,,,,,,,,iletlamere_60minute-ile-fra-cmems,4.8937802,gap 0.602>0.5
ok,0.0,53.58,0.356,469704.0,7.0,307.4,139.0,0.03,16.45,0.14,1.3,ilfracombe-ilf-gbr-bodc,51.211139,
ok,0.0,31.08,0.176,272494.0,4.0,304.1,40.0,0.04,17.57,0.26,1.7,ilfracombe-ilf-gbr-cmems,51.216702,
ok,0.0,50.91,0.048,446301.0,7.0,33.1,525.0,-0.01,14.03,0.43,1.5,ilha_fiscal_rj-280a-bra-uhslc,-22.897,
ok,0.0,21.74,0.065,190632.0,3.0,114.1,64.0,-0.03,35.58,0.2,1.9,ilmenau_sperrwerk-86-deu-wsv,53.393907,
ok,0.0,68.58,0.206,601176.0,9.0,226.2,341.0,-0.01,19.19,0.91,0.4,immingham-imm-gbr-bodc,53.630417,
ok,0.0,31.08,0.093,272494.0,4.0,226.1,223.0,-0.01,20.75,0.38,0.4,immingham-imm-gbr-cmems,53.633301,
ok,0.0,34.41,0.229,301653.0,5.0,1.2,1258.0,-0.02,6.71,0.13,2.7,imperia-imp-ita-ispra,43.87833889,
ok,0.0,48.62,0.369,426206.0,6.0,36.5,13.0,0.0,7.88,0.32,1.0,ince_point-58140-aus-bom,-10.575,
rejected,0.0,14.45,0.549,126676.0,,,,,,,,inishmore-ini-irl-mi_c,53.1178,gap 0.549>0.5
ok,0.0,23.0,0.029,201600.0,3.0,40.0,3071.0,-0.13,7.12,0.09,2.3,irouzaki-ma78-jpn-jodc_jma,34.6117,
ok,0.0,50.0,0.006,438279.0,7.0,43.6,570.0,-0.02,5.4,0.27,3.8,ishigaki-365a-jpn-uhslc,24.333,
ok,0.0,51.0,0.008,447048.0,7.0,43.7,629.0,-0.02,5.39,0.15,3.8,ishigaki-ma45-jpn-jodc_jma,24.33221667,
ok,0.0,35.0,0.381,306792.0,4.0,4.8,6683.0,-0.2,8.78,0.04,1.3,ishikariko-0145-jpn-jodc_pahb,43.21333333,
ok,0.0,16.05,0.002,140684.0,3.0,27.6,12.0,-0.01,9.89,0.82,2.0,italian_slough_headwater_near_byron-ish-usa-cdwr,37.84012,
ok,0.0,47.0,0.034,411984.0,6.0,35.3,3233.0,-0.06,6.8,0.1,2.1,ito-gs19-jpn-jodc_giaj,34.89555,
ok,0.0,18.17,0.013,159264.0,3.0,91.6,124.0,-0.01,32.79,0.98,1.6,itzehoe-87-deu-wsv,53.92117,
ok,0.0,37.0,0.049,324336.0,5.0,4.8,8325.0,-0.19,8.25,0.03,1.1,iwanaiko-0137-jpn-jodc_pahb,42.98721667,
ok,0.0,71.0,0.06,622368.0,9.0,53.6,96.0,-0.0,5.86,0.17,2.0,izuhara-hd23-jpn-jodc_jcg,34.19778333,
rejected,0.0,139.0,0.838,1218448.0,,,,,,,,jaarsveld-jaarsvd-nld-rws,51.969936,gap 0.838>0.5
ok,0.0,23.49,0.087,205895.0,3.0,83.3,2751.0,-0.17,10.63,0.03,1.7,jackson_bay-65180-nzl-bom,-43.9728,
ok,0.0,20.71,0.378,181586.0,3.0,5.7,6.0,-0.01,7.67,0.29,1.3,jakarta-161a-idn-uhslc,-6.117,
ok,0.0,30.48,0.087,267215.0,4.0,50.0,192.0,0.01,7.51,0.09,2.7,jervis_bay-216470-aus-bom,-35.12200281,
ok,0.0,71.67,0.097,628261.0,9.0,25.9,190.0,-0.0,4.55,0.14,4.5,johnston-052a-usa-uhslc,16.738,
ok,0.0,28.13,0.078,246642.0,4.0,26.8,21.0,0.0,4.4,0.11,4.7,johnston_atoll-1619000-usa-noaa,16.7383,
ok,0.0,30.04,0.052,263318.0,4.0,86.4,5.0,0.01,9.31,0.27,1.2,johor_baharu-321a-mys-uhslc,1.462,
ok,0.0,33.32,0.115,292111.0,5.0,31.9,49.0,-0.0,5.5,0.4,1.5,juan_fernandez-021b-chl-uhslc,-33.637,
ok,0.0,24.03,0.118,210652.0,4.0,17.3,1972.0,-0.02,16.63,0.34,0.8,juelsminde-jue-dnk-cmems,55.716702,
ok,0.0,42.66,0.025,374015.0,6.0,198.6,201.0,-0.01,12.77,0.54,2.1,juneau-9452210-usa-noaa,58.2988,
ok,0.0,28.69,0.012,251486.0,4.0,5.3,3132.0,-0.04,11.44,0.02,1.5,jurien_bay-jujur01-aus-bom,-30.2872,
ok,0.0,17.39,0.328,152437.0,3.0,0.9,26.0,-0.01,8.89,0.12,5.3,juten_sjov-35101-swe-smhi,58.6328,
ok,0.0,32.0,0.017,280512.0,4.0,92.8,1727.0,-0.07,13.4,0.13,2.0,kabelvag-kab-nor-nhs,68.212639,
ok,0.0,55.0,0.055,482112.0,7.0,77.9,55.0,-0.01,6.73,0.06,2.3,kagoshima-ma42-jpn-jodc_jma,31.5925,
ok,0.0,68.2,0.058,597862.0,9.0,18.4,31.0,0.0,3.43,0.0,1.9,kahului-059a-usa-uhslc,20.9,
ok,0.0,67.58,0.068,592415.0,9.0,18.5,36.0,0.0,3.48,0.23,1.8,kahului-1615680-usa-noaa,20.895,
ok,0.0,67.0,0.031,587304.0,9.0,45.3,203.0,-0.01,7.91,0.11,1.9,kainan-gs05-jpn-jodc_giaj,34.14416667,
ok,0.0,46.7,0.007,409417.0,6.0,0.1,47372.0,0.11,16.74,0.07,2.4,kalix_storon-2157-swe-smhi,65.6969,
ok,0.0,46.38,0.006,406568.0,6.0,0.1,44848.0,0.1,16.79,0.09,2.4,kalixstoron-kal-swe-cmems,65.696899,
ok,0.0,67.0,0.075,587304.0,9.0,30.6,5043.0,-0.06,6.7,0.05,1.5,kamaishi-hd05-jpn-jodc_jcg,39.27333333,
ok,0.0,19.0,0.016,166536.0,3.0,6.0,6591.0,-0.12,8.68,0.01,1.5,kanazawako-0105-jpn-jodc_pahb,36.61778333,
ok,0.0,23.0,0.0,201616.0,3.0,186.7,34.0,-0.0,13.48,0.47,1.2,kanmen-632a-chn-uhslc,28.088,
ok,0.0,18.3,0.004,160416.0,3.0,35.3,1.0,-0.0,3.61,0.32,1.8,kanton-013a-kir-uhslc,-2.81,
ok,0.0,46.66,0.17,409080.0,6.0,35.9,14.0,0.0,3.37,0.01,2.2,kanton-013b-kir-uhslc,-2.81,
ok,0.0,37.0,0.048,324350.0,5.0,17.7,62.0,0.0,5.67,0.01,1.9,kaohsiung-340a-chn-uhslc,22.615,
ok,0.0,40.25,0.167,352893.0,6.0,16.3,74.0,-0.0,5.08,0.0,2.6,kapingamarangi-029a-fsm-uhslc,1.098,
ok,0.0,48.0,0.037,420768.0,6.0,66.3,44.0,-0.0,7.59,0.02,1.1,kariya-gs17-jpn-jodc_giaj,33.47305,
ok,0.0,35.0,0.063,306792.0,5.0,20.0,113.0,-0.0,19.68,0.32,1.4,karumba-63580-aus-bom,-17.4917,
ok,0.0,42.0,0.478,368160.0,4.0,30.7,2471.0,-0.12,7.78,0.93,1.2,kashimako-0101-jpn-jodc_pahb,35.92945,
ok,0.0,65.0,0.06,569784.0,9.0,6.0,8506.0,-0.11,8.67,0.03,1.6,kashiwazaki-gs08-jpn-jodc_giaj,37.35666667,
ok,0.0,49.96,0.019,437960.0,7.0,0.5,10532.0,0.08,11.05,0.01,4.6,kaskinen-kas-fin-cmems,62.344002,
ok,0.0,50.31,0.004,441000.0,7.0,0.5,10807.0,0.07,11.06,0.02,4.6,kaskinen_adskar-134251-fin-fmi,62.34,
ok,0.0,15.23,0.0,133520.0,2.0,150.7,108.0,-0.03,24.42,0.66,0.8,kats_buiten-katsbtn-nld-rws,51.543944,
ok,0.0,53.0,0.019,464592.0,7.0,34.9,1851.0,-0.04,7.45,0.04,1.9,katsuura-gs11-jpn-jodc_giaj,35.12945,
ok,0.0,31.58,0.065,276839.0,4.0,19.7,5.0,0.0,3.3,0.22,4.2,kawaihae-1617433-usa-noaa,20.0366,
ok,0.0,29.83,0.075,261552.0,4.0,19.7,5.0,0.0,3.29,0.2,4.0,kawaihae-552a-usa-uhslc,20.033,
ok,0.0,29.0,0.174,254232.0,4.0,46.4,119.0,-0.01,7.78,0.07,1.6,kawasaki-ma59-jpn-jodc_jma,35.5,
ok,0.0,37.0,0.137,324352.0,5.0,21.6,219.0,-0.01,6.89,0.01,1.5,keelung-341a-chn-uhslc,25.155,
ok,0.0,40.68,0.0,356641.0,6.0,13.6,1431.0,-0.07,17.84,0.2,2.4,keizersveer-keizvr-nld-rws,51.720183,
ok,0.0,32.04,0.051,280912.0,5.0,137.2,6.0,0.0,9.2,0.41,1.1,kelang-140a-mys-uhslc,3.05,
ok,0.0,31.15,0.022,273067.0,4.0,61.2,11.0,0.0,6.46,0.11,1.1,keling-141a-mys-uhslc,2.215,
ok,0.0,49.96,0.04,437960.0,7.0,0.3,30338.0,0.21,18.58,0.02,2.3,kemi-kem-fin-cmems,65.672897,
ok,0.0,50.31,0.024,441000.0,7.0,0.3,31370.0,0.22,18.53,0.03,2.3,kemi_ajos-100539-fin-fmi,65.67,
ok,0.0,19.74,0.01,173053.0,3.0,51.0,418.0,-0.01,11.36,0.12,0.8,kerguelen-180a-fra-uhslc,-49.345,
ok,0.0,103.66,0.235,908735.0,12.0,187.6,871.0,-0.02,12.95,0.17,2.0,ketchikan-9450460-usa-noaa,55.331944,
ok,0.0,100.22,0.232,878543.0,12.0,187.6,704.0,-0.03,12.96,0.0,2.0,ketchikan_ak-571a-usa-uhslc,55.333,
ok,0.0,47.58,0.064,417126.0,6.0,0.2,436.0,-0.0,5.34,0.02,1.4,kewaunee_lake_michigan_wi-9087068-usa-noaa,44.463972,
ok,0.0,22.67,0.168,198701.0,3.0,23.8,76.0,-0.0,5.14,0.07,3.2,key_colony_beach-8723962-usa-noaa,24.7183,
ok,0.0,108.66,0.024,952559.0,14.0,16.8,413.0,-0.0,4.9,0.02,2.6,key_west-8724580-usa-noaa,24.55083,
ok,0.0,105.95,0.022,928746.0,14.0,16.8,431.0,-0.0,4.89,0.12,2.6,key_west_fl-242a-usa-uhslc,24.553,
ok,0.0,15.89,0.034,139329.0,2.0,4.5,4497.0,-0.1,20.32,0.15,1.2,kielholtenau-kie-deu-cmems,54.3722,
ok,0.0,13.85,0.09,121396.0,2.0,120.6,248.0,-0.03,13.85,0.29,1.8,killybegs-kil-irl-cmems,54.636398,
ok,0.0,14.47,0.077,126866.0,2.0,119.6,209.0,-0.03,13.76,0.2,1.9,killybegs_port-kil-irl-mi_c,54.6364,
ok,0.0,16.66,0.047,146087.0,3.0,67.5,187.0,-0.02,14.48,0.12,2.2,king_cove-9459881-usa-noaa,55.059889,
ok,0.0,23.66,0.042,207455.0,3.0,114.6,93.0,0.0,17.62,0.25,0.9,kings_point-8516945-usa-noaa,40.810306,
ok,0.0,61.28,0.001,537198.0,8.0,0.6,118.0,-0.0,3.6,0.01,3.9,kingston_ontario-13988-can-meds,44.22,
ok,0.0,59.06,0.012,517734.0,8.0,1.9,178.0,0.01,10.2,0.12,0.7,kingsville_ontario-12065-can-meds,42.03,
ok,0.0,30.58,0.17,268080.0,4.0,142.3,2618.0,-0.13,17.0,0.15,1.7,kinlochbervie-kin-gbr-bodc,58.456694,
ok,0.0,29.63,0.12,259711.0,4.0,143.5,3453.0,-0.2,25.21,0.41,2.4,kinlochbervie-kin-gbr-cmems,58.457199,
ok,0.0,45.66,0.038,400319.0,6.0,38.8,1546.0,-0.02,12.94,0.06,1.6,kiptopeke-8632200-usa-noaa,37.16519,
ok,0.0,91.42,0.028,801370.0,12.0,2.9,4719.0,-0.0,13.51,0.11,2.0,klagshamn-2095-swe-smhi,55.5222,
ok,0.0,91.09,0.028,798521.0,12.0,2.9,4407.0,-0.0,13.52,0.1,2.0,klagshamn-kla-swe-cmems,55.522202,
ok,0.0,51.0,0.338,447070.0,7.0,53.4,411.0,-0.01,12.86,0.51,1.1,knysna-186a-zaf-uhslc,-34.05,
ok,0.0,34.0,0.042,298025.0,5.0,6.1,1040.0,-0.01,11.59,0.75,1.5,ko_lak-328a-tha-uhslc,11.795,
ok,0.0,34.0,0.019,298025.0,5.0,78.8,31.0,-0.0,5.73,0.3,2.5,ko_taphao_noi-148a-tha-uhslc,7.832,
ok,0.0,55.0,0.018,482112.0,7.0,29.9,70.0,-0.01,8.58,0.05,1.5,kobe-ma31-jpn-jodc_jma,34.68221667,
ok,0.0,15.96,0.04,139904.0,2.0,6.7,977.0,-0.01,12.96,0.11,1.4,kobenhavn-kob-dnk-cmems,55.700001,
ok,0.0,52.0,0.109,455832.0,7.0,49.4,2603.0,-0.06,7.47,0.03,2.2,kochi-ma38-jpn-jodc_jma,33.49916667,
ok,0.0,44.0,0.123,385694.0,6.0,94.4,136.0,-0.0,11.47,0.08,2.3,kodiak_isl_alaska-039a-usa-uhslc,57.732,
ok,0.0,37.58,0.025,329447.0,5.0,96.5,80.0,-0.01,11.46,0.1,2.2,kodiak_island-9457292-usa-noaa,57.730278,
ok,0.0,15.89,0.234,139271.0,2.0,0.4,360.0,-0.05,12.85,0.08,4.1,kolka-kol-lva-cmems,57.733299,
ok,0.0,23.0,0.001,201648.0,3.0,122.1,204.0,-0.05,36.14,0.45,1.4,kollmar-88-deu-wsv,53.731953,
ok,0.0,56.0,0.046,490896.0,8.0,42.3,451.0,-0.02,7.57,0.12,2.0,komatsushima-ma36-jpn-jodc_jma,34.00916667,
ok,0.0,14.58,0.0,127865.0,2.0,10.1,432.0,-0.05,16.5,0.48,2.5,kop_van_het_land-kopvhld-nld-rws,51.788291,
ok,0.0,86.02,0.298,754031.0,11.0,74.7,878.0,-0.13,28.41,0.39,1.4,kornwerderzand_buiten-kornwdzbtn-nld-rws,53.06986,
ok,0.0,15.96,0.014,139904.0,2.0,12.9,2358.0,-0.06,12.78,0.06,0.9,korsor-kor-dnk-cmems,55.333302,
ok,0.0,15.07,0.108,132147.0,2.0,1.3,3248.0,-0.01,16.14,0.14,1.9,koserow-kos-deu-cmems,54.060299,
ok,0.0,28.52,0.077,250052.0,4.0,23.5,3.0,0.0,5.01,0.0,2.5,kota_kinabalu-386a-mys-uhslc,5.983,
ok,0.0,56.0,0.084,490896.0,8.0,38.4,2889.0,-0.05,9.8,0.23,3.8,kozushima-hd09-jpn-jodc_jcg,34.20916667,
ok,0.0,18.0,0.0,157800.0,3.0,160.1,193.0,-0.06,26.27,0.52,0.8,krammer-krammr-nld-rws,51.666274,
ok,0.0,29.68,0.0,260209.0,4.0,137.6,133.0,-0.01,24.6,0.61,1.0,krammersluizen_west-krammszwt-nld-rws,51.659342,
ok,0.0,23.0,0.0,201648.0,3.0,121.8,183.0,-0.04,36.22,0.27,1.4,krautsand-89-deu-wsv,53.753973,
ok,0.0,39.35,0.002,344993.0,5.0,168.6,33.0,-0.0,32.31,0.04,0.2,kreekrak_noord-kreekrnd-nld-rws,51.450047,
ok,0.0,47.69,0.0,418009.0,7.0,66.8,255.0,-0.01,21.13,0.8,1.4,krimpen_ad_ijssel-krimpadijsl-nld-rws,51.916451,
ok,0.0,47.69,0.0,418009.0,7.0,60.3,313.0,-0.01,20.24,0.63,1.6,krimpen_ad_lek-krimpadlk-nld-rws,51.89072,
ok,0.0,68.7,0.041,602233.0,9.0,67.4,6836.0,-0.06,13.4,0.08,2.0,kristiansund-ksu-nor-nhs,63.113859,
ok,0.0,15.16,0.179,132896.0,2.0,1.8,1387.0,0.03,18.59,0.13,2.5,kronstadt-kro-rus-cmems,59.966702,
ok,0.0,21.91,0.0,192120.0,3.0,122.5,172.0,-0.06,37.61,0.95,1.3,kruckau_sperrwerk_bp-90-deu-wsv,53.716373,
ok,0.0,32.03,0.013,280769.0,5.0,51.4,6.0,-0.01,8.63,0.44,1.8,kuantan-322a-mys-uhslc,3.975,
ok,0.0,52.0,0.026,455832.0,7.0,102.0,56.0,-0.01,7.05,0.0,1.8,kuchinotsu-ma48-jpn-jodc_jma,32.60528333,
ok,0.0,19.0,0.129,166536.0,3.0,30.4,1506.0,-0.06,6.46,0.08,1.5,kujiko-0111-jpn-jodc_pahb,40.19221667,
ok,0.0,30.06,0.019,263473.0,4.0,93.4,59.0,-0.0,7.48,0.14,0.8,kukup-325a-mys-uhslc,1.325,
ok,0.0,15.0,0.041,131472.0,2.0,43.3,1181.0,-0.08,6.79,0.05,2.3,kumano-ma65-jpn-jodc_jma,33.9258,
ok,0.0,134.37,0.005,1177873.0,17.0,0.6,33401.0,0.03,11.95,0.11,3.1,kungsholmsfort-2088-swe-smhi,56.1053,
ok,0.0,134.04,0.004,1175024.0,17.0,0.6,32029.0,0.03,11.97,0.09,3.1,kungsholmsfort-kun-swe-cmems,56.105301,
ok,0.0,47.7,0.0,418177.0,6.0,10.7,3266.0,-0.06,17.29,0.17,2.2,kungsvik-2130-swe-smhi,58.9967,
ok,0.0,47.38,0.0,415328.0,6.0,10.7,2971.0,-0.05,17.31,0.19,2.2,kungsvik-kun-swe-cmems,58.9967,
ok,0.0,48.0,0.014,420768.0,7.0,49.5,1251.0,-0.04,6.91,0.14,2.7,kure-gs13-jpn-jodc_giaj,33.33361667,
ok,0.0,68.0,0.148,596088.0,9.0,102.5,28.0,-0.0,8.05,0.01,1.3,kure-hd13-jpn-jodc_jcg,34.24055,
ok,0.0,19.0,0.039,166536.0,3.0,35.4,1695.0,-0.09,7.19,0.09,1.9,kurihamako-0161-jpn-jodc_pahb,35.2275,
ok,0.0,58.0,0.022,508407.0,8.0,46.0,2197.0,-0.04,7.67,0.21,2.1,kushimoto-353a-jpn-uhslc,33.483,
ok,0.0,59.0,0.008,517176.0,8.0,46.1,2304.0,-0.04,7.64,0.04,2.1,kushimoto-ma26-jpn-jodc_jma,33.47583333,
ok,0.0,56.0,0.023,490887.0,7.0,29.3,9441.0,-0.19,7.13,0.03,1.4,kushiro-350a-jpn-uhslc,42.967,
ok,0.0,57.0,0.023,499656.0,8.0,29.3,9742.0,-0.19,7.12,0.04,1.4,kushiro-ma04-jpn-jodc_jma,42.97555,
ok,0.0,37.0,0.101,324336.0,5.0,3.8,2673.0,-0.07,7.91,0.03,1.2,kutsugatako-0129-jpn-jodc_pahb,45.18945,
ok,0.0,72.57,0.019,636131.0,10.0,47.2,7.0,0.0,3.5,0.12,1.6,kwajalein-055a-mhl-uhslc,8.733,
ok,0.0,46.58,0.037,408335.0,6.0,47.3,25.0,-0.0,3.26,0.21,1.6,kwajalein-1820000-usa-noaa,8.7317,
ok,0.0,74.84,0.029,656040.0,10.0,117.3,67.0,-0.01,10.74,0.64,1.8,la_coruna-830a-esp-uhslc,43.367,
ok,0.0,97.58,0.057,855407.0,13.0,48.7,187.0,-0.0,4.55,0.04,2.1,la_jolla-9410230-usa-noaa,32.866889,
ok,0.0,94.25,0.06,826168.0,12.0,48.8,69.0,-0.0,4.55,0.02,2.1,la_jolla_ca-554a-usa-uhslc,32.867,
ok,0.0,69.33,0.031,607771.0,9.0,78.0,34.0,0.0,5.01,0.08,1.7,la_libertad-091a-ecu-uhslc,-2.2,
ok,0.0,32.0,0.292,280512.0,4.0,23.7,8.0,-0.0,3.96,0.0,1.6,la_paz-671-mex-unam,24.26666667,
ok,0.0,31.91,0.29,279744.0,4.0,23.7,8.0,-0.0,3.96,0.0,1.6,la_paz-671a-mex-uhslc,24.162,
ok,0.0,28.48,0.106,249637.0,4.0,0.0,12554.0,-0.03,9.84,0.01,4.7,la_prairie-15470-can-meds,45.47,
ok,0.0,19.58,0.13,171647.0,3.0,92.7,295.0,-0.1,14.56,0.1,2.6,la_push-9442396-usa-noaa,47.913,
rejected,0.0,79.37,0.542,695772.0,,,,,,,,la_rochelle_la_pallice-34-fra-refmar,46.15850067,gap 0.542>0.5
ok,0.0,32.57,0.117,285489.0,5.0,0.7,2138.0,0.02,7.04,0.05,2.1,la_salle_ontario-11985-can-meds,42.24,
ok,0.0,26.86,0.231,235482.0,4.0,118.9,5.0,-0.01,5.97,0.1,1.9,la_union-086a-slv-uhslc,13.333,
ok,0.0,106.8,0.47,936195.0,12.0,2.1,8096.0,-0.07,16.14,0.07,6.0,lac_saint_pierre-15975-can-meds,46.19,
ok,0.0,35.27,0.012,309168.0,5.0,0.0,13693.0,0.01,11.79,0.04,4.3,lachine-15390-can-meds,45.43,
ok,0.0,14.26,0.275,124981.0,2.0,100.4,13.0,0.0,7.81,0.09,3.1,lagos_algarve-723a-prt-uhslc,37.098,
ok,0.0,19.58,0.176,171647.0,3.0,8.2,1465.0,0.07,14.02,0.15,1.5,lake_charles-8767816-usa-noaa,30.223611,
rejected,0.0,51.66,0.531,452903.0,,,,,,,,lake_worth_pier-8722670-usa-noaa,26.612778,gap 0.531>0.5
ok,0.0,51.58,0.029,452188.0,7.0,0.6,159.0,-0.0,7.33,0.03,0.8,lakeport_mi-9075002-usa-noaa,43.141694,
ok,0.0,45.89,0.263,402336.0,6.0,17.5,528.0,-0.01,11.66,0.03,2.0,lakes_entrance_inner_bullock_island-6057a-aus-bom,-37.8852,
ok,0.0,15.66,0.085,137327.0,2.0,4.7,8.0,0.0,2.54,0.04,2.2,lameshur_bay-9751381-usa-noaa,18.31825,
ok,0.0,22.35,0.016,195967.0,3.0,7.1,124.0,-0.01,6.19,0.02,4.6,lampedusa-lam-ita-ispra,35.49982778,
ok,0.0,23.51,0.024,206072.0,3.0,98.3,25.0,-0.0,4.29,0.12,1.9,lamu-149b-ken-uhslc,-2.272,
ok,0.0,119.87,0.002,1050754.0,16.0,0.6,3483.0,-0.0,7.91,0.07,7.3,landsort-2073-swe-smhi,58.75,
ok,0.0,119.87,0.002,1050754.0,16.0,0.6,3449.0,-0.0,7.91,0.07,7.3,landsort1-lan-swe-cmems,58.75,
ok,0.0,16.5,0.0,144634.0,3.0,0.8,683.0,0.01,7.96,0.0,7.2,landsort_norra-2507-swe-smhi,58.7689,
ok,0.0,16.17,0.0,141785.0,3.0,0.8,188.0,-0.01,8.01,0.01,7.2,landsortnorra-lan-swe-cmems,58.768902,
rejected,0.0,33.97,0.654,297755.0,,,,,,,,langara_point-9964-can-meds,54.26,gap 0.654>0.5
ok,0.0,33.09,0.036,290056.0,5.0,80.8,10.0,-0.0,5.57,0.27,2.9,langkawi-142a-mys-uhslc,6.87,
ok,0.0,14.06,0.118,123240.0,2.0,65.1,45.0,-0.01,3.7,0.12,2.8,lapalma-lap-esp-cmems,28.677999,
ok,0.0,24.64,0.282,215956.0,4.0,49.4,183.0,-0.02,13.7,0.48,0.7,lark_harbour-2685-can-meds,49.1,
rejected,0.0,79.12,0.544,693561.0,,,,,,,,larochelle_60minute-lar-fra-cmems,46.148701,gap 0.544>0.5
ok,0.0,26.65,0.041,233664.0,4.0,74.5,9.0,-0.0,3.83,0.62,2.1,las_palmas-217d-esp-uhslc,28.133,
ok,0.0,28.59,0.034,250603.0,4.0,76.6,94.0,-0.0,3.85,0.0,2.2,laspalmas-las-esp-cmems,28.141001,
ok,0.0,26.18,0.009,229559.0,4.0,62.7,13.0,0.0,2.97,0.14,2.5,lautoka-402a-fji-uhslc,-17.605,
ok,0.0,27.18,0.009,238319.0,4.0,62.7,7.0,0.0,2.97,0.1,2.5,lautoka-67070-fji-bom,-17.6053,
ok,0.0,47.69,0.0,418009.0,7.0,104.4,512.0,-0.05,28.14,1.81,1.3,lauwersoog-lauwog-nld-rws,53.408684,
ok,0.0,116.74,0.155,1023404.0,15.0,179.7,124.0,0.02,27.28,0.08,0.7,lauzon-3250-can-meds,46.83,
ok,0.0,31.54,0.078,276469.0,4.0,0.4,11795.0,-0.15,19.26,0.06,6.1,lavaltrie-15793-can-meds,45.88,
ok,0.0,15.66,0.024,137327.0,2.0,8.6,102.0,0.0,12.3,0.18,1.1,lawma-8764227-usa-noaa,29.449611,
ok,0.0,50.03,0.036,438552.0,7.0,202.0,132.0,-0.01,11.54,0.2,2.1,le_conquet-152-fra-refmar,48.359098,
ok,0.0,24.8,0.344,217394.0,4.0,162.9,42.0,0.0,11.9,0.17,2.2,le_crouesty-185-fra-refmar,47.542676,
ok,0.0,82.99,0.394,727513.0,9.0,261.8,32.0,0.01,17.14,0.44,1.2,le_havre-4-fra-refmar,49.481892,
ok,0.0,35.0,0.046,306815.0,5.0,184.1,33.0,0.0,24.07,1.04,1.5,le_pellerin-398-fra-refmar,47.205383,
ok,0.0,49.78,0.037,436346.0,7.0,202.0,135.0,-0.01,11.54,0.25,2.2,leconquet_60minute-lec-fra-cmems,48.359299,
ok,0.0,24.55,0.347,215186.0,4.0,162.9,37.0,0.01,11.87,0.22,2.2,lecrouesty_60minute-lec-fra-cmems,47.5429,
ok,0.0,33.68,0.137,295224.0,5.0,53.0,70.0,0.0,5.41,0.32,1.2,legaspi-371a-phl-uhslc,13.145,
ok,0.0,82.74,0.396,725305.0,9.0,261.8,30.0,0.01,17.13,0.48,1.2,lehavre_60minute-leh-fra-cmems,49.481602,
ok,0.0,40.58,0.297,355728.0,6.0,180.6,12.0,0.0,16.32,0.11,0.7,leith-lei-gbr-bodc,55.989833,
ok,0.0,31.08,0.109,272476.0,4.0,179.2,127.0,-0.13,34.4,0.42,1.1,leith-lei-gbr-cmems,55.989799,
ok,0.0,34.65,0.065,303771.0,5.0,184.1,35.0,-0.01,24.08,1.92,1.5,lepellerin_60minute-lep-fra-cmems,47.205379,
ok,0.0,57.91,0.068,507604.0,8.0,58.3,481.0,0.0,11.91,0.14,2.2,lerwick-293a-gbr-uhslc,60.155,
ok,0.0,62.58,0.147,548592.0,8.0,58.3,615.0,0.01,11.97,0.09,2.1,lerwick-ler-gbr-bodc,60.154028,
ok,0.0,31.08,0.159,272494.0,4.0,58.1,788.0,-0.01,12.51,0.66,2.2,lerwick-ler-gbr-cmems,60.154598,
ok,0.0,55.49,0.451,486434.0,4.0,156.3,55.0,-0.0,11.82,0.2,2.3,les_sables_d_olonne-62-fra-refmar,46.497358,
ok,0.0,55.24,0.453,484226.0,4.0,156.3,49.0,-0.0,11.79,0.18,2.3,lessablesdolonne_60minute-les-fra-cmems,46.497501,
ok,0.0,25.64,0.0,224808.0,4.0,132.1,310.0,-0.04,29.54,1.21,1.4,leuchtturm_alte_wese-4094-deu-wsv,53.863279,
ok,0.0,102.66,0.243,899975.0,12.0,58.8,2326.0,-0.03,15.85,0.23,1.3,lewes-8557380-usa-noaa,38.78278,
ok,0.0,99.91,0.246,875851.0,12.0,58.8,2308.0,-0.04,15.84,0.07,1.3,lewes_de-747a-usa-uhslc,38.782,
ok,0.0,51.66,0.134,452903.0,7.0,17.9,14668.0,-0.07,13.33,0.09,1.3,lewisetta-8635750-usa-noaa,37.995278,
ok,0.0,23.0,0.004,201616.0,3.0,158.2,92.0,-0.0,18.83,2.76,0.7,lianyungang-639a-chn-uhslc,34.75,
ok,0.0,23.06,0.011,202176.0,3.0,5.3,492.0,0.01,16.94,0.23,4.3,liberty_island_rd2068-lir-usa-cdwr,38.32928,
ok,0.0,17.19,0.006,150673.0,3.0,86.6,93.0,-0.02,21.45,0.84,0.9,lichteiland_goeree-lichtelgre-nld-rws,51.925833,
ok,0.0,39.66,0.088,347711.0,5.0,1.3,31.0,-0.0,2.75,0.02,2.7,lime_tree_bay-9751401-usa-noaa,17.6947,
ok,0.0,36.91,0.077,323549.0,5.0,1.3,31.0,-0.0,2.72,0.0,2.8,limetree_bay-254a-usa-uhslc,17.697,
ok,0.0,59.45,0.013,521118.0,8.0,1.9,110.0,0.0,6.29,0.04,1.2,little_current_ontario-11195-can-meds,45.98,
ok,0.0,18.0,0.203,157824.0,3.0,30.0,35.0,-0.01,8.6,0.25,2.5,little_potato_slough_at_terminous-lps-usa-cdwr,38.0964,
ok,0.0,26.56,0.125,232823.0,4.0,99.4,245.0,-0.02,12.39,0.44,2.0,little_river_bc-7993-can-meds,49.74,
ok,0.0,29.5,0.131,258607.0,4.0,303.0,75.0,-0.03,19.04,0.36,1.3,liverpool-liv-gbr-cmems,53.450001,
ok,0.0,30.58,0.202,268080.0,4.0,300.4,205.0,-0.02,21.04,0.13,1.1,liverpool_gladstone_dock-liv-gbr-bodc,53.449694,
ok,0.0,49.36,0.281,432655.0,7.0,8.7,285.0,-0.0,6.87,0.22,2.8,livorno-liv-ita-ispra,43.54628611,
rejected,0.0,50.58,0.516,443400.0,,,,,,,,llandudno-lla-gbr-bodc,53.331667,gap 0.516>0.5
ok,0.0,26.71,0.087,234148.0,4.0,267.4,277.0,-0.02,21.45,0.78,1.7,llandudno-lla-gbr-cmems,53.3148,
ok,0.0,34.5,0.111,302467.0,5.0,41.1,117.0,0.0,4.92,1.68,1.7,lobos_de_afuera-084a-per-uhslc,-6.933,
ok,0.0,25.25,0.075,221399.0,4.0,9.8,32.0,-0.0,3.38,0.23,1.5,lombrum-56130-png-bom,-2.0367,
ok,0.0,24.25,0.077,212639.0,4.0,9.8,30.0,-0.0,3.39,0.24,1.5,lombrum_manus_is-400a-png-uhslc,-2.037,
ok,0.0,22.33,0.052,195768.0,3.0,0.1,7554.0,0.03,18.04,0.05,5.7,long_sault_dam-14805-can-meds,45.0,
ok,0.0,15.38,0.206,134817.0,2.0,0.2,2738.0,-0.1,16.35,0.11,4.8,long_sault_ontario-14800-can-meds,45.03,
ok,0.0,19.66,0.023,172391.0,3.0,44.1,17.0,-0.01,20.3,0.89,4.7,longview-9440422-usa-noaa,46.106139,
ok,0.0,27.69,0.036,242758.0,4.0,60.0,405.0,-0.02,9.11,0.1,4.4,lord_howe-399b-aus-uhslc,-31.517,
ok,0.0,61.33,0.313,537658.0,7.0,59.5,480.0,-0.01,9.56,0.1,3.9,lord_howe_island-57720-aus-bom,-31.5236,
ok,0.0,26.98,0.045,236542.0,4.0,61.2,28.0,0.0,12.17,0.34,1.8,lorne-60790-aus-bom,-38.5472,
ok,0.0,98.66,0.02,864911.0,13.0,50.9,289.0,0.0,4.48,0.07,2.2,los_angeles-9410660-usa-noaa,33.719944,
ok,0.0,95.09,0.01,833568.0,12.0,51.0,43.0,0.0,4.45,0.15,2.2,los_angeles_ca-567a-usa-uhslc,33.72,
ok,0.0,16.77,0.244,147045.0,3.0,114.1,11.0,0.02,10.65,0.11,1.4,low_head-60948-aus-bom,-41.0651,
ok,0.0,57.66,0.218,505498.0,7.0,25.9,1154.0,-0.04,15.56,0.43,0.7,lower_escuminac-2000-can-meds,47.08,
ok,0.0,59.45,0.017,521119.0,8.0,0.3,7841.0,-0.01,10.7,0.02,4.8,lower_iroquois_ontario-14602-can-meds,44.83,
ok,0.0,57.58,0.031,504768.0,8.0,71.7,2049.0,-0.03,20.14,0.29,0.6,lowestoft-low-gbr-bodc,52.473083,
ok,0.0,31.08,0.033,272494.0,4.0,69.0,1516.0,-0.03,19.9,0.39,0.6,lowestoft-low-gbr-cmems,52.466702,
ok,0.0,34.57,0.019,303044.0,5.0,68.9,16.0,-0.0,8.48,1.04,2.5,lucinda_offshore-59200-aus-bom,-18.5217,
ok,0.0,57.21,0.323,501545.0,8.0,48.3,39.0,0.0,6.74,0.57,1.2,luderitz-702a-zaf-uhslc,-26.65,
ok,0.0,51.58,0.006,452188.0,7.0,0.2,254.0,-0.0,4.97,0.01,1.1,ludington_mi-9087023-usa-noaa,43.947361,
ok,0.0,23.08,0.001,202368.0,3.0,132.3,195.0,-0.03,36.8,1.01,1.4,luhort-91-deu-wsv,53.57139,
ok,0.0,31.05,0.03,272199.0,4.0,74.6,10.0,0.0,5.64,0.51,2.6,lumut-143a-mys-uhslc,4.24,
ok,0.0,21.83,0.022,191392.0,3.0,170.7,147.0,-0.01,20.71,1.27,0.6,lusi-633a-chn-uhslc,32.133,
ok,0.0,13.58,0.063,119064.0,2.0,81.3,8.0,-0.02,13.03,0.04,1.5,lymington-lym-gbr-cco,50.7403,
ok,0.0,24.61,0.03,215695.0,4.0,87.6,7.0,0.0,12.25,0.29,1.2,lyttelton-667a-nzl-uhslc,-43.6,
ok,0.0,45.0,0.009,394464.0,6.0,28.3,841.0,-0.03,4.54,0.06,3.8,ma58-ma58-jpn-jodc_jma,27.09388333,
ok,0.0,47.69,0.0,418025.0,7.0,74.5,257.0,-0.02,21.98,0.87,1.1,maassluis-maasss-nld-rws,51.917505,
ok,0.0,59.58,0.222,522311.0,8.0,167.9,14.0,0.0,12.11,0.27,1.4,mackay_outer_harbour-59510-aus-bom,-21.1167,
ok,0.0,51.58,0.009,452188.0,7.0,1.1,24.0,-0.0,4.17,0.02,1.1,mackinaw_city_mi-9075080-usa-noaa,45.8,
ok,0.0,13.09,0.204,114767.0,2.0,30.5,4958.0,-0.07,11.57,0.05,2.4,macquarie_is-680c-aus-uhslc,-54.483,
ok,0.0,14.36,0.189,125874.0,2.0,9.5,5.0,-0.01,3.16,0.14,2.4,madang-066a-png-uhslc,-5.2,
ok,0.0,16.0,0.198,140253.0,2.0,210.3,5.0,0.01,13.78,1.02,0.3,madeira-715a-bra-uhslc,-2.565,
ok,0.0,67.58,0.124,592415.0,9.0,0.6,41.0,-0.0,2.78,0.02,1.7,magueyes_island-9759110-usa-noaa,17.9701,
ok,0.0,64.07,0.109,561692.0,9.0,0.6,55.0,-0.0,2.77,0.01,1.7,magueyes_island_pr-246a-usa-uhslc,17.972,
ok,0.0,51.0,0.026,447063.0,7.0,30.5,3949.0,-0.11,7.95,0.04,2.2,maisaka-356a-jpn-uhslc,34.683,
ok,0.0,55.0,0.026,482112.0,7.0,31.0,4059.0,-0.11,8.31,0.16,2.6,maisaka-ma21-jpn-jodc_jma,34.68195,
ok,0.0,59.24,0.003,519360.0,8.0,6.5,16761.0,-0.08,7.75,0.06,1.3,maizuru-hd24-jpn-jodc_jcg,35.45138333,
ok,0.0,51.0,0.001,447048.0,7.0,6.4,14937.0,-0.08,7.8,0.08,1.3,maizuru-ma55-jpn-jodc_jma,35.47666667,
ok,0.0,31.23,0.075,273804.0,4.0,51.9,8.0,0.0,3.71,0.17,2.3,majuro-005a-mhl-uhslc,7.107,
ok,0.0,25.63,0.015,224711.0,4.0,52.4,4.0,-0.0,3.4,0.29,2.7,majuro-005b-mhl-uhslc,7.108,
ok,0.0,26.63,0.014,233471.0,4.0,52.4,3.0,-0.0,3.4,0.23,2.7,majuro-67680-mhl-bom,7.106,
ok,0.0,55.0,0.048,482112.0,7.0,70.9,558.0,-0.03,6.37,0.1,2.8,makurazaki-ma43-jpn-jodc_jma,31.26778333,
ok,0.0,28.59,0.012,250603.0,4.0,19.2,407.0,-0.0,6.08,0.0,2.8,malaga-mal-esp-cmems,36.712002,
ok,0.0,69.0,0.177,604872.0,8.0,18.6,140.0,-0.0,6.63,0.0,2.5,malaga-mala-esp-ieo,36.7127,
ok,0.0,49.62,0.035,434985.0,7.0,51.4,45.0,-0.0,3.9,0.24,2.8,malakal-007b-plw-uhslc,7.33,
ok,0.0,28.02,0.044,245666.0,4.0,23.6,10.0,-0.0,2.98,0.03,3.8,male_hulule-108b-mdv-uhslc,4.19,
ok,0.0,43.96,0.054,385328.0,6.0,109.0,852.0,-0.03,16.53,0.46,1.4,malin_head-834a-irl-uhslc,55.367,
ok,0.0,39.0,0.047,341857.0,5.0,5.3,1849.0,-0.03,13.2,0.1,1.8,malmo-2098-swe-smhi,55.6167,
ok,0.0,39.0,0.047,341857.0,5.0,5.3,1849.0,-0.03,13.2,0.1,1.8,malmo-mal-swe-cmems,55.616699,
ok,0.0,28.7,0.046,251549.0,4.0,57.9,2074.0,-0.06,12.37,0.01,2.4,maloy-802a-nor-uhslc,61.933,
ok,0.0,77.52,0.085,679545.0,10.0,57.7,4173.0,-0.04,12.86,0.07,2.2,maloy-may-nor-nhs,61.933776,
rejected,0.0,23.66,0.542,207456.0,,,,,,,,manchester-8770777-usa-noaa,29.726222,gap 0.542>0.5
ok,0.0,16.19,0.029,141933.0,3.0,2.9,922.0,-0.05,10.82,0.13,1.9,mandurah_fishermans_jetty-mhman01-aus-bom,-32.528611,
ok,0.0,31.17,0.083,273288.0,4.0,18.6,53.0,-0.0,5.84,0.08,1.4,manila-370a-phl-uhslc,14.585,
ok,0.0,23.0,0.209,201619.0,3.0,90.9,10.0,-0.0,7.77,1.66,1.3,manta-089b-ecu-uhslc,-0.932,
ok,0.0,30.0,0.057,262956.0,4.0,14.2,8.0,0.0,5.09,0.11,3.5,manzanillo-395-mex-unam,19.05666667,
ok,0.0,29.67,0.046,260082.0,4.0,14.2,7.0,0.0,5.09,0.11,3.5,manzanillo-395a-mex-uhslc,19.053,
ok,0.0,20.74,0.131,181840.0,3.0,15.5,52.0,-0.0,4.89,0.09,4.2,manzanillo-395b-mex-uhslc,19.063,
ok,0.0,51.58,0.04,452188.0,7.0,1.4,463.0,0.01,10.68,0.06,0.8,marblehead_oh-9063079-usa-noaa,41.54364,
rejected,0.0,40.66,0.57,356471.0,,,,,,,,marcus_hook-8540433-usa-noaa,39.811667,gap 0.57>0.5
ok,0.0,41.59,0.002,364540.0,6.0,0.4,14.0,-0.0,3.28,0.0,1.3,marquette_cg_mi-9099018-usa-noaa,46.545555,
ok,0.0,43.2,0.157,378686.0,6.0,89.3,56.0,-0.01,7.1,0.2,1.9,marsden_point-398a-nzl-uhslc,-35.833,
rejected,0.0,171.16,0.698,1500432.0,,,,,,,,marseille-524-fra-refmar,43.278814,gap 0.698>0.5
ok,0.0,169.16,0.389,1482879.0,19.0,6.6,4584.0,-0.04,7.74,0.05,2.7,marseille-824a-fra-uhslc,43.278,
rejected,0.0,79.83,0.543,699816.0,,,,,,,,marseille_60minute-mar-fra-cmems,43.2785,gap 0.543>0.5
ok,0.0,26.94,0.037,236160.0,4.0,54.5,109.0,-0.0,13.74,0.12,1.7,martinez-mrz-usa-cdwr,38.02764,
ok,0.0,54.87,0.0,481000.0,7.0,0.7,1161.0,-0.01,8.37,0.04,6.3,marviken-2076-swe-smhi,58.5536,
ok,0.0,54.87,0.0,481000.0,7.0,0.7,996.0,-0.0,8.38,0.03,6.3,marviken-mar-swe-cmems,58.5536,
ok,0.0,30.75,0.408,269536.0,3.0,0.4,73.0,-0.01,5.7,0.04,2.4,marysville_mi-9014084-usa-noaa,42.9067,
ok,0.0,22.06,0.14,193425.0,3.0,59.6,59.0,0.01,4.12,0.16,2.9,masirah-113a-omn-uhslc,20.687,
ok,0.0,24.0,0.124,210374.0,3.0,20.8,133.0,-0.02,11.36,0.05,1.7,massacre_bay_ak-550a-usa-uhslc,52.833,
ok,0.0,25.67,0.088,225055.0,4.0,31.4,47.0,0.01,5.11,0.07,2.2,matarani-094b-per-uhslc,-17.002,
ok,0.0,37.0,0.045,324336.0,5.0,8.0,4962.0,-0.12,7.99,0.05,1.8,matsumaeko-0121-jpn-jodc_pahb,41.42195,
ok,0.0,59.0,0.019,517176.0,8.0,99.9,289.0,-0.01,7.34,0.11,1.6,matsuyama-ma34-jpn-jodc_jma,33.85888333,
ok,0.0,17.96,0.058,157433.0,3.0,3.2,3833.0,-0.12,9.75,0.06,1.3,mawson-177a-aus-uhslc,-67.6,
rejected,0.0,55.88,0.717,489847.0,,,,,,,,mayotte_60minute-may-fra-cmems,-12.78333,gap 0.717>0.5
ok,0.0,26.66,0.204,233759.0,4.0,67.3,44.0,-0.01,11.96,0.48,1.8,mayport_bar_pilots_dock-8720218-usa-noaa,30.398167,
ok,0.0,72.91,0.013,639191.0,10.0,65.6,167.0,0.0,11.56,0.47,1.9,mayport_ferry_depot-8720220-usa-noaa,30.3933,
ok,0.0,72.6,0.009,636403.0,10.0,65.6,111.0,0.0,11.49,0.46,1.9,mayport_fl-753a-usa-uhslc,30.395,
rejected,0.0,65.0,0.534,569784.0,,,,,,,,mazatlan-673-mex-unam,23.18166667,gap 0.534>0.5
ok,0.0,22.48,0.024,197088.0,3.0,34.3,14.0,-0.0,5.5,0.11,3.1,mazatlan-673a-mex-uhslc,23.198,
ok,0.0,30.08,0.335,263711.0,4.0,20.4,118.0,-0.01,12.4,0.08,0.8,mckay_bay_entrance-8726667-usa-noaa,27.913333,
ok,0.0,53.92,0.007,472702.0,7.0,22.3,1280.0,-0.02,12.65,0.02,1.7,melbourne_williamstown-60780-aus-bom,-37.8657,
ok,0.0,13.28,0.038,116379.0,2.0,12.7,516.0,0.01,6.11,0.0,2.8,melilla-mel-esp-cmems,35.291,
ok,0.0,41.83,0.297,366688.0,5.0,81.2,21.0,-0.01,10.1,0.35,1.4,melville_bay_gove_harbour-63480-aus-bom,-12.2067,
ok,0.0,16.58,0.054,145373.0,3.0,3.0,28.0,-0.0,6.32,0.13,0.9,menominee_mi-9087088-usa-noaa,45.095889,
ok,0.0,54.0,0.045,473343.0,7.0,36.0,4843.0,-0.11,7.21,0.02,2.1,mera-352a-jpn-uhslc,34.917,
ok,0.0,55.0,0.045,482112.0,7.0,36.0,4798.0,-0.1,7.22,0.08,2.1,mera-ma14-jpn-jodc_jma,34.91888333,
ok,0.0,48.35,0.295,423863.0,6.0,4.9,489.0,0.01,10.59,0.2,2.5,messina-mes-ita-ispra,38.19631389,
ok,0.0,44.0,0.126,385704.0,6.0,36.5,117.0,-0.01,6.53,0.14,3.1,miami_beach-8723170-usa-da_sat,25.7683,
ok,0.0,59.28,0.015,519655.0,8.0,1.1,51.0,-0.0,4.28,0.01,1.0,michipicoten_ontario-10750-can-meds,47.96,
ok,0.0,22.17,0.001,194328.0,3.0,9.3,1561.0,-0.1,15.8,0.18,1.9,middelharnis-middhns-nld-rws,51.773558,
ok,0.0,19.69,0.014,172598.0,3.0,16.8,52.0,0.03,11.37,0.79,2.6,middle_river_at_howard_road_bridge-mhr-usa-cdwr,37.877,
ok,0.0,33.67,0.023,295164.0,5.0,20.8,28.0,0.02,11.51,0.3,2.2,middle_river_at_tracy_blvd-mtb-usa-cdwr,37.881,
ok,0.0,38.62,0.051,338528.0,5.0,17.9,83.0,0.02,12.37,0.67,5.4,middle_river_at_undine_road-mru-usa-cdwr,37.8339,
ok,0.0,71.89,0.058,630236.0,9.0,11.6,375.0,-0.01,5.82,0.13,2.3,midway-050a-usa-uhslc,28.217,
ok,0.0,53.0,0.033,464592.0,7.0,5.9,8994.0,-0.04,8.72,0.03,1.3,mikuni-gs12-jpn-jodc_giaj,36.25445,
ok,0.0,31.08,0.142,272494.0,4.0,222.0,341.0,-0.0,16.26,0.26,1.6,milford-mil-gbr-cmems,51.716702,
ok,0.0,68.58,0.348,601176.0,9.0,222.4,545.0,0.01,14.04,0.6,1.9,milford_haven-mha-gbr-bodc,51.707389,
ok,0.0,43.58,0.19,382032.0,6.0,110.9,338.0,-0.01,18.69,0.62,1.6,millport-mil-gbr-bodc,55.749806,
ok,0.0,31.08,0.084,272494.0,4.0,111.4,240.0,-0.0,18.92,0.6,1.8,millport-mil-gbr-cmems,55.749699,
ok,0.0,54.0,0.3,473351.0,7.0,5.6,153.0,0.0,10.75,0.07,1.7,milner_bay_groote_eylandt-63511-aus-bom,-13.8601,
ok,0.0,51.58,0.007,452189.0,7.0,1.0,60.0,-0.0,5.88,0.01,1.3,milwaukee_wi-9087057-usa-noaa,43.002,
ok,0.0,28.84,0.3,252848.0,4.0,67.8,74.0,0.0,9.34,0.01,1.0,mina_sulman-182a-bhr-uhslc,26.233,
ok,0.0,44.16,0.017,387144.0,6.0,39.6,2924.0,-0.07,7.1,0.04,2.5,minamiizu-hd12-jpn-jodc_jcg,34.62528333,
ok,0.0,22.0,0.045,192831.0,3.0,7.7,4955.0,-0.37,16.6,0.03,1.8,minamitorishima-049a-jpn-uhslc,24.3,
ok,0.0,22.0,0.039,192840.0,3.0,7.6,5095.0,-0.38,16.63,0.2,1.8,minamitorishima-ma70-jpn-jodc_jma,24.2911,
ok,0.0,18.0,0.206,157824.0,3.0,27.3,85.0,0.02,14.15,1.03,4.9,miner_slough_at_hwy_84_bridge-hwb-usa-cdwr,38.2917,
ok,0.0,22.03,0.378,193088.0,3.0,17.9,3.0,0.0,5.34,0.18,1.8,miri-388a-mys-uhslc,4.392,
ok,0.0,52.08,0.024,456576.0,7.0,121.4,45.0,-0.01,8.01,0.01,1.4,misumi-ma46-jpn-jodc_jma,32.62305,
ok,0.0,54.91,0.012,481392.0,7.0,34.9,1834.0,-0.03,11.19,0.15,4.6,miyakejima-357a-jpn-uhslc,34.067,
ok,0.0,56.0,0.014,490896.0,8.0,34.9,1839.0,-0.03,11.12,0.33,4.6,miyakejima-hd10-jpn-jodc_jcg,34.06721667,
ok,0.0,23.0,0.083,201600.0,3.0,36.1,597.0,-0.03,9.95,0.1,4.2,miyakeshima-ma71-jpn-jodc_jma,34.0572,
ok,0.0,58.0,0.139,508416.0,8.0,30.2,5379.0,-0.07,6.43,0.04,1.4,miyako-ma09-jpn-jodc_jma,39.64305,
ok,0.0,19.0,0.04,166536.0,3.0,52.1,418.0,-0.07,8.16,0.33,3.7,miyazakiko-0113-jpn-jodc_pahb,31.90278333,
rejected,0.0,41.66,0.588,365255.0,,,,,,,,mobile_state_docks-8737048-usa-noaa,30.70461,gap 0.588>0.5
ok,0.0,47.85,0.0,419473.0,7.0,9.4,5553.0,-0.18,16.57,0.16,1.9,moerdijk-moerdk-nld-rws,51.704701,
ok,0.0,50.25,0.022,440472.0,7.0,71.1,41.0,-0.0,6.98,0.18,1.5,moji-hd17-jpn-jodc_jcg,33.95695,
ok,0.0,38.61,0.024,338436.0,5.0,20.7,126.0,-0.01,23.31,1.85,3.3,mokelumne_r_at_bensons_ferry_nr_thorton-ben-usa-cdwr,38.25514,
ok,0.0,13.89,0.027,121788.0,2.0,28.0,56.0,0.01,8.1,0.16,2.4,mokelumne_r_at_san_joaquin_river-mok-usa-cdwr,38.1061,
ok,0.0,61.67,0.17,540590.0,8.0,15.5,14.0,0.0,3.32,0.16,2.5,mokuoloe-061a-usa-uhslc,21.433,
ok,0.0,40.58,0.024,355727.0,6.0,15.5,1.0,0.0,3.27,0.32,2.7,mokuoloe-1612480-usa-noaa,21.433056,
ok,0.0,32.54,0.244,285254.0,5.0,103.7,12.0,-0.0,4.63,0.22,1.7,mombasa-101a-ken-uhslc,-4.07,
ok,0.0,15.66,0.127,137327.0,2.0,2.3,4.0,0.0,4.15,0.08,2.6,mona_island-9759938-usa-noaa,18.089917,
rejected,0.0,60.75,0.554,532537.0,,,,,,,,monaco_60minute-mon-fra-cmems,43.733002,gap 0.554>0.5
rejected,0.0,61.0,0.547,534746.0,,,,,,,,monaco_fontvieille-22-fra-refmar,43.728847,gap 0.547>0.5
ok,0.0,53.25,0.055,466776.0,7.0,17.7,2438.0,-0.03,7.9,0.03,1.8,monbetsu-hd01-jpn-jodc_jcg,44.355,
ok,0.0,24.66,0.059,216215.0,4.0,41.3,663.0,-0.05,15.75,0.06,1.5,money_point-8639348-usa-noaa,36.778306,
ok,0.0,17.89,0.291,156838.0,3.0,2.5,62.0,0.01,14.61,0.1,0.5,monroe_mi-9063087-usa-noaa,41.8983,
ok,0.0,74.58,0.088,653783.0,10.0,28.6,1807.0,-0.04,12.57,0.09,1.1,montauk-8510560-usa-noaa,41.048333,
ok,0.0,71.32,0.08,625171.0,9.0,28.6,1809.0,-0.04,12.55,0.16,1.1,montauk_ny-279a-usa-uhslc,41.048,
ok,0.0,48.66,0.023,426599.0,7.0,49.7,42.0,-0.0,5.32,0.05,2.4,monterey-9413450-usa-noaa,36.605,
ok,0.0,45.14,0.004,395752.0,6.0,49.6,35.0,-0.0,5.32,0.06,2.4,monterey_ca-555a-usa-uhslc,36.605,
ok,0.0,107.95,0.074,946302.0,14.0,0.1,26651.0,-0.02,26.16,0.06,7.9,montreal_jetee_1-15520-can-meds,45.5,
ok,0.0,40.44,0.165,354514.0,6.0,52.0,35.0,-0.0,6.55,0.04,3.1,mooloolaba-59950-aus-bom,-26.6867,
ok,0.0,28.66,0.033,251279.0,4.0,5.4,2477.0,0.12,16.43,0.03,1.3,morgans_point-8770613-usa-noaa,29.681694,
rejected,0.0,39.0,0.649,341856.0,,,,,,,,moriko-0139-jpn-jodc_pahb,42.11,gap 0.649>0.5
ok,0.0,30.01,0.027,263063.0,4.0,0.3,5786.0,-0.02,13.39,0.05,4.8,morrisburg_ontario-14660-can-meds,44.89,
ok,0.0,53.0,0.247,464614.0,7.0,57.9,155.0,0.01,13.26,0.01,0.9,mossel_bay-185a-zaf-uhslc,-34.183,
ok,0.0,16.08,0.005,141000.0,2.0,15.6,185.0,-0.0,5.95,0.12,2.6,motril-mot-esp-cmems,36.720001,
ok,0.0,35.01,0.016,306914.0,5.0,57.7,12.0,0.0,7.68,0.15,2.8,mourilyan_harbour-59140-aus-bom,-17.6,
ok,0.0,51.58,0.024,452188.0,7.0,0.5,290.0,-0.01,6.45,0.02,1.2,mouth_of_the_black_river_mi-9014090-usa-noaa,42.974724,
ok,0.0,59.33,0.038,520075.0,8.0,0.3,15741.0,-0.11,19.63,0.01,6.5,mtl_rue_frontenac-15540-can-meds,45.53,
ok,0.0,33.0,0.463,289296.0,4.0,312.4,28.0,0.01,16.9,0.77,1.5,mumbles-mum-gbr-bodc,51.57,
ok,0.0,30.5,0.283,267386.0,4.0,312.8,51.0,0.03,34.07,3.11,1.4,mumbles-mum-gbr-cmems,51.569698,
ok,0.0,41.25,0.02,361584.0,6.0,34.0,34.0,0.0,8.76,0.09,0.9,muroran-hd03-jpn-jodc_jcg,42.34471667,
ok,0.0,53.0,0.059,464592.0,7.0,48.3,3648.0,-0.05,7.39,0.04,2.3,murotomisaki-ma37-jpn-jodc_jma,33.26638333,
ok,0.0,19.0,0.05,166536.0,3.0,30.1,1024.0,-0.04,6.56,0.11,1.4,mutsuogawara-0110-jpn-jodc_pahb,40.92638333,
ok,0.0,34.0,0.0,298023.0,5.0,82.8,129.0,-0.01,5.98,0.05,2.3,nagasaki-362a-jpn-uhslc,32.733,
ok,0.0,56.0,0.058,490896.0,8.0,83.7,162.0,-0.01,6.07,0.04,2.3,nagasaki-ma49-jpn-jodc_jma,32.735,
ok,0.0,59.0,0.0,517176.0,8.0,66.4,259.0,-0.01,8.64,0.06,1.8,nagoya-ma22-jpn-jodc_jma,35.09138333,
ok,0.0,52.42,0.002,459504.0,7.0,57.3,924.0,-0.04,4.77,0.01,3.1,naha-355a-jpn-uhslc,26.217,
ok,0.0,54.0,0.013,473352.0,7.0,57.3,970.0,-0.04,4.77,0.14,3.1,naha-ma44-jpn-jodc_jma,26.21333333,
rejected,0.0,57.47,0.504,503793.0,,,,,,,,nain-1430-can-meds,56.55,gap 0.504>0.5
rejected,0.0,55.21,0.521,483955.0,,,,,,,,nain-833a-can-uhslc,56.55,gap 0.521>0.5
ok,0.0,34.92,0.01,306120.0,5.0,58.9,287.0,-0.01,8.34,0.08,3.5,nakano_shima-345a-jpn-uhslc,29.842,
ok,0.0,36.0,0.012,315576.0,5.0,58.9,288.0,-0.01,8.31,0.0,3.5,nakanoshima-hd28-jpn-jodc_jcg,29.84195,
ok,0.0,64.0,0.203,561024.0,9.0,110.8,38.0,0.0,12.2,0.38,1.5,nakatoshima-hd30-jpn-jodc_jcg,34.11805,
rejected,0.0,43.49,0.739,381231.0,,,,,,,,nanaimo_harbour_bc-7917-can-meds,49.17,gap 0.739>0.5
ok,0.0,19.0,0.011,166536.0,3.0,6.3,2812.0,-0.04,7.12,0.01,1.6,nanaoko-0106-jpn-jodc_pahb,37.04945,
ok,0.0,34.0,0.06,298055.0,5.0,172.4,96.0,0.0,29.51,1.1,2.0,nantes_usine_brulee-399-fra-refmar,47.19345,
ok,0.0,33.65,0.079,295011.0,5.0,172.4,86.0,-0.01,29.62,2.34,2.0,nantesusinebrulee_60minute-nan-fra-cmems,47.193451,
ok,0.0,56.66,0.037,496727.0,8.0,43.7,1301.0,-0.04,10.97,0.07,1.3,nantucket_island-8449130-usa-noaa,41.285278,
ok,0.0,53.91,0.038,472603.0,7.0,43.7,1288.0,-0.04,10.91,0.15,1.4,nantucket_ma-743a-usa-uhslc,41.285,
ok,0.0,30.0,0.144,262956.0,4.0,68.0,15.0,-0.0,8.76,0.04,1.7,napier-668a-nzl-uhslc,-39.483,
ok,0.0,56.66,0.035,496727.0,8.0,27.0,123.0,-0.0,8.76,0.15,1.1,naples-8725110-usa-noaa,26.131667,
ok,0.0,53.83,0.028,471859.0,7.0,27.0,109.0,-0.0,8.79,0.04,1.1,naples_fl-757a-usa-uhslc,26.13,
ok,0.0,34.58,0.222,303142.0,5.0,11.9,280.0,-0.01,6.34,0.02,3.1,napoli-nap-ita-ispra,40.84140556,
ok,0.0,14.49,0.052,127053.0,2.0,35.0,7.0,0.0,7.38,0.11,0.9,nardana_patches-58178-aus-bom,-10.5048,
ok,0.0,89.29,0.142,782723.0,12.0,99.7,180.0,-0.01,14.18,0.03,1.9,narvik-nvk-nor-nhs,68.428286,
ok,0.0,19.29,0.201,169123.0,3.0,48.3,9.0,0.0,9.63,0.06,1.6,national_steel-nsl-usa-cdwr,38.1221,
ok,0.0,20.66,0.047,181152.0,3.0,52.2,20.0,0.0,5.87,0.0,2.6,nauru-004a-nru-uhslc,-0.528,
ok,0.0,25.48,0.075,223391.0,4.0,54.6,20.0,-0.01,4.65,0.26,2.3,nauru-004b-nru-uhslc,-0.532,
ok,0.0,26.48,0.074,232151.0,4.0,54.5,17.0,-0.01,4.63,0.29,2.3,nauru-67640-nru-bom,-0.5317,
ok,0.0,64.08,0.011,561754.0,9.0,15.0,14.0,0.0,3.24,0.29,3.3,nawiliwili-058a-usa-uhslc,21.967,
ok,0.0,67.58,0.026,592415.0,9.0,15.0,14.0,0.0,3.25,0.22,3.2,nawiliwili-1611400-usa-noaa,21.9544,
ok,0.0,61.73,0.05,541128.0,8.0,55.4,376.0,-0.01,5.59,0.13,2.1,naze-359a-jpn-uhslc,28.4,
ok,0.0,63.0,0.043,552240.0,8.0,54.9,471.0,-0.01,5.39,0.29,2.3,naze-hd22-jpn-jodc_jcg,28.39916667,
ok,0.0,87.58,0.032,767735.0,11.0,81.0,734.0,-0.0,11.97,0.02,2.6,neah_bay-9443090-usa-noaa,48.370278,
ok,0.0,84.42,0.026,740008.0,11.0,81.0,583.0,-0.01,11.98,0.01,2.6,neah_bay_wa-558a-usa-uhslc,48.368,
ok,0.0,34.5,0.329,302445.0,5.0,136.0,13.0,-0.01,9.76,1.05,1.2,nelson-077a-nzl-uhslc,-41.267,
rejected,0.0,37.0,0.504,324336.0,,,,,,,,nemuroko-0133-jpn-jodc_pahb,43.34166667,gap 0.504>0.5
ok,0.0,47.69,0.0,418009.0,7.0,95.6,579.0,-0.06,27.43,1.23,1.4,nes-nes-nld-rws,53.429936,
ok,0.0,59.33,0.093,520074.0,8.0,151.9,116.0,-0.0,25.47,0.37,1.2,neuville-3280-can-meds,46.7,
ok,0.0,39.66,0.36,347711.0,4.0,0.2,2387.0,-0.04,14.6,0.02,2.2,new_canal_station-8761927-usa-noaa,30.027222,
ok,0.0,22.66,0.05,198695.0,3.0,88.9,459.0,-0.02,14.67,0.23,0.9,new_haven-8465705-usa-noaa,41.283333,
ok,0.0,83.66,0.049,733415.0,11.0,35.6,2144.0,-0.04,12.81,0.13,1.0,new_london-8461490-usa-noaa,41.361401,
ok,0.0,80.55,0.044,706147.0,11.0,35.6,2132.0,-0.03,12.78,0.32,1.1,new_london_ct-744a-usa-uhslc,41.355,
ok,0.0,51.67,0.049,452928.0,7.0,46.9,102.0,-0.03,15.55,0.25,2.8,new_westminster_bc-7654-can-meds,49.2,
ok,0.0,98.58,0.126,864187.0,13.0,64.2,553.0,-0.02,16.07,0.12,1.1,new_york_ny-745a-usa-uhslc,40.7,
ok,0.0,20.66,0.056,181151.0,3.0,109.4,76.0,0.01,22.35,0.04,1.3,newbold-8548989-usa-noaa,40.137306,
ok,0.0,62.13,0.134,544609.0,7.0,47.6,656.0,-0.01,7.62,0.11,2.3,newcastle-60310-aus-bom,-32.9238,
ok,0.0,30.08,0.053,263734.0,4.0,224.2,37.0,0.01,13.62,0.12,1.3,newhaven-new-gbr-cmems,50.783298,
ok,0.0,39.58,0.148,346968.0,5.0,226.0,40.0,-0.0,15.08,0.19,1.1,newhaven-nha-gbr-bodc,50.781778,
rejected,0.0,47.0,0.553,412008.0,,,,,,,,newhaven-nha-gbr-da_idh,50.781778,gap 0.553>0.5
ok,0.0,106.58,0.156,934296.0,14.0,170.0,379.0,0.01,11.89,0.16,1.9,newlyn-new-gbr-bodc,50.103,
ok,0.0,31.08,0.055,272494.0,4.0,171.6,227.0,-0.03,22.42,3.05,1.8,newlyn-new-gbr-cmems,50.099998,
ok,0.0,101.69,0.022,891470.0,13.0,169.7,267.0,-0.0,11.98,0.05,2.2,newlyn_cornwall-294a-gbr-uhslc,50.102,
ok,0.0,91.66,0.048,803543.0,12.0,51.2,555.0,-0.01,11.92,0.12,1.0,newport-8452660-usa-noaa,41.504333,
ok,0.0,27.79,0.142,243671.0,4.0,414.3,42.0,0.01,27.93,0.32,0.6,newport-new-gbr-cmems,51.549599,
ok,0.0,28.58,0.265,250536.0,4.0,411.4,61.0,0.02,28.01,0.28,0.6,newport-npo-gbr-bodc,51.55,
ok,0.0,15.07,0.047,132140.0,2.0,50.5,19.0,-0.0,4.23,0.05,2.8,newport_beach-9410580-usa-noaa,33.6033,
ok,0.0,88.31,0.038,774115.0,12.0,51.2,488.0,-0.01,11.9,0.11,1.0,newport_ri-253a-usa-uhslc,41.505,
ok,0.0,65.0,0.077,569784.0,9.0,5.3,9339.0,-0.08,8.36,0.07,1.8,nezugaseki-gs07-jpn-jodc_giaj,38.56333333,
ok,0.0,38.97,0.434,341586.0,4.0,7.6,1303.0,-0.01,6.06,0.02,3.4,nice-339-fra-refmar,43.695508,
ok,0.0,38.53,0.452,337777.0,4.0,7.6,1153.0,-0.02,6.02,0.02,3.4,nice_60minute-nic-fra-cmems,43.695599,
ok,0.0,39.69,0.003,347881.0,6.0,126.8,118.0,0.0,37.27,0.69,1.0,nieuwe_statenzijl-nieuwstzl-nld-rws,53.231559,
ok,0.0,19.0,0.002,166536.0,3.0,5.6,5856.0,-0.09,7.67,0.07,1.9,niigatakonishiko-0103-jpn-jodc_pahb,37.94055,
ok,0.0,41.66,0.344,365255.0,5.0,237.1,4.0,0.0,19.35,0.1,1.0,nikiski-9455760-usa-noaa,60.683333,
ok,0.0,15.58,0.139,136583.0,2.0,26.1,239.0,0.0,12.29,0.07,2.3,nikolski-9462450-usa-noaa,52.94061,
ok,0.0,53.69,0.013,470693.0,7.0,56.1,613.0,-0.02,6.52,0.1,2.7,nishinoomote-363a-jpn-uhslc,30.735,
ok,0.0,55.0,0.018,482112.0,7.0,56.2,626.0,-0.02,6.56,0.25,2.6,nishinoomote-hd21-jpn-jodc_jcg,30.735,
ok,0.0,29.66,0.167,260063.0,4.0,12.0,8283.0,0.53,30.93,0.1,1.7,nome-9468756-usa-noaa,64.494611,
ok,0.0,26.25,0.15,230112.0,4.0,11.8,8573.0,0.6,30.52,0.23,1.8,nome_ak-595a-usa-uhslc,64.5,
ok,0.0,23.84,0.034,208958.0,4.0,66.2,59.0,0.01,24.87,1.15,1.1,noordwijk_meetpost-noordwmpt-nld-rws,52.273889,
ok,0.0,25.66,0.004,224952.0,4.0,171.6,45.0,-0.01,34.42,1.91,1.2,nordenham-4106-deu-wsv,53.464493,
ok,0.0,26.34,0.313,230876.0,4.0,5.5,358.0,0.0,11.97,0.17,1.4,nordrerose-nor-dnk-cmems,55.636101,
ok,0.0,21.03,0.037,184414.0,3.0,52.4,49.0,-0.0,5.7,0.06,2.7,norfolk_island-57700-aus-bom,-29.0584,
ok,0.0,75.58,0.361,662544.0,8.0,159.8,1592.0,-0.02,15.31,0.15,0.8,north_shields-nsh-gbr-bodc,55.007444,
ok,0.0,44.58,0.04,390791.0,6.0,68.0,51.0,-0.0,7.75,0.04,2.6,north_spit-9418767-usa-noaa,40.7663,
ok,0.0,51.24,0.028,449217.0,7.0,36.9,26.0,0.0,11.88,0.03,1.2,north_sydney-612-can-meds,46.22,
ok,0.0,31.08,0.041,272494.0,4.0,159.9,1055.0,-0.01,30.8,1.89,1.7,northshields-nor-gbr-cmems,55.0,
rejected,0.0,56.76,0.658,497545.0,,,,,,,,nosy_be-150a-mdg-uhslc,-13.4,gap 0.658>0.5
ok,0.0,23.0,0.019,201600.0,3.0,5.9,8819.0,-0.11,10.6,0.02,1.4,noto-ma80-jpn-jodc_jma,37.5008,
ok,0.0,51.85,0.012,454523.0,7.0,41.1,28.0,0.0,4.91,0.09,2.5,noumea-019a-fra-uhslc,-22.242,
ok,0.0,18.46,0.181,161792.0,3.0,41.6,8.0,-0.0,4.73,0.06,2.4,noumeanumbo_60minute-nou-fra-cmems,-22.2421,
ok,0.0,28.53,0.013,250107.0,4.0,51.4,66.0,-0.01,3.13,0.01,3.4,nuku_alofa-038a-ton-uhslc,-21.14,
ok,0.0,36.75,0.297,322176.0,5.0,47.7,18.0,-0.0,2.78,0.0,1.9,nuku_hiva-031a-fra-uhslc,-8.93,
ok,0.0,26.94,0.012,236183.0,4.0,51.5,80.0,-0.01,3.1,0.15,3.4,nukualofa-66600-ton-bom,-21.1368,
ok,0.0,17.92,0.181,157098.0,3.0,41.5,8.0,-0.0,4.72,0.08,2.5,numbo_noumea-659-fra-refmar,-22.241966,
ok,0.0,44.34,0.078,388657.0,6.0,45.9,3901.0,-0.06,8.9,0.01,2.0,ny_alesund-nya-nor-nhs,78.928545,
ok,0.0,42.33,0.071,371088.0,6.0,45.9,4563.0,-0.07,8.66,0.02,2.1,nylesund-823a-nor-uhslc,78.938,
ok,0.0,16.83,0.254,147556.0,3.0,48.6,52.0,0.02,14.3,0.23,1.2,ocean_city-8570280-usa-noaa,38.3267,
ok,0.0,24.58,0.189,215471.0,4.0,31.7,412.0,0.0,13.56,0.78,1.6,ocean_city_inlet-8570283-usa-noaa,38.328267,
ok,0.0,55.0,0.025,482112.0,7.0,69.2,531.0,-0.02,7.24,0.38,2.7,odomari-hd20-jpn-jodc_jcg,31.02361667,
ok,0.0,54.0,0.021,473343.0,7.0,30.8,6965.0,-0.1,6.29,0.04,1.4,ofunato-351a-jpn-uhslc,39.017,
ok,0.0,55.0,0.021,482112.0,7.0,30.7,7095.0,-0.1,6.31,0.04,1.5,ofunato-ma10-jpn-jodc_jma,39.01971667,
ok,0.0,50.0,0.026,438288.0,7.0,5.3,16520.0,-0.31,8.65,0.07,1.6,oga-gs14-jpn-jodc_giaj,39.94221667,
ok,0.0,82.58,0.271,723940.0,9.0,0.8,1440.0,0.01,6.43,0.03,2.6,ogdensburg_ny-8311030-usa-noaa,44.701668,
ok,0.0,47.0,0.019,411984.0,6.0,5.9,4682.0,-0.04,6.5,0.03,1.6,ogi-gs20-jpn-jodc_giaj,37.81471667,
ok,0.0,28.91,0.3,253487.0,4.0,48.6,94.0,-0.01,4.56,0.01,2.3,oil_platform_harvest-9411406-usa-noaa,34.469167,
ok,0.0,53.0,0.017,464592.0,7.0,58.7,427.0,-0.01,6.99,0.94,1.8,oita-hd16-jpn-jodc_jcg,33.26611667,
ok,0.0,59.0,0.036,517176.0,8.0,33.9,4347.0,-0.06,6.6,0.06,2.1,okada-ma17-jpn-jodc_jma,34.78945,
ok,0.0,45.0,0.03,394464.0,6.0,55.0,355.0,-0.03,5.44,0.02,2.4,okinawa-gs21-jpn-jodc_giaj,26.17945,
ok,0.0,25.0,0.003,219144.0,4.0,5.4,5476.0,-0.09,7.51,0.04,1.4,okushiri-gs24-jpn-jodc_giaj,42.07861667,
rejected,0.0,169.7,0.637,1487606.0,,,,,,,,olands_norra_udde-2083-swe-smhi,57.3661,gap 0.637>0.5
ok,0.0,59.35,0.056,520317.0,8.0,0.3,7749.0,-0.04,9.47,0.04,5.1,olandsnorraudde-ola-swe-cmems,57.3661,
ok,0.0,54.58,0.034,478492.0,7.0,0.4,74.0,-0.0,2.53,0.0,7.2,olcott_ny-9052076-usa-noaa,43.33839,
ok,0.0,25.66,0.189,224999.0,4.0,18.9,1296.0,-0.04,11.41,0.19,0.9,old_port_tampa-8726607-usa-noaa,27.857778,
ok,0.0,14.52,0.027,127257.0,2.0,29.0,71.0,0.01,8.15,0.13,2.0,old_river_as_quimbly_is_near_bethel_is-orq-usa-cdwr,38.0272,
ok,0.0,13.5,0.134,118346.0,2.0,29.7,37.0,-0.01,8.05,0.35,2.1,old_river_at_bacon_island-obi-usa-cdwr,37.96937,
ok,0.0,20.34,0.009,178332.0,3.0,28.4,39.0,-0.0,10.17,0.01,2.9,old_river_at_byron-orb-usa-cdwr,37.89,
ok,0.0,38.67,0.038,338984.0,5.0,23.8,43.0,0.0,11.89,0.73,1.9,old_river_at_clifton_court_intake-ori-usa-cdwr,37.828,
ok,0.0,16.53,0.001,144933.0,3.0,26.8,10.0,0.0,9.88,0.61,1.9,old_river_at_coney_island-cis-usa-cdwr,37.84589,
ok,0.0,19.84,0.014,173891.0,3.0,13.0,49.0,0.01,13.37,0.36,2.0,old_river_near_dmc_above_dam-oad-usa-cdwr,37.81032,
ok,0.0,19.84,0.011,173892.0,3.0,25.1,40.0,-0.0,12.76,0.19,1.7,old_river_near_dmc_below_dam-obd-usa-cdwr,37.81096,
ok,0.0,35.84,0.071,314160.0,5.0,22.3,192.0,0.03,13.54,0.15,2.5,old_river_near_tracy-old-usa-cdwr,37.80481,
ok,0.0,17.4,0.131,152567.0,3.0,22.3,187.0,0.04,14.69,0.51,2.5,old_river_near_tracy-olr-usa-cdwr,37.805,
ok,0.0,59.0,0.023,517176.0,8.0,41.0,4652.0,-0.06,7.2,0.07,2.4,omaezaki-ma20-jpn-jodc_jma,34.60833333,
ok,0.0,56.25,0.028,493080.0,8.0,20.2,819.0,-0.01,8.93,0.07,1.2,ominato-hd04-jpn-jodc_jcg,41.25638333,
ok,0.0,58.0,0.084,508416.0,8.0,29.7,7046.0,-0.09,6.44,0.02,1.4,onahama-ma12-jpn-jodc_jma,36.9375,
ok,0.0,57.0,0.038,499656.0,8.0,60.7,318.0,-0.01,8.73,0.11,1.7,onisaki-gs09-jpn-jodc_giaj,34.90361667,
ok,0.0,34.48,0.009,302291.0,5.0,59.6,51.0,-0.0,7.5,0.18,1.8,onslow_beadon_creek-62470-aus-bom,-21.6497,
ok,0.0,51.58,0.067,452188.0,7.0,0.7,121.0,-0.0,2.78,0.01,1.6,ontonagon_mi-9099044-usa-noaa,46.874443,
rejected,0.0,37.39,0.696,327814.0,,,,,,,,oostmahorn-oostmhn-nld-rws,53.379798,gap 0.696>0.5
ok,0.0,47.66,0.334,417839.0,5.0,7.1,830.0,-0.02,11.08,0.95,1.4,oregon_inlet_marina-8652587-usa-noaa,35.795,
ok,0.0,24.39,0.096,213834.0,4.0,6.5,94.0,-0.02,8.02,0.04,3.5,ortona-ort-ita-ispra,42.3559,
ok,0.0,59.0,0.001,517176.0,8.0,30.8,77.0,-0.01,9.03,0.11,1.4,osaka-ma30-jpn-jodc_jma,34.65805,
ok,0.0,67.49,0.128,591577.0,9.0,11.8,2033.0,-0.03,17.67,0.04,2.3,oscarsborg-osc-nor-nhs,59.678073,
ok,0.0,87.0,0.022,762624.0,11.0,4.9,15135.0,-0.09,8.1,0.01,1.2,oshoro-gs04-jpn-jodc_giaj,43.20945,
ok,0.0,60.58,0.003,531034.0,8.0,0.5,2319.0,0.0,9.72,0.0,4.8,oskarshamn-2085-swe-smhi,57.275,
ok,0.0,60.25,0.003,528185.0,8.0,0.5,2041.0,-0.0,9.74,0.01,4.8,oskarshamn-osk-swe-cmems,57.275002,
ok,0.0,25.16,0.0,220608.0,4.0,170.7,29.0,-0.01,33.39,1.05,1.2,oslebshausen-4883-deu-wsv,53.119805,
ok,0.0,106.91,0.069,937177.0,14.0,11.5,1237.0,-0.02,18.15,0.11,2.2,oslo-osl-nor-nhs,59.908559,
ok,0.0,14.84,0.078,130080.0,2.0,128.3,69.0,-0.1,36.04,0.64,1.4,osteriff-92-deu-wsv,53.855201,
ok,0.0,59.58,0.031,522316.0,8.0,0.5,105.0,0.0,3.48,0.01,4.5,oswego_ny-9052030-usa-noaa,43.46417,
ok,0.0,23.0,0.001,201600.0,3.0,4.8,8145.0,-0.17,8.18,0.01,1.3,otaru-ma77-jpn-jodc_jma,43.2067,
ok,0.0,30.25,0.029,265152.0,4.0,4.8,6886.0,-0.18,8.18,0.03,1.2,otaruko-0138-jpn-jodc_pahb,43.18333333,
ok,0.0,34.26,0.201,300356.0,5.0,6.9,140.0,0.02,6.4,0.03,3.9,otranto-otr-ita-ispra,40.14715,
ok,0.0,47.69,0.0,418009.0,7.0,60.5,947.0,-0.11,24.57,0.81,1.4,oudeschild-oudsd-nld-rws,53.038833,
ok,0.0,49.96,0.017,437960.0,7.0,0.4,14183.0,0.14,17.84,0.07,2.4,oulu-oul-fin-cmems,65.040298,
ok,0.0,50.31,0.002,441000.0,7.0,0.4,14570.0,0.14,17.82,0.05,2.4,oulu_toppila-134248-fin-fmi,65.04,
ok,0.0,52.0,0.023,455832.0,7.0,154.9,19.0,-0.01,9.42,0.0,1.0,oura-ma47-jpn-jodc_jma,32.97666667,
ok,0.0,21.74,0.002,190632.0,3.0,127.9,90.0,-0.01,36.13,0.37,1.6,over-94-deu-wsv,53.428702,
ok,0.0,54.0,0.02,473352.0,7.0,44.1,5248.0,-0.1,7.08,0.04,2.3,owase-ma24-jpn-jodc_jma,34.07638333,
ok,0.0,20.0,0.143,175319.0,3.0,62.8,59.0,-0.01,14.25,0.16,1.3,oyster_landing_n_inlet_estuary-8662245-usa-noaa,33.3517,
ok,0.0,17.58,0.164,154127.0,3.0,13.1,18.0,0.0,5.08,0.56,1.9,pago_bay-1631428-usa-noaa,13.428333,
ok,0.0,14.67,0.148,128639.0,2.0,13.1,16.0,0.0,5.14,0.16,2.0,pago_bay_guam-037a-usa-uhslc,13.428,
ok,0.0,70.31,0.037,616357.0,9.0,37.0,15.0,0.0,3.03,0.14,2.4,pago_pago-056a-asm-uhslc,-14.283,
ok,0.0,43.09,0.061,377733.0,6.0,36.9,13.0,0.0,2.95,0.19,2.5,pago_pago-1770000-usa-noaa,-14.276667,
ok,0.0,29.0,0.12,254227.0,4.0,53.7,23.0,-0.0,6.4,0.0,0.9,paita-678b-per-uhslc,-5.083,
ok,0.0,14.15,0.113,124064.0,2.0,1.2,846.0,0.03,11.38,0.03,5.0,paldiski-pal-est-cmems,59.3349,
ok,0.0,29.14,0.34,255453.0,4.0,10.7,328.0,-0.0,5.53,0.03,4.1,palermo-pal-ita-ispra,38.12141111,
ok,0.0,33.4,0.1,292770.0,5.0,12.1,213.0,0.0,5.46,0.05,3.7,palinuro-pal-ita-ispra,40.02991111,
ok,0.0,18.73,0.195,164232.0,3.0,2.8,1222.0,-0.02,5.83,0.01,2.9,palma-palm-esp-ieo,39.5524,
ok,0.0,18.8,0.069,164852.0,3.0,29.8,14.0,0.0,2.53,0.15,1.8,palmeira-235a-cpv-uhslc,16.755,
ok,0.0,48.66,0.105,426599.0,7.0,2.7,5449.0,-0.01,10.21,0.01,1.3,panama_city-8729108-usa-noaa,30.15228,
ok,0.0,26.0,0.235,227904.0,4.0,3.5,388.0,-0.03,10.73,0.01,1.3,panama_city_beach-761a-usa-uhslc,30.213,
ok,0.0,28.58,0.216,250536.0,4.0,3.5,398.0,-0.03,10.76,0.02,1.3,panama_city_beach-8729210-usa-noaa,30.213301,
ok,0.0,43.56,0.024,381905.0,6.0,6.0,51.0,-0.0,2.94,0.3,2.2,papeete-015b-fra-uhslc,-17.525,
ok,0.0,36.48,0.085,319776.0,5.0,6.0,40.0,-0.0,3.0,0.09,2.3,papeete-383-fra-refmar,-17.533081,
ok,0.0,45.21,0.237,396348.0,6.0,6.0,39.0,-0.0,2.98,0.0,2.3,papeete_60minute-pap-fra-cmems,-17.533079,
rejected,0.0,46.9,0.712,411155.0,,,,,,,,parkers_cove-320-can-meds,44.8,gap 0.712>0.5
ok,0.0,16.15,0.325,141590.0,2.0,0.3,246.0,-0.02,17.18,0.06,2.7,parnu-par-est-cmems,58.388901,
ok,0.0,59.45,0.006,521118.0,8.0,1.0,744.0,-0.0,7.74,0.02,1.1,parry_sound_ontario-11375-can-meds,45.34,
ok,0.0,16.66,0.055,146087.0,3.0,2.8,569.0,-0.03,11.95,0.12,1.5,pascagoula_noaa_lab-8741533-usa-noaa,30.36778,
ok,0.0,27.6,0.019,241940.0,4.0,50.6,165.0,0.0,6.95,0.1,2.7,patonga-212440-aus-bom,-33.55098053,
ok,0.0,54.59,0.183,478535.0,6.0,60.2,237.0,-0.01,10.89,0.06,2.1,patricia_bay_bc-7277-can-meds,48.65,
ok,0.0,21.28,0.456,186600.0,3.0,184.7,104.0,0.03,16.84,0.38,1.0,pauillac-192-fra-refmar,45.199667,
ok,0.0,35.03,0.095,307100.0,5.0,0.4,17309.0,-0.25,11.12,0.07,1.8,peel_inlet-plpee01-aus-bom,-32.592222,
ok,0.0,30.99,0.025,271679.0,4.0,62.2,6.0,0.0,5.93,0.26,2.6,penang-144a-mys-uhslc,5.422,
ok,0.0,41.71,0.044,365619.0,6.0,9.4,321.0,-0.01,3.59,0.09,3.1,penrhyn-024a-cok-uhslc,-8.977,
ok,0.0,98.58,0.028,864167.0,13.0,1.8,9213.0,-0.04,9.8,0.07,1.5,pensacola-8729840-usa-noaa,30.404389,
ok,0.0,95.67,0.028,838650.0,12.0,1.8,8999.0,-0.04,9.78,0.04,1.5,pensacola_fl-762a-usa-uhslc,30.403,
ok,0.0,44.04,0.316,386047.0,5.0,3.3,7576.0,-0.2,11.72,0.03,1.6,perth_barrack_street_jetty-6223a-aus-bom,-31.9597,
ok,0.0,40.05,0.001,351058.0,6.0,67.3,73.0,-0.0,25.43,0.9,1.1,petten_zuid-pettzd-nld-rws,52.772657,
ok,0.0,32.66,0.018,286343.0,5.0,81.1,253.0,0.02,18.83,0.74,1.0,philadelphia-8545240-usa-noaa,39.933333,
ok,0.0,88.68,0.044,777432.0,12.0,65.5,566.0,0.01,19.98,1.21,1.0,philadelphia_pier_11_north-8545530-usa-noaa,39.9533,
rejected,0.0,120.47,0.747,1056088.0,,,,,,,,pictou-1630-can-meds,45.68,gap 0.747>0.5
ok,0.0,49.96,0.016,437960.0,7.0,0.3,24227.0,0.16,13.55,0.04,3.2,pietarsaari-pie-fin-cmems,63.708599,
ok,0.0,50.31,0.0,441000.0,7.0,0.3,24747.0,0.17,13.54,0.04,3.2,pietarsaari_leppaluoto-134250-fin-fmi,63.71,
ok,0.0,17.58,0.048,154127.0,3.0,1.6,451.0,-0.01,7.64,0.02,2.1,pilots_station_east-8760922-usa-noaa,28.932222,
rejected,0.0,41.66,0.734,365255.0,,,,,,,,pilottown-8760721-usa-noaa,29.178306,gap 0.734>0.5
ok,0.0,23.0,0.008,201648.0,3.0,122.4,156.0,0.02,35.42,0.77,1.3,pinnau_sperrwerk_bp-95-deu-wsv,53.671197,
ok,0.0,24.0,0.239,210371.0,3.0,23.3,14.0,-0.01,5.91,0.41,1.6,pisco-683b-per-uhslc,-13.417,
ok,0.0,67.0,0.424,587304.0,7.0,75.0,16.0,-0.0,5.37,0.48,1.3,pluz-pluz-esp-ieo,28.1467,
ok,0.0,29.89,0.075,261990.0,4.0,168.4,59.0,0.0,12.22,0.14,2.0,plymouth-ply-gbr-cmems,50.368401,
ok,0.0,30.7,0.02,269106.0,4.0,26.8,91.0,-0.01,4.38,0.27,1.6,pohnpei-001b-fsm-uhslc,6.987,
ok,0.0,17.04,0.053,149394.0,3.0,26.8,47.0,-0.01,4.19,0.42,1.5,pohnpei-001c-fsm-uhslc,6.978,
ok,0.0,18.04,0.051,158154.0,3.0,26.8,50.0,-0.01,4.2,0.42,1.5,pohnpei-67950-fsm-bom,6.9867,
ok,0.0,106.75,0.252,935831.0,14.0,91.4,1188.0,-0.02,12.13,0.39,2.0,point_atkinson_bc-7795-can-meds,49.34,
ok,0.0,59.45,0.025,521118.0,8.0,0.7,221.0,-0.01,6.43,0.02,1.3,point_edward_ontario-11940-can-meds,42.99,
ok,0.0,51.58,0.001,452188.0,7.0,1.4,70.0,-0.0,6.12,0.01,0.8,point_iroquois_mi-9099004-usa-noaa,46.4845,
ok,0.0,57.09,0.031,500490.0,8.0,45.5,86.0,0.0,11.97,0.23,1.9,point_lonsdale-60730-aus-bom,-38.2919,
ok,0.0,17.01,0.366,149160.0,3.0,1.3,118.0,-0.0,8.21,0.12,1.1,point_pelee_ontario-12120-can-meds,41.97,
ok,0.0,46.66,0.022,409079.0,6.0,54.8,91.0,-0.0,7.18,0.02,2.2,point_reyes-9415020-usa-noaa,37.994167,
ok,0.0,20.88,0.041,183033.0,3.0,24.3,581.0,-0.01,12.14,0.01,1.8,point_richards_corio_bay-60757-aus-bom,-38.1,
ok,0.0,21.27,0.182,186435.0,3.0,59.0,3.0,0.02,12.16,0.07,1.1,point_tupper-576-can-meds,45.6,
ok,0.0,37.96,0.409,332792.0,5.0,7.9,42.0,0.0,3.02,0.08,3.3,pointe_a_pitre-125-fra-refmar,16.224397,
ok,0.0,86.93,0.203,762013.0,11.0,125.9,2098.0,0.01,16.34,0.51,0.5,pointe_au_pere-2980-can-meds,48.52,
ok,0.0,61.86,0.455,542247.0,5.0,0.4,15505.0,-0.2,19.81,0.05,5.8,pointe_aux_trembles-15630-can-meds,45.63,
ok,0.0,104.61,0.349,916997.0,11.0,0.0,34941.0,-0.04,10.83,0.03,4.6,pointe_claire-15330-can-meds,45.43,
ok,0.0,63.0,0.04,552240.0,8.0,0.0,17897.0,-0.02,10.99,0.01,4.6,pointe_des_cascades-15220-can-meds,45.33,
ok,0.0,53.84,0.422,471989.0,7.0,12.9,12.0,0.01,4.11,0.22,4.1,pointe_des_galets-110-fra-refmar,-20.934891,
ok,0.0,35.99,0.43,315500.0,5.0,7.9,32.0,0.0,3.11,0.04,3.2,pointe_pitre-272a-fra-uhslc,16.225,
ok,0.0,37.74,0.418,330837.0,5.0,7.9,34.0,-0.0,3.02,0.07,3.3,pointeapitre_60minute-poi-fra-cmems,16.23,
ok,0.0,40.62,0.253,356087.0,6.0,48.3,381.0,-0.02,5.45,0.16,2.9,ponta_delgada-211a-prt-uhslc,37.735,
ok,0.0,49.96,0.036,437960.0,7.0,0.6,10226.0,0.06,10.02,0.02,5.3,pori-por-fin-cmems,61.594398,
ok,0.0,50.31,0.021,441000.0,7.0,0.6,10396.0,0.06,10.03,0.03,5.3,pori_mantyluoto_kallo-134266-fin-fmi,61.59,
ok,0.0,86.54,0.32,758651.0,9.0,51.3,441.0,-0.03,19.95,0.46,1.2,port_adelaide_inner_harbor-61610-aus-bom,-34.85,
ok,0.0,79.14,0.026,693767.0,10.0,47.7,2395.0,-0.07,19.3,0.26,1.2,port_adelaide_outer_harbor-61600-aus-bom,-34.7798,
ok,0.0,50.16,0.299,439751.0,6.0,95.2,17.0,-0.01,12.06,0.07,2.2,port_alberni_bc-8575-can-meds,49.23,
ok,0.0,14.66,0.054,128567.0,2.0,124.2,389.0,-0.03,11.03,0.39,2.3,port_alexander-9451054-usa-noaa,56.24661,
ok,0.0,46.16,0.283,404658.0,6.0,181.3,341.0,0.02,21.15,0.01,0.6,port_alfred-3460-can-meds,48.33,
ok,0.0,34.0,0.007,298041.0,5.0,148.1,7.0,-0.0,9.35,0.54,1.4,port_alma-59690-aus-bom,-23.585,
ok,0.0,46.58,0.108,408335.0,6.0,51.1,148.0,-0.01,10.84,0.03,2.6,port_angeles-9444090-usa-noaa,48.125,
ok,0.0,39.42,0.237,345547.0,4.0,51.3,98.0,-0.02,10.97,0.23,2.6,port_angeles_wa-584a-usa-uhslc,48.125,
ok,0.0,85.65,0.329,750813.0,9.0,44.3,1769.0,-0.04,11.74,0.06,1.1,port_aux_basques-665-can-meds,47.57,
ok,0.0,61.71,0.482,540914.0,6.0,153.5,37.0,-0.01,15.21,0.23,1.4,port_bloc-15-fra-refmar,45.56848,
rejected,0.0,74.62,0.713,654100.0,,,,,,,,port_bloc_gpm-297-fra-refmar,45.56843333,gap 0.713>0.5
ok,0.0,24.19,0.018,212102.0,4.0,50.2,12.0,-0.01,9.27,0.12,2.2,port_canaveral_fl-774a-usa-uhslc,28.415,
ok,0.0,33.56,0.309,294153.0,5.0,79.4,64.0,0.01,10.54,0.16,1.7,port_chalmers-669a-nzl-uhslc,-45.817,
ok,0.0,42.66,0.038,374015.0,6.0,49.9,67.0,-0.01,7.69,0.25,2.2,port_chicago-9415144-usa-noaa,38.056,
ok,0.0,61.28,0.002,537198.0,8.0,1.3,702.0,-0.02,12.87,0.05,0.8,port_colborne_ontario-12865-can-meds,42.87,
ok,0.0,34.91,0.317,306036.0,4.0,55.2,4.0,-0.0,7.79,0.4,2.4,port_douglas-59040-aus-bom,-16.4833,
ok,0.0,59.45,0.027,521119.0,8.0,1.4,151.0,-0.0,9.27,0.01,0.8,port_dover_ontario-12710-can-meds,42.78,
ok,0.0,45.83,0.247,401800.0,6.0,51.7,305.0,-0.01,11.93,0.01,1.1,port_elizabeth-184a-zaf-uhslc,-33.96,
ok,0.0,33.0,0.376,289272.0,4.0,16.2,1398.0,-0.13,16.71,0.09,1.9,port_ellen_islay-isl-gbr-bodc,55.627583,
ok,0.0,29.58,0.132,259320.0,4.0,180.8,1602.0,-0.05,15.98,0.14,1.8,port_eri_isle_of_man-iom-gbr-bodc,54.085222,
ok,0.0,18.66,0.076,163576.0,3.0,1.9,410.0,-0.01,8.1,0.07,2.0,port_fourchon-8762075-usa-noaa,29.11425,
ok,0.0,38.0,0.327,333105.0,5.0,42.3,1072.0,-0.06,17.07,0.23,1.3,port_giles-61685-aus-bom,-35.0218,
ok,0.0,56.66,0.016,496703.0,8.0,133.4,298.0,-0.01,10.65,0.31,2.4,port_hardy_bc-8408-can-meds,50.72,
ok,0.0,35.0,0.025,306815.0,5.0,170.7,9.0,-0.0,7.32,0.07,1.2,port_hedland-169a-aus-uhslc,-20.318,
ok,0.0,59.58,0.169,522320.0,8.0,167.7,48.0,-0.01,8.75,0.08,0.9,port_hedland-62590-aus-bom,-20.3176,
ok,0.0,51.58,0.041,452188.0,7.0,1.5,93.0,-0.0,5.87,0.04,0.8,port_inland_mi-9087096-usa-noaa,45.969889,
ok,0.0,77.58,0.061,680087.0,10.0,5.4,939.0,-0.01,8.29,0.01,2.4,port_isabel-8779770-usa-noaa,26.061167,
ok,0.0,74.75,0.068,655266.0,10.0,5.5,914.0,-0.01,8.27,0.07,2.4,port_isabel_tx-772a-usa-uhslc,26.06,
ok,0.0,35.75,0.069,313380.0,5.0,93.6,1684.0,-0.1,15.35,0.22,1.0,port_jefferson-8514560-usa-noaa,40.95,
ok,0.0,27.49,0.004,241003.0,4.0,48.5,1778.0,-0.03,6.86,0.07,2.8,port_kembla-342a-aus-uhslc,-34.473,
ok,0.0,62.13,0.331,544642.0,7.0,48.3,1836.0,-0.02,7.22,0.01,2.5,port_kembla-60420-aus-bom,-34.475,
ok,0.0,59.45,0.013,521119.0,8.0,0.2,2255.0,-0.02,5.39,0.02,3.4,port_lambton_ontario-11950-can-meds,42.66,
ok,0.0,55.57,0.036,487148.0,7.0,24.3,324.0,-0.01,14.53,0.16,1.5,port_lincoln-61900-aus-bom,-34.7159,
ok,0.0,32.42,0.012,284184.0,5.0,14.7,7.0,-0.0,3.77,0.23,4.8,port_louis-103c-mus-uhslc,-20.155,
ok,0.0,33.71,0.064,295514.0,5.0,42.8,281.0,0.01,8.46,0.17,2.5,port_macquarie-207420-aus-bom,-31.42679171,
ok,0.0,31.66,0.274,277583.0,4.0,15.3,635.0,0.01,10.49,0.19,0.9,port_manatee-8726384-usa-noaa,27.638333,
rejected,0.0,25.58,0.621,224256.0,,,,,,,,port_mansfield-8778490-usa-noaa,26.557639,gap 0.621>0.5
rejected,0.0,37.66,0.593,330191.0,,,,,,,,port_moller-9463502-usa-noaa,55.985694,gap 0.593>0.5
ok,0.0,58.41,0.216,512066.0,8.0,54.5,71.0,-0.01,8.43,1.09,1.2,port_nolloth-701a-zaf-uhslc,-29.25,
ok,0.0,43.66,0.129,382775.0,6.0,74.6,163.0,-0.01,9.88,0.1,2.6,port_orford-9431647-usa-noaa,42.738972,
ok,0.0,40.42,0.13,354304.0,6.0,74.5,153.0,-0.01,9.99,0.14,2.6,port_orford_or-557a-usa-uhslc,42.74,
ok,0.0,102.17,0.17,895655.0,13.0,16.2,519.0,-0.01,22.61,0.25,0.8,port_pirie-61800-aus-bom,-33.1776,
rejected,0.0,63.71,0.571,558495.0,,,,,,,,port_renfrew_bc-8525-can-meds,48.56,gap 0.571>0.5
ok,0.0,53.84,0.258,471998.0,7.0,5.2,2820.0,-0.05,19.32,0.0,6.3,port_saint_francois-3365-can-meds,46.27,
ok,0.0,73.66,0.053,645767.0,10.0,49.0,53.0,-0.0,5.67,0.03,1.8,port_san_luis-9412110-usa-noaa,35.168806,
ok,0.0,71.0,0.095,622384.0,9.0,49.0,39.0,-0.0,5.63,0.05,1.8,port_san_luis_ca-565a-usa-uhslc,35.177,
ok,0.0,21.26,0.1,186368.0,3.0,43.9,95.0,-0.0,10.17,0.02,2.0,port_stanley-290b-gbr-uhslc,-51.75,
ok,0.0,94.85,0.359,831469.0,10.0,0.7,363.0,-0.0,4.46,0.14,2.0,port_stanley_ontario-12400-can-meds,42.66,
ok,0.0,18.44,0.005,161632.0,3.0,43.2,1215.0,-0.12,18.62,0.18,1.3,port_stanvac-100a-aus-uhslc,-35.108,
ok,0.0,30.75,0.4,269612.0,3.0,43.1,1201.0,-0.13,18.6,0.2,1.3,port_stanvac-61583-aus-bom,-35.1086,
ok,0.0,49.58,0.078,434639.0,7.0,68.2,183.0,-0.01,10.4,0.16,2.3,port_townsend-9444900-usa-noaa,48.1129,
ok,0.0,54.39,0.167,476810.0,7.0,147.8,79.0,-0.0,11.25,0.14,2.3,port_tudy-71-fra-refmar,47.644274,
ok,0.0,39.01,0.285,341955.0,5.0,5.4,1150.0,-0.02,7.75,0.05,2.8,port_vendres-75-fra-refmar,42.519922,
ok,0.0,25.96,0.039,227567.0,4.0,36.3,15.0,-0.0,3.37,0.22,3.2,port_vila-046b-vut-uhslc,-17.762,
ok,0.0,26.96,0.038,236327.0,4.0,36.3,22.0,-0.0,3.35,0.25,3.2,port_vila-57320-vut-bom,-17.7614,
ok,0.0,61.28,0.005,537198.0,8.0,0.6,135.0,-0.0,2.74,0.01,6.0,port_weller_ontario-13030-can-meds,43.24,
rejected,0.0,42.81,0.626,375335.0,,,,,,,,port_welshpool_pier-60590-aus-bom,-38.7,gap 0.626>0.5
ok,0.0,61.45,0.484,538706.0,6.0,153.5,32.0,-0.01,15.2,0.18,1.4,portbloc_60minute-por-fra-cmems,45.568401,
rejected,0.0,31.08,0.642,272496.0,,,,,,,,portbury-por-gbr-cmems,51.5,gap 0.642>0.5
ok,0.0,19.65,0.009,172283.0,3.0,16.3,1381.0,-0.1,16.78,0.13,1.9,portellen-por-gbr-cmems,55.627399,
ok,0.0,22.61,0.154,198238.0,3.0,182.3,1216.0,-0.07,15.36,0.09,1.9,porterin-por-gbr-cmems,54.0854,
ok,0.0,37.95,0.02,332674.0,5.0,12.7,924.0,-0.01,10.54,0.01,2.0,portland-61410-aus-bom,-38.3514,
ok,0.0,111.66,0.029,978863.0,14.0,130.9,734.0,-0.01,12.8,0.21,0.9,portland-8418150-usa-noaa,43.65806,
ok,0.0,108.83,0.03,953995.0,14.0,132.2,564.0,-0.01,12.53,0.01,0.9,portland_me-252a-usa-uhslc,43.657,
ok,0.0,28.0,0.007,245448.0,4.0,12.8,745.0,-0.01,10.34,0.03,2.1,portland_victoria-129a-aus-uhslc,-38.343,
ok,0.0,60.41,0.132,529578.0,8.0,142.8,81.0,-0.01,25.65,0.02,1.3,portneuf-3300-can-meds,46.68,
ok,0.0,48.35,0.469,423864.0,4.0,3.9,202.0,-0.03,6.77,0.02,2.8,porto_empedocle-por-ita-ispra,37.28575556,
ok,0.0,35.96,0.244,315280.0,5.0,6.3,2015.0,-0.03,6.15,0.02,2.8,porto_torres-por-ita-ispra,40.84220556,
ok,0.0,53.58,0.141,469704.0,7.0,133.5,2007.0,-0.05,16.86,0.09,1.7,portpatrick-por-gbr-bodc,54.842556,
ok,0.0,30.57,0.097,267944.0,4.0,133.0,1978.0,-0.09,16.77,0.12,1.8,portpatrick-por-gbr-cmems,54.8424,
ok,0.0,25.57,0.047,224193.0,4.0,53.8,1309.0,-0.06,16.14,0.47,1.9,portrush-por-gbr-cmems,55.200001,
ok,0.0,26.58,0.132,233016.0,4.0,53.5,1113.0,-0.06,14.92,0.06,1.9,portrush-pru-gbr-bodc,55.206778,
ok,0.0,30.01,0.073,263047.0,4.0,140.5,2.0,0.01,14.84,0.36,2.0,portsmouth-por-gbr-cmems,50.8004,
ok,0.0,30.58,0.077,268080.0,4.0,139.3,8.0,0.01,14.45,0.07,1.2,portsmouth-ptm-gbr-bodc,50.802194,
ok,0.0,30.0,0.037,262968.0,4.0,141.1,15.0,0.0,14.08,0.35,1.2,portsmouth-ptm-gbr-da_idh,50.802194,
ok,0.0,54.14,0.168,474602.0,7.0,147.8,70.0,-0.0,11.24,0.11,2.3,porttudy_60minute-por-fra-cmems,47.644299,
ok,0.0,38.76,0.287,339747.0,5.0,5.4,1093.0,-0.02,7.75,0.04,2.8,portvendres_60minute-por-fra-cmems,42.5201,
ok,0.0,15.79,0.003,138445.0,3.0,0.9,230.0,0.01,6.22,0.02,2.1,prescott_ontario-14500-can-meds,44.71,
ok,0.0,110.0,0.204,964239.0,13.0,195.9,169.0,-0.01,12.86,0.17,2.1,prince_rupert-540a-can-uhslc,54.317,
ok,0.0,112.08,0.202,982535.0,13.0,195.9,168.0,-0.0,12.84,0.2,2.1,prince_rupert_bc-9354-can-meds,54.32,
ok,0.0,43.0,0.268,376944.0,5.0,5.8,201.0,-0.01,9.08,0.38,1.6,progreso-402-mex-unam,21.30333333,
ok,0.0,83.66,0.138,733415.0,11.0,61.3,95.0,-0.01,13.39,0.07,0.7,providence-8454000-usa-noaa,41.807098,
ok,0.0,32.66,0.064,286343.0,5.0,6.2,5310.0,-0.03,13.96,0.14,2.2,prudhoe_bay-9497645-usa-noaa,70.411389,
ok,0.0,29.67,0.053,260088.0,4.0,6.2,5248.0,-0.04,13.87,0.07,2.2,prudhoe_bay_ak-579a-usa-uhslc,70.4,
ok,0.0,25.97,0.017,227663.0,4.0,39.8,5.0,0.0,3.05,0.25,3.1,pt_la_rue-121a-syc-uhslc,-4.672,
rejected,0.0,54.0,0.645,473352.0,,,,,,,,puerto_angel-672-mex-unam,15.66666667,gap 0.645>0.5
ok,0.0,22.83,0.258,200154.0,3.0,41.1,6.0,-0.0,8.0,0.84,1.4,puerto_angel-672a-mex-uhslc,15.657,
ok,0.0,19.0,0.007,166555.0,3.0,111.2,3.0,0.0,9.61,0.59,0.8,puerto_armuelles-304b-pan-uhslc,8.273,
ok,0.0,20.9,0.009,183258.0,3.0,6.1,12.0,0.0,3.69,0.0,2.3,puerto_cortes-780a-hnd-uhslc,15.833,
ok,0.0,38.75,0.048,339654.0,5.0,183.5,17.0,0.0,12.31,0.73,0.9,puerto_montt-684a-chl-uhslc,-41.485,
ok,0.0,16.36,0.126,143431.0,2.0,29.7,12.0,0.01,5.67,0.09,0.8,puerto_princesa-380a-phl-uhslc,9.75,
rejected,0.0,42.0,0.752,368160.0,,,,,,,,puerto_vallarta-393-mex-unam,20.65833333,gap 0.752>0.5
ok,0.0,19.0,0.047,166560.0,3.0,149.3,103.0,-0.01,11.85,1.27,0.8,pulpit_harbor-8414888-usa-da_sat,44.1565,
ok,0.0,63.67,0.111,558123.0,8.0,200.6,62.0,0.0,11.24,0.28,1.6,queen_charlotte_city-9850-can-meds,53.25,
ok,0.0,28.59,0.054,250593.0,4.0,25.7,57.0,-0.0,11.8,0.0,2.0,queenscliff-60732-aus-bom,-38.2728,
ok,0.0,34.0,0.164,298026.0,5.0,99.4,6.0,0.0,5.56,0.46,2.2,quepos-087a-cri-uhslc,9.4,
ok,0.0,22.66,0.086,198695.0,3.0,53.5,113.0,-0.01,11.85,0.09,1.0,quonset_point-8454049-usa-noaa,41.58694,
ok,0.0,49.96,0.017,437960.0,7.0,0.2,29357.0,0.19,15.95,0.05,2.6,raahe-raa-fin-cmems,64.665901,
ok,0.0,50.31,0.002,441000.0,7.0,0.2,30333.0,0.19,15.92,0.08,2.7,raahe_lapaluoto-100540-fin-fmi,64.67,
ok,0.0,31.74,0.153,278231.0,4.0,3.8,12.0,-0.0,3.23,0.15,1.7,rabaul-010a-png-uhslc,-4.2,
ok,0.0,47.85,0.0,419473.0,7.0,9.7,5666.0,-0.14,16.03,0.22,1.9,rak_noord-raknd-nld-rws,51.695038,
ok,0.0,47.69,0.0,418009.0,7.0,175.4,195.0,-0.01,22.87,0.05,0.5,rak_zuid-rakzd-nld-rws,51.682431,
ok,0.0,20.63,0.02,180817.0,3.0,26.7,32.0,0.01,4.0,0.0,4.2,rarotonga-023a-cok-uhslc,-21.207,
ok,0.0,25.86,0.025,226703.0,4.0,26.8,24.0,-0.0,3.17,0.07,4.4,rarotonga-023b-cok-uhslc,-21.2,
ok,0.0,26.86,0.024,235463.0,4.0,26.8,24.0,-0.0,3.16,0.04,4.4,rarotonga_avarua_harbour-65980-cok-bom,-21.2048,
ok,0.0,129.46,0.0,1134908.0,17.0,0.3,93878.0,0.13,12.75,0.07,3.4,ratan-2056-swe-smhi,63.9861,
ok,0.0,129.14,0.0,1132059.0,17.0,0.3,85020.0,0.11,12.79,0.04,3.4,ratan-rat-swe-cmems,63.986099,
ok,0.0,49.96,0.015,437960.0,7.0,0.6,2407.0,0.02,9.77,0.02,5.6,rauma-rau-fin-cmems,61.133499,
ok,0.0,50.31,0.0,441000.0,7.0,0.6,2475.0,0.02,9.78,0.01,5.6,rauma_ulko_petajas-134224-fin-fmi,61.13,
ok,1.0,46.35,0.439,406352.0,6.0,15.2,128.0,-0.03,11.17,0.15,2.8,ravenna-rav-ita-ispra,44.492075,
ok,0.0,25.66,0.0,224952.0,4.0,165.6,44.0,-0.01,32.98,1.18,1.2,rechtenfleth-4108-deu-wsv,53.381171,
ok,0.0,18.58,0.089,162887.0,3.0,7.4,4655.0,0.2,25.21,0.34,1.8,red_dog_dock-9491094-usa-noaa,67.575806,
ok,0.0,47.66,0.452,417839.0,5.0,87.3,26.0,0.0,6.62,0.38,1.6,redwood_city-9414523-usa-noaa,37.506699,
ok,0.0,48.66,0.171,426599.0,7.0,75.2,464.0,0.02,17.73,0.54,1.0,reedy_point-8551910-usa-noaa,39.5583,
ok,0.0,22.35,0.067,195969.0,3.0,6.3,125.0,-0.0,5.52,0.05,4.4,reggio_calabria-reg-ita-ispra,38.12171944,
ok,0.0,14.4,0.06,126237.0,2.0,0.3,6776.0,-0.06,20.65,0.05,5.3,repentigny-15668-can-meds,45.74,
ok,0.0,19.7,0.098,172665.0,3.0,45.3,314.0,-0.02,9.81,0.35,1.8,resolute-5560-can-meds,74.66,
ok,0.0,51.84,0.38,454437.0,7.0,13.3,8.0,0.01,4.22,0.06,3.8,reunion-164a-fra-uhslc,-20.935,
ok,0.0,15.71,0.056,137690.0,2.0,132.2,8.0,-0.01,13.28,1.57,1.7,reykjavik-288a-isl-uhslc,64.15,
ok,0.0,51.0,0.034,447071.0,7.0,129.9,286.0,-0.02,13.63,5.62,1.5,reykjavik-reyk-isl-icg,64.150581,
rejected,0.0,48.73,0.765,427223.0,,,,,,,,richard-150-fra-refmar,45.453667,gap 0.765>0.5
rejected,0.0,48.73,0.765,427223.0,,,,,,,,richard_60minute-ric-fra-cmems,45.453671,gap 0.765>0.5
ok,0.0,39.56,0.428,346772.0,5.0,59.2,19.0,0.04,9.83,1.71,1.7,richards_bay-188a-zaf-uhslc,-28.8,
ok,0.0,25.66,0.037,225000.0,4.0,61.2,57.0,-0.01,6.42,0.34,2.2,richmond-9414863-usa-noaa,37.923,
ok,0.0,49.24,0.06,431631.0,7.0,26.1,64.0,-0.0,3.11,0.1,3.6,rikitea-016a-fra-uhslc,-23.125,
ok,0.0,36.64,0.057,321224.0,5.0,128.1,1514.0,0.05,15.58,0.02,0.6,rimouski-2985-can-meds,48.48,
ok,0.0,53.45,0.036,468577.0,7.0,4.6,11099.0,-0.17,14.72,0.16,2.0,ringhals-2105-swe-smhi,57.2497,
ok,0.0,53.13,0.092,465728.0,7.0,4.6,9582.0,-0.16,14.76,0.12,2.0,ringhals-rin-swe-cmems,57.249699,
rejected,0.0,22.51,0.774,197349.0,,,,,,,,rio_grande-714a-bra-uhslc,-32.138,gap 0.774>0.5
rejected,0.0,80.33,0.837,704208.0,,,,,,,,rivi_a475re_du_loup-3130-can-meds,47.85,gap 0.837>0.5
ok,0.0,52.12,0.075,456930.0,7.0,50.1,2718.0,0.0,13.33,0.04,0.7,riviere_au_renard-2330-can-meds,49.0,
ok,0.0,31.35,0.355,274870.0,3.0,44.4,28.0,0.0,14.07,0.68,1.4,roaring_river-ror-usa-cdwr,38.0931,
ok,0.0,25.04,0.0,219552.0,4.0,158.1,99.0,-0.03,32.66,0.48,1.3,robbensudsteert-4110-deu-wsv,53.639234,
ok,0.0,60.58,0.006,531076.0,8.0,0.1,55.0,-0.0,2.72,0.0,6.6,rochester_ny-9052058-usa-noaa,43.26903,
ok,0.0,20.58,0.041,180436.0,3.0,1.8,61.0,0.0,6.18,0.01,0.6,rock_cut_mi-9076024-usa-noaa,46.264806,
ok,0.0,18.57,0.035,162776.0,3.0,29.9,26.0,0.0,9.03,1.28,1.9,rock_slough_ab_contra_costa_canal-rsl-usa-cdwr,37.97631,
ok,0.0,73.66,0.149,645767.0,10.0,0.5,7832.0,0.0,8.71,0.04,2.8,rockport-8774770-usa-noaa,28.0217,
ok,0.0,81.83,0.24,717378.0,11.0,0.6,7392.0,0.0,8.68,0.03,2.8,rockport_tx-769a-usa-uhslc,28.022,
ok,0.0,15.96,0.013,139904.0,2.0,3.7,2675.0,0.0,19.61,0.11,1.5,rodby-rod-dnk-cmems,54.650002,
ok,0.0,30.82,0.024,270202.0,4.0,39.8,36.0,-0.01,3.88,0.34,5.8,rodrigues-105a-mus-uhslc,-19.668,
ok,0.0,29.34,0.076,257192.0,4.0,1.5,4625.0,0.01,17.54,0.1,1.7,rodvig-rod-dnk-cmems,55.2542,
ok,0.0,26.83,0.367,235245.0,4.0,0.1,2820.0,0.02,13.86,0.05,2.3,ronne-ron-dnk-cmems,55.099998,
ok,0.0,31.54,0.0,276467.0,4.0,117.4,780.0,-0.05,22.33,0.46,0.9,roompot_binnen-roompbnn-nld-rws,51.619106,
ok,0.0,31.69,0.0,277754.0,5.0,135.5,117.0,0.0,23.7,1.24,0.9,roompot_buiten-roompbtn-nld-rws,51.619592,
ok,0.0,49.37,0.03,432769.0,7.0,78.2,3287.0,-0.08,12.78,0.1,2.3,rorvik-803a-nor-uhslc,64.867,
ok,0.0,51.37,0.037,450313.0,7.0,78.2,3083.0,-0.06,13.84,0.04,1.9,rorvik-rvk-nor-nhs,64.859456,
ok,0.0,47.73,0.054,418464.0,6.0,268.6,32.0,-0.01,12.29,0.15,1.8,roscoff-54-fra-refmar,48.718426,
ok,0.0,47.23,0.053,414058.0,6.0,268.6,31.0,-0.01,12.3,0.26,1.8,roscoff_60minute-ros-fra-cmems,48.718399,
ok,0.0,25.79,0.007,226090.0,4.0,130.9,5.0,0.0,8.06,0.45,2.1,rosslyn_bay-330a-aus-uhslc,-23.162,
ok,0.0,30.24,0.093,265124.0,4.0,130.9,8.0,-0.0,8.08,0.07,2.1,rosslyn_bay-59670-aus-bom,-23.1667,
ok,0.0,54.28,0.041,475830.0,7.0,0.3,99.0,-0.0,2.9,0.01,1.8,rossport_ontario-10220-can-meds,48.83,
ok,0.0,15.7,0.179,137653.0,3.0,12.5,402.0,-0.02,11.5,0.26,2.0,rothera-832a-gbr-uhslc,-67.567,
ok,0.0,17.25,0.168,151211.0,3.0,12.4,628.0,-0.02,11.5,0.51,2.1,rothera-rot-gbr-noc,-67.5713,
ok,0.0,82.68,0.295,724823.0,11.0,80.1,187.0,-0.02,22.15,0.79,1.2,rotterdam-rottdm-nld-rws,51.920018,
ok,0.0,20.34,0.011,178336.0,3.0,33.9,40.0,0.0,12.64,0.01,2.0,rough_and_ready_island-rri-usa-cdwr,37.963,
ok,0.0,37.0,0.254,324336.0,5.0,4.3,7058.0,-0.18,8.53,0.46,1.2,rumoiko-0132-jpn-jodc_pahb,43.95055,
ok,0.0,23.7,0.152,207806.0,3.0,16.0,1504.0,-0.15,14.32,0.12,0.9,rustico-1915-can-meds,46.47,
ok,0.0,33.92,0.022,297366.0,5.0,11.4,332.0,0.01,12.8,0.02,1.6,sabine_pass_n_tx-766a-usa-uhslc,29.73,
ok,0.0,35.75,0.027,313358.0,5.0,11.4,303.0,0.01,12.78,0.07,1.6,sabine_pass_north-8770570-usa-noaa,29.7284,
ok,0.0,38.57,0.036,338095.0,5.0,17.0,811.0,-0.06,27.2,1.47,6.7,sacramento_r_at_snodgrass-sgx-usa-cdwr,38.3497,
ok,0.0,16.61,0.492,145606.0,2.0,4.6,490.0,-0.08,45.4,1.38,5.2,sacramento_river_at_bryte-bry-usa-cdwr,38.602,
ok,0.0,37.0,0.077,324360.0,5.0,15.6,1004.0,0.05,36.03,0.14,6.1,sacramento_river_at_freeport-fpt-usa-cdwr,38.45,
ok,0.0,37.0,0.046,324360.0,5.0,10.5,3080.0,-0.04,46.75,0.52,6.6,sacramento_river_at_i_street_bridge-ist-usa-cdwr,38.58867,
ok,0.0,33.69,0.042,295320.0,5.0,42.1,23.0,0.02,10.4,0.53,2.3,sacramento_river_at_mallard_island-mal-usa-cdwr,38.0428,
ok,0.0,37.0,0.059,324360.0,5.0,40.8,111.0,0.0,11.61,0.01,2.1,sacramento_river_at_rio_vista_bridge-rvb-usa-cdwr,38.15974,
ok,0.0,37.0,0.118,324360.0,5.0,0.6,9676.0,0.12,50.05,0.39,5.3,sacramento_river_at_verona-von-usa-cdwr,38.774155,
ok,0.0,14.63,0.024,128222.0,2.0,21.6,103.0,-0.0,15.78,0.88,5.5,sacramento_river_below_georgiana_slough-ges-usa-cdwr,38.2389,
ok,0.0,23.0,0.018,201600.0,3.0,5.7,8215.0,-0.17,6.98,0.04,1.6,sado-ma79-jpn-jodc_jma,38.3186,
ok,0.0,13.64,0.018,119553.0,2.0,1.8,636.0,-0.01,6.37,0.0,3.0,sagunto-sag-esp-cmems,39.633999,
ok,0.0,59.0,0.018,517176.0,8.0,6.3,13375.0,-0.04,6.78,0.03,1.5,saigo-ma54-jpn-jodc_jma,36.20138333,
ok,0.0,55.06,0.171,482631.0,7.0,167.6,67.0,0.01,12.91,0.58,1.9,sainildas_60minute-sai-fra-cmems,47.140381,
ok,0.0,59.16,0.039,518610.0,8.0,202.7,207.0,-0.01,25.62,0.6,0.7,saint_francois_io-3100-can-meds,47.0,
ok,0.0,55.06,0.17,482631.0,7.0,167.6,68.0,0.01,12.91,0.58,1.9,saint_gildas-36-fra-refmar,47.140383,
ok,0.0,75.37,0.415,660698.0,9.0,134.0,82.0,-0.01,8.64,0.21,2.5,saint_jean_de_luz_socoa-95-fra-refmar,43.39524,
ok,0.0,124.89,0.221,1094806.0,16.0,305.0,89.0,-0.01,16.88,0.09,0.4,saint_john-65-can-meds,45.25,
ok,0.0,53.75,0.118,471162.0,7.0,202.3,689.0,-0.0,21.93,0.51,0.8,saint_joseph_de_la_rive-3057-can-meds,47.45,
ok,0.0,34.73,0.239,304442.0,4.0,367.5,6.0,0.0,16.63,0.4,1.1,saint_malo-410-fra-refmar,48.640812,
ok,0.0,198.72,0.423,1741968.0,19.0,169.4,134.0,-0.0,14.2,0.52,1.9,saint_nazaire-37-fra-refmar,47.266862,
ok,0.0,58.0,0.05,508416.0,8.0,0.0,11010.0,-0.1,13.77,0.07,7.2,sainte_anne_de_bellevue-16005-can-meds,45.4,
ok,0.0,29.77,0.191,260944.0,4.0,91.3,1292.0,0.02,17.31,0.13,0.5,sainte_anne_des_monts-2935-can-meds,49.13,
ok,0.0,34.48,0.241,302234.0,4.0,367.5,6.0,0.01,16.59,0.51,1.1,saintmalo_60minute-sai-fra-cmems,48.641102,
ok,0.0,62.75,0.186,550038.0,7.0,172.1,47.0,-0.0,14.03,0.52,2.0,saintnazaire_60minute-sai-fra-cmems,47.27,
ok,0.0,40.28,0.116,353135.0,6.0,18.6,43.0,-0.01,3.92,0.65,3.2,saipan-028b-usa-uhslc,15.227,
ok,0.0,53.0,0.03,464592.0,7.0,4.9,29166.0,-0.2,8.03,0.02,1.2,sakai-ma53-jpn-jodc_jma,35.54778333,
ok,0.0,19.0,0.019,166536.0,3.0,5.3,7851.0,-0.2,8.97,0.11,1.8,sakatako-0102-jpn-jodc_pahb,38.9175,
ok,0.0,28.64,0.154,251073.0,4.0,31.2,30.0,0.0,3.78,0.07,3.1,salalah-114a-omn-uhslc,16.935,
ok,0.0,42.92,0.343,376276.0,6.0,50.3,53.0,0.01,9.82,0.0,1.1,saldahna_bay-703a-zaf-uhslc,-33.017,
ok,0.0,29.39,0.21,257660.0,4.0,12.0,210.0,0.01,5.44,0.01,3.8,salerno-sal-ita-ispra,40.67664167,
ok,0.0,44.0,0.262,385704.0,6.0,49.0,45.0,-0.0,8.67,0.46,1.8,salina_cruz-394-mex-unam,16.31833333,
ok,0.0,38.91,0.196,341112.0,5.0,49.0,39.0,-0.0,8.69,0.41,1.8,salina_cruz-394a-mex-uhslc,16.16,
ok,0.0,14.25,0.02,124881.0,2.0,78.9,23.0,-0.0,3.77,0.04,2.1,salvador-708b-bra-uhslc,-12.973,
ok,0.0,22.0,0.295,192835.0,3.0,6.4,41.0,-0.02,5.31,0.01,3.4,san_andres-737a-col-uhslc,12.57,
rejected,0.0,16.0,0.534,140256.0,,,,,,,,san_carlos-674-mex-unam,24.78666667,gap 0.534>0.5
ok,0.0,14.58,0.489,127800.0,2.0,55.1,1.0,-0.02,8.49,0.87,0.6,san_carlos-674a-mex-uhslc,24.79,
ok,0.0,115.58,0.024,1013183.0,15.0,52.4,379.0,-0.0,4.9,0.06,1.8,san_diego-9410170-usa-noaa,32.714194,
ok,0.0,112.94,0.021,990064.0,15.0,52.4,46.0,0.0,4.85,0.18,1.9,san_diego_ca-569a-usa-uhslc,32.713,
ok,0.0,31.15,0.143,273081.0,4.0,25.6,37.0,0.0,4.22,0.41,1.4,san_felix-035a-chl-uhslc,-26.292,
ok,0.0,123.66,0.021,1084031.0,16.0,54.0,238.0,-0.0,6.57,0.44,2.0,san_francisco-9414290-usa-noaa,37.806306,
ok,0.0,121.41,0.004,1064320.0,16.0,53.9,112.0,-0.0,6.54,0.14,2.0,san_francisco_ca-551a-usa-uhslc,37.807,
ok,0.0,15.74,0.002,137964.0,2.0,24.1,7.0,0.03,11.2,0.88,5.5,san_joaquin_r_at_brandt_bridge-bdt-usa-cdwr,37.865,
ok,0.0,14.51,0.049,127239.0,2.0,29.1,60.0,0.0,8.89,0.19,2.3,san_joaquin_r_at_prisoners_pt_near_termino-pri-usa-cdwr,38.0594,
ok,0.0,38.55,0.032,337975.0,5.0,34.9,31.0,0.01,9.47,0.15,2.4,san_joaquin_r_at_rindge_pump-rgp-usa-cdwr,37.99728,
ok,0.0,38.44,0.017,336969.0,5.0,36.8,38.0,0.0,8.64,0.48,2.4,san_joaquin_river_at_antioch-anh-usa-cdwr,38.01783,
ok,0.0,18.0,0.085,157825.0,3.0,32.1,11.0,-0.01,9.79,0.37,2.3,san_joaquin_river_at_garwood_bridge-sjg-usa-cdwr,37.935,
ok,0.0,19.0,0.253,166536.0,3.0,28.5,32.0,0.01,8.15,0.59,1.9,san_joaquin_river_at_jersey_point-sjj-usa-cdwr,38.052,
ok,0.0,38.61,0.014,338435.0,5.0,32.3,104.0,-0.01,8.65,0.15,2.5,san_joaquin_river_at_venice_island-vni-usa-cdwr,38.05018,
ok,0.0,20.73,0.068,181727.0,3.0,71.9,4.0,-0.0,5.61,0.0,2.6,san_jose-675a-gtm-uhslc,13.917,
ok,0.0,25.52,0.201,223760.0,4.0,23.5,41.0,0.0,6.87,0.66,1.3,san_juan-096a-per-uhslc,-15.367,
ok,0.0,44.58,0.063,390791.0,6.0,15.4,54.0,0.0,3.19,0.01,1.9,san_juan-9755371-usa-noaa,18.459167,
ok,0.0,41.09,0.037,360173.0,6.0,15.4,51.0,0.0,3.19,0.06,2.0,san_juan_pr-245a-usa-uhslc,18.46,
ok,0.0,66.66,0.053,584399.0,9.0,11.5,206.0,-0.01,5.83,0.11,2.3,sand_island-1619910-usa-noaa,28.2117,
ok,0.0,49.66,0.047,435383.0,7.0,73.5,531.0,-0.02,13.71,0.1,2.5,sand_point-9459450-usa-noaa,55.33172,
ok,0.0,46.0,0.028,403224.0,6.0,73.5,473.0,-0.02,13.69,0.01,2.5,sand_point_ak-574a-usa-uhslc,55.337,
ok,0.0,22.02,0.035,193016.0,3.0,41.5,10.0,0.0,5.68,0.76,1.0,sandakan-389a-mys-uhslc,5.81,
ok,0.0,14.75,0.052,129288.0,2.0,124.3,44.0,-0.0,12.22,0.29,1.5,sandown_pier-sdp-gbr-cco,50.65112,
ok,0.0,111.66,0.163,978863.0,13.0,66.4,905.0,-0.02,15.96,0.04,1.1,sandy_hook-8531680-usa-noaa,40.466944,
ok,0.0,18.91,0.0,165795.0,3.0,51.5,7.0,-0.0,6.42,0.37,1.9,sanfrancisco_fort_point-9414920-usa-da_sat,37.8091,
ok,0.0,42.66,0.425,374015.0,6.0,49.6,9.0,0.0,4.58,0.07,1.9,santa_barbara-9411340-usa-noaa,34.403111,
ok,0.0,39.42,0.443,345547.0,5.0,49.6,9.0,0.0,4.56,0.11,2.0,santa_barbara_ca-577a-usa-uhslc,34.408,
ok,0.0,40.2,0.035,352399.0,6.0,63.0,25.0,-0.0,2.98,0.02,2.5,santa_cruz-030a-ecu-uhslc,-0.755,
ok,0.0,48.66,0.116,426599.0,7.0,50.8,34.0,-0.0,4.62,0.03,2.1,santa_monica-9410840-usa-noaa,34.0083,
ok,0.0,45.11,0.051,395416.0,6.0,50.8,31.0,-0.01,4.71,0.1,2.2,santa_monica_ca-578a-usa-uhslc,34.008,
ok,0.0,28.59,0.005,250603.0,4.0,132.0,353.0,-0.01,8.74,0.01,2.3,santander-san-esp-cmems,43.460999,
ok,0.0,73.0,0.035,639912.0,10.0,131.0,75.0,0.0,11.52,11.32,1.5,santander-sant-esp-ieo,43.4614,
ok,0.0,70.0,0.032,613608.0,9.0,85.0,134.0,-0.0,6.93,0.19,1.6,sasebo-hd19-jpn-jodc_jcg,33.15805,
ok,0.0,15.89,0.036,139341.0,2.0,0.9,5081.0,0.01,14.66,0.02,1.9,sassnitz-sas-deu-cmems,54.510799,
ok,0.0,59.45,0.038,521119.0,8.0,1.7,26.0,-0.0,8.89,0.02,0.7,sault_ste_marie_ontario-10980-can-meds,46.51,
ok,0.0,59.45,0.029,521119.0,8.0,0.7,1461.0,0.01,7.09,0.02,2.4,sault_ste_marie_ontario-11010-can-meds,46.51,
ok,0.0,20.58,0.025,180456.0,3.0,48.7,20.0,0.0,6.48,0.02,1.9,sausalito-9414806-usa-da_sat,37.849,
ok,0.0,72.68,0.302,637151.0,8.0,74.5,112.0,-0.01,24.51,0.86,1.0,scheveningen-schevngn-nld-rws,52.099033,
ok,0.0,47.69,0.0,418009.0,7.0,103.2,366.0,-0.03,27.67,1.11,1.4,schiermonnikoog-schiermnog-nld-rws,53.468935,
rejected,0.0,142.68,0.664,1250753.0,,,,,,,,schoonhoven-schoonhvn-nld-rws,51.943089,gap 0.664>0.5
ok,0.0,21.0,0.024,184104.0,3.0,156.3,131.0,0.03,39.21,0.68,1.3,schopfstelle_pegel_hpa-3343-deu-wsv,53.508403,
ok,0.0,23.08,0.044,202368.0,3.0,137.5,196.0,-0.04,37.17,1.75,1.4,schulau-96-deu-wsv,53.568547,
ok,0.0,16.41,0.387,143836.0,2.0,3.9,550.0,-0.04,8.36,0.04,1.9,scott_base-663a-nzl-uhslc,-77.85,
ok,0.0,22.64,0.066,198455.0,3.0,65.2,4.0,0.0,5.34,0.16,1.6,scruz_d_palma-206b-esp-uhslc,28.683,
ok,0.0,122.66,0.003,1075271.0,16.0,106.6,657.0,-0.01,10.56,0.17,2.0,seattle-9447130-usa-noaa,47.601944,
ok,0.0,95.66,0.427,838607.0,10.0,120.2,644.0,-0.02,12.01,0.04,1.1,seavey_island-8419870-usa-noaa,43.079722,
ok,0.0,28.96,0.019,253920.0,4.0,54.8,9.0,0.0,8.55,0.09,1.9,sedili-324a-mys-uhslc,1.932,
ok,0.0,21.0,0.001,184104.0,3.0,152.9,80.0,-0.01,38.13,0.69,1.4,seemannshoft_pegel_hpa-3345-deu-wsv,53.540127,
ok,0.0,46.66,0.1,409079.0,6.0,222.0,109.0,-0.0,13.68,0.1,2.3,seldovia-9455500-usa-noaa,59.440498,
ok,0.0,43.47,0.114,381086.0,6.0,222.0,88.0,-0.0,13.8,0.28,2.3,seldovia_ak-561a-usa-uhslc,59.44,
ok,0.0,19.0,0.487,166536.0,2.0,32.8,26.0,0.04,8.3,0.48,1.9,sendaiko-0112-jpn-jodc_pahb,38.27278333,
ok,0.0,48.84,0.096,428130.0,7.0,91.3,4322.0,0.03,15.01,0.16,0.7,sept_iles-2780-can-meds,50.19,
rejected,0.0,64.69,0.729,567090.0,,,,,,,,sete-250-fra-refmar,43.397633,gap 0.729>0.5
rejected,0.0,64.44,0.769,564882.0,,,,,,,,sete_60minute-set-fra-cmems,43.400002,gap 0.769>0.5
ok,0.0,16.61,0.084,145651.0,3.0,40.4,52.0,-0.0,4.5,0.07,1.5,settlement_point-257a-bhs-uhslc,26.71,
ok,0.0,16.57,0.078,145304.0,3.0,33.5,80.0,-0.01,5.16,0.19,1.2,settlement_point-257b-bhs-uhslc,26.69,
ok,0.0,44.66,0.028,391535.0,6.0,119.4,937.0,-0.04,13.25,0.0,2.5,seward-9455090-usa-noaa,60.12,
ok,0.0,52.0,0.103,455822.0,7.0,119.1,944.0,-0.03,13.3,0.09,2.5,seward_ak-560c-usa-uhslc,60.12,
ok,0.0,94.66,0.028,829847.0,12.0,36.5,6081.0,-0.08,14.8,0.05,1.6,sewells_point-8638610-usa-noaa,36.946701,
ok,0.0,38.61,0.016,338436.0,5.0,27.2,78.0,-0.01,13.09,1.29,3.2,sf_mokelumne_river_at_new_hope_bridge-msm-usa-cdwr,38.22527778,
ok,0.0,23.0,0.016,201624.0,3.0,27.9,0.0,-0.0,12.63,0.13,1.5,shanwei-641a-chn-uhslc,22.75,
ok,0.0,49.38,0.338,432849.0,6.0,15.2,781.0,-0.04,18.94,0.1,0.6,shediac_bay-1805-can-meds,46.23,
ok,0.0,69.58,0.434,609960.0,9.0,201.8,174.0,-0.0,23.84,0.45,0.4,sheerness-she-gbr-bodc,51.445639,
ok,0.0,31.08,0.239,272494.0,4.0,200.6,120.0,0.06,30.51,0.2,0.9,sheerness-she-gbr-cmems,51.450001,
rejected,0.0,39.66,0.647,347711.0,,,,,,,,shell_beach-8761305-usa-noaa,29.8683,gap 0.647>0.5
ok,0.0,43.24,0.019,379104.0,6.0,50.2,326.0,-0.02,8.18,0.07,1.4,shibaura-hd07-jpn-jodc_jcg,35.63695,
ok,0.0,19.0,0.005,166536.0,3.0,55.9,515.0,-0.05,7.5,0.21,3.8,shibushiko-0114-jpn-jodc_pahb,31.475,
ok,0.0,23.0,0.004,201616.0,3.0,140.5,146.0,-0.01,15.91,0.56,0.8,shijiusuo-642a-chn-uhslc,35.383,
ok,0.0,55.0,0.001,482112.0,7.0,40.1,4187.0,-0.06,7.29,0.26,2.2,shimizuminato-ma19-jpn-jodc_jma,35.01166667,
ok,0.0,23.0,0.005,201600.0,3.0,28.7,1779.0,-0.05,7.02,0.09,1.3,shimokita-ma74-jpn-jodc_jma,41.3647,
ok,0.0,49.33,0.061,432432.0,7.0,73.6,40.0,0.0,7.28,0.24,1.5,shimonoseki-ma51-jpn-jodc_jma,33.925,
ok,0.0,19.57,0.104,171566.0,3.0,83.4,355.0,0.0,17.57,0.23,1.0,ship_john_shoal-8537121-usa-noaa,39.305,
ok,0.0,52.0,0.011,455832.0,7.0,48.3,2758.0,-0.06,7.53,0.02,2.3,shirahama-ma27-jpn-jodc_jma,33.68361667,
ok,0.0,35.21,0.129,308624.0,5.0,102.8,6.0,0.01,8.36,0.12,2.1,shute_harbour-59410-aus-bom,-20.2833,
ok,0.0,15.24,0.103,133590.0,2.0,27.9,4.0,-0.01,5.91,0.26,2.5,sibolga-122a-idn-uhslc,1.75,
ok,0.0,59.69,0.226,523246.0,8.0,50.9,46.0,-0.01,8.61,0.08,1.1,simons_town-221a-zaf-uhslc,-34.183,
ok,0.0,38.87,0.0,340753.0,5.0,0.7,12387.0,0.05,13.48,0.16,2.5,simrishamn-2320-swe-smhi,55.5575,
ok,0.0,38.55,0.001,337904.0,5.0,0.7,9341.0,0.05,13.59,0.11,2.5,simrishamn-sim-swe-cmems,55.557499,
ok,0.0,83.66,0.012,733415.0,11.0,109.8,3600.0,-0.05,11.93,0.16,2.1,sitka-9451600-usa-noaa,57.051694,
ok,0.0,80.62,0.007,706703.0,11.0,109.8,3364.0,-0.05,11.94,0.08,2.2,sitka_ak-559a-usa-uhslc,57.052,
ok,0.0,29.02,0.096,254420.0,4.0,8.3,4973.0,-0.04,14.88,0.23,1.3,sjaellandsodde-sja-dnk-cmems,55.974998,
ok,0.0,29.03,0.12,254538.0,4.0,13.2,1540.0,-0.04,17.13,0.26,2.0,skagen-ska-dnk-cmems,57.719398,
ok,0.0,36.13,0.235,316690.0,5.0,0.3,16097.0,0.07,10.08,0.02,4.8,skagsudde-2321-swe-smhi,63.1906,
ok,0.0,36.13,0.235,316690.0,5.0,0.3,15699.0,0.07,10.08,0.03,4.8,skagsudde-ska-swe-cmems,63.190601,
ok,0.0,39.66,0.025,347711.0,5.0,201.7,38.0,-0.01,14.58,0.73,2.0,skagway-9452400-usa-noaa,59.4508,
ok,0.0,19.66,0.097,172391.0,3.0,83.6,53.0,0.01,13.54,0.55,3.0,skamokawa-9440569-usa-noaa,46.270306,
ok,0.0,29.16,0.007,255593.0,4.0,3.1,2925.0,0.02,16.72,0.06,1.8,skanor-30488-swe-smhi,55.4167,
ok,0.0,28.83,0.008,252744.0,4.0,3.1,1978.0,0.02,16.8,0.04,1.8,skanor-ska-swe-cmems,55.416698,
rejected,0.0,14.89,0.598,130539.0,,,,,,,,skerries_harbour-ske-irl-mi_c,53.585,gap 0.598>0.5
ok,0.0,15.96,0.023,139904.0,2.0,14.5,2560.0,-0.07,14.51,0.46,0.9,slipshavn-sli-dnk-cmems,55.283298,
ok,0.0,110.82,0.002,971449.0,14.0,10.2,8390.0,-0.07,15.96,0.19,2.1,smogen-2111-swe-smhi,58.3536,
ok,0.0,110.49,0.002,968600.0,14.0,10.2,7420.0,-0.06,15.97,0.1,2.1,smogen-smo-swe-cmems,58.3536,
ok,0.0,77.86,0.418,682538.0,9.0,134.0,94.0,-0.0,8.62,0.59,2.5,socoa_60minute-soc-fra-cmems,43.398399,
ok,0.0,42.66,0.121,374015.0,6.0,16.5,17361.0,-0.03,13.59,0.11,1.2,solomons_island-8577330-usa-noaa,38.317222,
ok,0.0,47.0,0.044,411984.0,6.0,32.9,498.0,-0.01,7.24,0.07,1.8,soma-gs18-jpn-jodc_giaj,37.83055,
rejected,0.0,53.39,0.756,468070.0,,,,,,,,sooke_bc-7020-can-meds,48.37,gap 0.756>0.5
ok,0.0,55.16,0.011,483547.0,7.0,0.9,12375.0,-0.16,17.96,0.06,6.1,sorel-15930-can-meds,46.05,
ok,0.0,54.66,0.011,479207.0,7.0,88.0,500.0,-0.02,11.1,0.1,2.5,south_beach-9435380-usa-noaa,44.6254,
ok,0.0,51.91,0.007,455080.0,7.0,88.0,472.0,-0.02,11.16,0.03,2.5,south_beach_or-592a-usa-uhslc,44.625,
ok,0.0,19.66,0.227,172391.0,3.0,1.7,626.0,0.01,7.69,0.01,1.9,south_pass-8760551-usa-noaa,28.99,
ok,0.0,24.0,0.026,210384.0,4.0,113.6,5.0,0.0,7.76,0.21,2.3,south_trees-h052026a-aus-bom,-23.85,
ok,0.0,56.0,0.121,490896.0,7.0,135.9,3.0,-0.0,18.37,2.05,0.9,southampton-sou-gbr-da_idh,50.8839,
ok,0.0,24.66,0.461,216215.0,4.0,27.7,54.0,-0.0,9.58,0.29,2.5,southbank_riverwalk-8720226-usa-noaa,30.320499,
rejected,0.0,32.08,0.655,281231.0,,,,,,,,southport-8659084-usa-noaa,33.915,gap 0.655>0.5
ok,0.0,22.0,0.074,192817.0,3.0,60.1,103.0,-0.0,9.66,0.13,1.6,southport_north_carolina-8659084-usa-da_sat,33.915,
ok,0.0,47.69,0.0,418009.0,7.0,68.2,311.0,-0.03,20.9,0.79,1.2,spijkenisse-spijknse-nld-rws,51.861659,
ok,0.0,52.55,0.001,460694.0,7.0,0.5,18003.0,0.04,10.06,0.02,5.1,spikarna-2061-swe-smhi,62.3633,
ok,0.0,52.23,0.001,457845.0,7.0,0.5,14759.0,0.04,10.09,0.0,5.1,spikarna-spi-swe-cmems,62.3633,
ok,0.0,14.92,0.041,130805.0,2.0,8.0,2525.0,-0.01,15.75,0.16,0.8,spodsbjerg-spo-dnk-cmems,54.9333,
ok,0.0,33.72,0.029,295591.0,5.0,29.9,2974.0,-0.0,10.13,0.28,1.9,spring_bay-335a-aus-uhslc,-42.547,
ok,0.0,51.09,0.335,447912.0,5.0,29.7,3293.0,-0.0,10.18,0.09,1.8,spring_bay-61170-aus-bom,-42.5486,
ok,0.0,45.66,0.103,400319.0,6.0,73.8,63.0,-0.01,12.61,0.04,1.4,springmaid_pier-8661070-usa-noaa,33.655,
rejected,0.0,24.53,0.586,215083.0,,,,,,,,st_augustine_beach-8720587-usa-noaa,29.8567,gap 0.586>0.5
rejected,0.0,23.95,0.575,209981.0,,,,,,,,st_augustine_fl-262a-usa-uhslc,29.857,gap 0.575>0.5
ok,0.0,53.59,0.005,469732.0,7.0,0.1,3298.0,0.01,4.78,0.01,4.6,st_clair_shores_mi-9034052-usa-noaa,42.473222,
ok,0.0,50.58,0.005,443428.0,7.0,0.3,382.0,-0.01,5.96,0.02,3.3,st_clair_state_police_mi-9014080-usa-noaa,42.812222,
ok,0.0,19.66,0.017,172391.0,3.0,26.1,233.0,-0.0,26.05,0.62,5.5,st_helens-9439201-usa-noaa,45.8633,
ok,0.0,29.58,0.164,259320.0,4.0,332.5,50.0,-0.0,16.01,0.47,1.4,st_helier_jersey-jer-gbr-bodc,49.183333,
ok,0.0,54.09,0.385,474128.0,6.0,35.5,1087.0,-0.02,12.88,1.34,1.4,st_johns-276a-can-uhslc,47.567,
ok,0.0,29.33,0.036,257095.0,4.0,35.6,84.0,-0.0,13.24,0.02,1.2,st_johns-276b-can-uhslc,47.567,
ok,0.0,85.68,0.252,751050.0,10.0,35.5,1020.0,-0.01,13.2,0.07,1.3,st_johns-905-can-meds,47.57,
ok,0.0,35.82,0.084,314026.0,5.0,0.0,4416.0,0.1,17.23,0.04,6.4,st_lambert_amont-15505-can-meds,45.49,
ok,0.0,28.17,0.02,246913.0,4.0,0.2,3517.0,-0.08,22.13,0.01,6.8,st_lambert_aval-15507-can-meds,45.5,
rejected,0.0,45.58,0.583,399576.0,,,,,,,,st_marys-stm-gbr-bodc,49.917833,gap 0.583>0.5
ok,0.0,23.0,0.001,201624.0,3.0,154.2,110.0,-0.02,39.09,2.44,1.3,st_pauli-97-deu-wsv,53.54569,
ok,0.0,75.66,0.046,663287.0,10.0,15.4,3984.0,-0.02,10.93,0.05,1.0,st_petersburg-8726520-usa-noaa,27.76061,
ok,0.0,72.04,0.031,631469.0,10.0,15.4,3918.0,-0.02,10.92,0.41,1.0,st_petersburg_fl-759a-usa-uhslc,27.76,
ok,0.0,23.0,0.001,201648.0,3.0,126.8,147.0,-0.01,36.48,0.61,1.4,stadersand-98-deu-wsv,53.629585,
ok,0.0,22.17,0.143,194385.0,3.0,43.5,319.0,0.01,10.13,0.06,2.0,stanley-sta-gbr-noc,-51.6924,
ok,0.0,102.0,0.127,894145.0,13.0,15.5,670.0,-0.02,11.95,0.04,2.0,stavanger-svg-nor-nhs,58.974339,
ok,0.0,47.69,0.0,418009.0,7.0,150.2,665.0,-0.03,24.74,1.06,0.9,stavenisse-stavnse-nld-rws,51.595404,
ok,0.0,19.0,0.164,166537.0,3.0,18.6,141.0,-0.03,19.89,1.41,5.7,steamboat_slough_btw_sac_r_and_sutter_sl-sss-usa-cdwr,38.285,
ok,0.0,47.33,0.438,414910.0,6.0,120.3,110.0,-0.05,32.2,7.23,0.6,steenbergse_sas-steenbsss-nld-rws,51.626665,
ok,0.0,58.67,0.047,514313.0,8.0,9.2,2996.0,-0.07,17.51,0.04,2.0,stenungsund-2110-swe-smhi,58.0933,
ok,0.0,58.34,0.052,511464.0,8.0,9.2,2444.0,-0.06,17.46,0.01,2.0,stenungsund-ste-swe-cmems,58.0933,
ok,0.0,51.67,0.365,452951.0,7.0,80.9,225.0,-0.03,12.41,0.09,1.8,steveston_bc-7607-can-meds,49.13,
ok,0.0,28.18,0.027,247035.0,4.0,334.8,8.0,0.01,15.89,0.01,1.4,sthelier-sth-gbr-cmems,49.1833,
ok,0.0,26.61,0.164,233264.0,4.0,175.2,261.0,0.02,15.56,0.23,2.5,stmarys-stm-gbr-cmems,49.9179,
ok,0.0,132.28,0.0,1159585.0,17.0,0.6,3894.0,-0.01,8.53,0.06,6.5,stockholm-2069-swe-smhi,59.3242,
ok,0.0,125.99,0.008,1104480.0,16.0,0.6,3618.0,-0.01,8.55,0.04,6.6,stockholm-826a-swe-uhslc,59.325,
ok,0.0,131.96,0.0,1156736.0,17.0,0.6,3730.0,-0.01,8.54,0.06,6.5,stockholm-sto-swe-cmems,59.3242,
ok,0.0,21.0,0.15,184081.0,3.0,38.6,23.0,0.01,10.92,0.01,2.1,stockton_california-9414883-usa-da_sat,37.95833333,
ok,0.0,22.08,0.0,193608.0,3.0,118.0,156.0,0.0,34.98,0.65,1.4,stor_sperrwerk_bp-99-deu-wsv,53.826148,
ok,0.0,41.0,0.192,359424.0,6.0,139.3,643.0,-0.03,14.59,0.32,2.0,stornoway-295a-gbr-uhslc,58.208,
ok,0.0,45.58,0.202,399576.0,6.0,139.3,877.0,-0.03,15.09,0.09,1.9,stornoway-sto-gbr-bodc,58.207722,
ok,0.0,31.08,0.113,272494.0,4.0,139.0,774.0,-0.01,14.8,0.39,2.1,stornoway-sto-gbr-cmems,58.216702,
ok,0.0,16.41,0.195,143839.0,3.0,1.9,1016.0,0.0,19.82,0.16,2.1,stpetersburg-stp-rus-cmems,59.9333,
ok,0.0,22.0,0.002,192864.0,3.0,53.7,268.0,-0.03,20.91,1.94,2.4,streefkerk-streefkk-nld-rws,51.907625,
ok,0.0,51.58,0.009,452189.0,7.0,0.8,154.0,-0.0,5.03,0.02,1.3,sturgeon_bay_canal_wi-9087072-usa-noaa,44.795583,
ok,0.0,52.58,0.2,460948.0,7.0,1.4,409.0,-0.02,13.4,0.0,0.8,sturgeon_point_ny-9063028-usa-noaa,42.691306,
ok,0.0,59.25,0.024,519366.0,8.0,0.1,4199.0,-0.0,4.44,0.02,2.7,summerstown_ontario-14940-can-meds,45.06,
ok,0.0,55.0,0.012,482112.0,7.0,30.4,101.0,-0.01,7.97,0.05,1.8,sumoto-ma32-jpn-jodc_jma,34.34666667,
ok,0.0,26.51,0.058,232345.0,4.0,49.1,35.0,0.01,14.2,0.71,1.6,sunrise_club-snc-usa-cdwr,38.185,
ok,0.0,20.83,0.181,182608.0,3.0,34.2,21.0,0.0,9.82,0.02,0.5,surabaya-160a-idn-uhslc,-7.208,
ok,0.0,50.0,0.027,438288.0,7.0,16.1,1251.0,-0.01,7.24,0.05,1.3,susa-gs16-jpn-jodc_giaj,34.6275,
ok,0.0,19.0,0.366,166536.0,3.0,18.9,171.0,0.01,21.42,0.99,6.4,sutter_slough_at_courtland-sut-usa-cdwr,38.3286,
ok,0.0,25.11,0.085,220114.0,4.0,54.8,49.0,0.0,4.34,0.39,1.6,suva-018a-fji-uhslc,-18.132,
ok,0.0,20.93,0.008,183455.0,3.0,57.1,27.0,-0.0,3.82,0.01,2.0,suva-018b-fji-uhslc,-18.133,
ok,0.0,22.14,0.007,194086.0,3.0,57.1,28.0,-0.0,3.86,0.42,1.9,suva-67050-fji-bom,-18.1342,
ok,0.0,59.58,0.058,522316.0,8.0,1.6,46.0,-0.0,9.0,0.01,0.6,sw_pier_st_marys_river_mi-9076070-usa-noaa,46.501111,
ok,0.0,105.59,0.018,925570.0,14.0,51.7,921.0,-0.01,7.26,0.1,2.5,sydney_fort_denison-60370-aus-bom,-33.8547,
ok,0.0,32.41,0.037,284069.0,5.0,50.0,741.0,-0.03,7.02,0.13,2.6,sydney_port_jackson-213470-aus-bom,-33.8254,
ok,0.0,28.91,0.039,253464.0,4.0,23.9,1816.0,-0.06,8.87,0.03,1.6,syowa_antarctica-127a-ata-uhslc,-69.0,
ok,0.0,33.0,0.038,289272.0,5.0,23.5,2676.0,-0.06,9.36,0.17,2.0,syowa_station_antarctica-hd50-ata-jodc_jcg,-69.00778333,
ok,0.0,24.66,0.023,216215.0,4.0,113.9,77.0,-0.0,10.16,0.41,2.2,tacoma-9446484-usa-noaa,47.27,
ok,0.0,29.3,0.244,256878.0,4.0,155.6,488.0,0.01,18.73,2.65,0.7,tadoussac-3425-can-meds,48.14,
ok,0.0,43.0,0.019,376920.0,6.0,40.1,2166.0,-0.05,7.26,0.1,2.2,tago-gs22-jpn-jodc_giaj,34.80721667,
ok,0.0,54.0,0.013,473352.0,7.0,6.3,14046.0,-0.07,8.67,0.02,1.2,tajiri-gs10-jpn-jodc_giaj,35.59361667,
ok,0.0,55.0,0.065,482112.0,7.0,65.1,138.0,-0.01,8.16,0.15,1.5,takamatsu-ma35-jpn-jodc_jma,34.35138333,
ok,0.0,15.91,0.052,139507.0,2.0,57.7,2.0,0.01,4.13,0.47,2.1,talara-092a-per-uhslc,-4.582,
ok,0.0,27.0,0.153,236688.0,4.0,57.6,39.0,0.0,6.45,0.2,1.0,talara-092b-per-uhslc,-4.582,
ok,0.0,15.09,0.12,132273.0,2.0,0.7,829.0,0.01,11.93,0.05,4.5,tallinn-tal-est-cmems,59.444401,
ok,0.0,15.75,0.146,138048.0,2.0,7.1,98.0,0.01,6.78,0.13,3.5,tampico_madero-406-mex-unam,22.26166667,
ok,0.0,23.0,0.02,201600.0,3.0,53.1,530.0,-0.06,6.22,0.12,2.9,tanegashima-ma75-jpn-jodc_jma,30.4636,
ok,0.0,31.0,0.045,271744.0,4.0,79.3,11.0,-0.01,7.84,0.15,1.4,tanjong_pagar-699a-sgp-uhslc,1.262,
ok,0.0,53.0,0.032,464592.0,7.0,32.5,49.0,0.0,8.11,0.19,1.7,tannowa-ma29-jpn-jodc_jma,34.33888333,
ok,0.0,36.0,0.01,315576.0,5.0,12.8,3407.0,-0.06,7.91,0.03,1.4,tappi-hd27-jpn-jodc_jcg,41.2425,
ok,0.0,63.08,0.141,552970.0,8.0,117.9,37.0,-0.01,11.32,0.63,1.2,taranaki-076a-nzl-uhslc,-39.05,
ok,0.0,28.35,0.149,248553.0,4.0,5.9,490.0,-0.01,6.45,0.04,4.3,taranto-tar-ita-ispra,40.47560278,
ok,0.0,26.07,0.05,228575.0,4.0,59.2,8.0,0.0,3.95,0.09,1.7,tarawa_betio-002d-kir-uhslc,1.363,
ok,0.0,27.07,0.05,237335.0,4.0,59.2,7.0,0.0,3.96,0.1,1.7,tarawa_betio-67590-kir-bom,1.3651,
ok,0.0,72.0,0.065,631152.0,9.0,41.3,212.0,-0.0,7.08,0.13,1.9,tarifa-tari-esp-ieo,36.0086,
ok,0.0,34.41,0.1,301692.0,5.0,70.0,55.0,0.0,7.1,0.1,1.8,tauranga-073a-nzl-uhslc,-37.65,
ok,0.0,27.67,0.059,242534.0,4.0,87.3,11.0,-0.0,5.94,0.16,0.4,tawau-385a-mys-uhslc,4.233,
ok,0.0,32.97,0.065,288992.0,5.0,0.1,2608.0,-0.01,5.3,0.02,3.8,tecumseh_ontario-11975-can-meds,42.34,
ok,0.0,15.96,0.034,139904.0,2.0,0.5,4738.0,0.07,12.52,0.12,2.7,tejn-tej-dnk-cmems,55.25,
ok,0.0,27.04,0.033,237068.0,4.0,72.4,64.0,0.0,3.77,0.09,2.2,tenerife-228a-esp-uhslc,28.478,
ok,0.0,28.59,0.027,250603.0,4.0,70.8,101.0,-0.0,3.72,0.01,2.2,tenerife-ten-esp-cmems,28.48,
ok,0.0,86.0,0.16,753876.0,11.0,70.1,176.0,0.01,7.79,0.05,0.5,tenerife-ten-esp-da_mm,28.48,
ok,0.0,87.93,0.344,770855.0,11.0,181.7,76.0,-0.01,26.27,1.43,0.8,terneuzen-ternzn-nld-rws,51.336209,
ok,0.0,29.52,0.0,258793.0,4.0,88.0,522.0,-0.03,23.08,0.2,1.4,terschelling_noordzee-terslnze-nld-rws,53.442484,
ok,0.0,29.27,0.03,256585.0,4.0,76.6,165.0,-0.01,23.21,0.23,1.3,texel_noordzee-texnze-nld-rws,53.120609,
ok,0.0,101.66,0.079,891215.0,13.0,64.2,584.0,-0.01,15.98,0.06,1.0,the_battery-8518750-usa-noaa,40.700556,
ok,0.0,59.12,0.03,518239.0,8.0,1.4,314.0,0.0,4.76,0.02,1.3,thessalon_ontario-11070-can-meds,46.25,
ok,0.0,26.78,0.007,234803.0,4.0,29.7,108.0,-0.02,18.98,0.06,1.0,thevenard-128a-aus-uhslc,-32.15,
ok,0.0,54.9,0.036,481246.0,7.0,30.0,202.0,-0.03,19.12,0.14,1.1,thevenard-62000-aus-bom,-32.1489,
ok,0.0,38.46,0.089,337113.0,5.0,28.6,69.0,-0.0,9.09,0.41,2.5,three_mile_slough_at_san_joaquin_r-sr3-usa-cdwr,38.09011,
ok,0.0,18.0,0.214,157825.0,3.0,27.1,62.0,0.0,10.32,0.61,2.6,threemile_slough_at_san_joaquin_river-tsl-usa-cdwr,38.1033,
ok,0.0,113.95,0.052,998910.0,15.0,0.5,61.0,-0.0,3.3,0.0,1.2,thunder_bay_ontario-10050-can-meds,48.41,
ok,0.0,36.41,0.352,319210.0,5.0,35.6,7.0,-0.01,8.13,0.0,0.9,thursday_island-58170-aus-bom,-10.5863,
ok,0.0,24.0,0.372,210384.0,3.0,34.5,11.0,0.01,7.45,0.18,1.1,thursday_island-h057022b-aus-bom,-10.57,
ok,0.0,31.83,0.34,279062.0,4.0,78.5,17.0,0.0,12.69,2.19,1.4,timaru-665a-nzl-uhslc,-44.383,
ok,0.0,30.13,0.034,264143.0,4.0,57.9,11.0,0.0,8.25,0.18,1.9,tioman-323a-mys-uhslc,2.807,
ok,0.0,55.0,0.019,482112.0,7.0,47.4,1004.0,-0.03,8.0,0.06,2.1,toba-ma23-jpn-jodc_jma,34.48528333,
ok,0.0,31.58,0.116,276840.0,4.0,128.9,1257.0,-0.07,17.02,0.22,1.8,tobermory-tob-gbr-bodc,56.623111,
ok,0.0,31.08,0.127,272494.0,4.0,130.0,1811.0,-0.1,16.27,0.2,1.9,tobermory-tob-gbr-cmems,56.6231,
ok,0.0,58.9,0.008,516366.0,8.0,0.6,1381.0,0.0,4.88,0.02,1.6,tobermory_ontario-11690-can-meds,45.26,
ok,0.0,25.0,0.011,219144.0,4.0,5.5,3876.0,-0.07,7.25,0.02,1.6,tobishima-gs25-jpn-jodc_giaj,39.18555,
ok,0.0,109.25,0.245,957676.0,13.0,99.7,1286.0,-0.03,11.63,0.08,2.4,tofino-542a-can-uhslc,49.153,
ok,0.0,111.33,0.242,975972.0,13.0,99.7,1272.0,-0.02,11.59,0.09,2.4,tofino_bc-8615-can-meds,49.15,
ok,0.0,37.0,0.096,324336.0,5.0,27.8,3811.0,-0.11,7.61,0.03,1.3,tokachiko-0122-jpn-jodc_pahb,42.29695,
ok,0.0,17.0,0.146,149040.0,3.0,44.9,22.0,0.0,3.84,0.2,0.8,tokaikaitei-ma63-jpn-jodc_jma,33.76666667,
ok,0.0,49.58,0.099,434639.0,7.0,96.3,1453.0,-0.09,15.38,0.75,2.1,toke_point-9440910-usa-noaa,46.7075,
ok,0.0,70.0,0.018,613608.0,9.0,88.7,291.0,-0.01,7.7,0.29,1.6,tokuyama-hd15-jpn-jodc_jcg,34.04083333,
ok,0.0,59.0,0.062,517176.0,8.0,44.1,547.0,-0.02,8.83,0.06,1.3,tokyo-ma15-jpn-jodc_jma,35.64861667,
ok,0.0,50.66,0.415,444143.0,7.0,16.3,19648.0,0.08,15.59,0.25,0.9,tolchester_beach-8573364-usa-noaa,39.2134,
ok,0.0,51.58,0.007,452188.0,7.0,2.6,535.0,0.0,18.02,0.16,0.6,toledo_oh-9063085-usa-noaa,41.69356,
ok,0.0,16.42,0.009,143966.0,3.0,15.9,29.0,-0.02,11.25,0.57,3.0,tom_paine_slough_abv_the_mouth-tps-usa-cdwr,37.79053,
ok,0.0,27.16,0.079,238104.0,4.0,30.9,2089.0,-0.07,8.09,0.02,1.2,tomakomaihigashiko-0146-jpn-jodc_pahb,42.60583333,
ok,0.0,53.0,0.026,464592.0,7.0,31.6,3259.0,-0.06,8.46,0.02,1.7,tomakomainishiko-0136-jpn-jodc_pahb,42.62971667,
rejected,0.0,39.0,0.504,341880.0,,,,,,,,topolobampo-676-mex-unam,25.58666667,gap 0.504>0.5
ok,0.0,18.85,0.064,165240.0,3.0,30.2,6.0,-0.0,6.26,0.17,2.5,topolobampo-676a-mex-uhslc,25.6,
ok,0.0,61.28,0.003,537198.0,8.0,0.7,43.0,0.0,3.33,0.01,4.1,toronto_ontario-13320-can-meds,43.64,
ok,0.0,59.0,0.002,517176.0,8.0,51.7,3539.0,-0.06,6.79,0.07,2.5,tosashimizu-ma39-jpn-jodc_jma,32.77916667,
ok,0.0,59.74,0.437,523688.0,7.0,5.9,1182.0,-0.03,6.26,0.05,2.9,toulon-68-fra-refmar,43.11722,
ok,0.0,59.74,0.437,523687.0,6.0,5.9,1164.0,-0.04,6.29,0.07,2.9,toulon_60minute-tou-fra-cmems,43.122799,
ok,0.0,35.0,0.005,306806.0,5.0,73.9,2.0,0.0,8.67,0.24,2.2,townsville-334a-aus-uhslc,-19.25,
ok,0.0,60.99,0.014,534625.0,8.0,71.0,193.0,-0.0,9.3,0.0,1.9,townsville-59250-aus-bom,-19.25,
ok,0.0,51.67,0.012,452952.0,7.0,6.4,6545.0,-0.03,6.89,0.02,1.6,toyama-349a-jpn-uhslc,36.767,
ok,0.0,53.0,0.018,464592.0,7.0,6.4,6535.0,-0.02,6.9,0.01,1.6,toyama-ma56-jpn-jodc_jma,36.76221667,
ok,0.0,15.89,0.024,139332.0,2.0,6.2,3551.0,0.02,19.93,0.11,1.3,travemuende-tra-deu-cmems,53.958099,
ok,0.0,71.16,0.0,623856.0,9.0,5.1,15395.0,-0.0,20.57,0.16,1.2,travemunde-tra-deu-bfg,53.958024,
ok,0.0,91.24,0.05,799825.0,12.0,8.5,8168.0,-0.03,11.87,0.07,1.8,tregde-804a-nor-uhslc,58.0,
ok,0.0,93.24,0.047,817369.0,12.0,8.5,11226.0,-0.04,11.74,0.12,1.8,tregde-trg-nor-nhs,58.006377,
ok,0.0,27.66,0.046,242519.0,4.0,50.2,21.0,-0.0,9.3,0.02,2.2,trident_pier-8721604-usa-noaa,28.415833,
ok,0.0,33.07,0.278,289921.0,5.0,24.4,156.0,-0.08,24.4,0.1,3.2,trieste-tri-ita-ispra,45.64939167,
ok,0.0,108.57,0.226,951751.0,14.0,5.4,3873.0,-0.07,19.58,0.05,6.1,trois_rivieres-3360-can-meds,46.34,
ok,0.0,68.7,0.046,602185.0,9.0,83.9,609.0,-0.01,12.72,0.02,1.8,tromso-tos-nor-nhs,69.64611,
ok,0.0,31.0,0.013,271752.0,4.0,92.3,381.0,-0.01,12.38,0.11,2.2,trondheim-trd-nor-nhs,63.436484,
ok,0.0,13.23,0.021,116040.0,2.0,49.4,32.0,-0.0,5.86,0.13,1.9,tsushima-ma72-jpn-jodc_jma,34.2596,
rejected,0.0,59.45,0.546,521118.0,,,,,,,,tuktoyaktuk-6485-can-meds,69.44,gap 0.546>0.5
ok,0.0,67.16,0.151,588787.0,9.0,120.3,172.0,-0.01,10.26,0.22,0.6,tumaco-303a-col-uhslc,1.817,
ok,0.0,49.96,0.015,437960.0,7.0,1.6,966.0,-0.0,9.71,0.05,5.8,turku-tur-fin-cmems,60.428299,
ok,0.0,36.32,0.0,318408.0,5.0,1.8,627.0,-0.01,9.73,0.01,5.7,turku_ruissalo_saaronniemi-134225-fin-fmi,60.43,
ok,0.0,18.0,0.243,157824.0,3.0,31.8,19.0,0.01,8.65,0.23,1.8,turner_cut_near_holt-trn-usa-cdwr,37.9928,
ok,0.0,30.44,0.076,266855.0,4.0,32.2,10.0,0.0,9.06,0.07,0.9,turtle_head-58180-aus-bom,-10.5212,
rejected,0.0,56.16,0.618,492360.0,,,,,,,,tuxpan-404-mex-unam,20.96833333,gap 0.618>0.5
ok,0.0,59.0,0.008,517176.0,8.0,40.6,5164.0,-0.07,7.58,0.11,2.0,uchiura-ma18-jpn-jodc_jma,35.01721667,
ok,0.0,21.48,0.002,188304.0,3.0,90.0,59.0,-0.01,31.03,0.25,1.6,uetersen-100-deu-wsv,53.678319,
ok,0.0,55.58,0.236,487224.0,7.0,150.4,921.0,-0.03,16.86,0.4,1.7,ullapool-ull-gbr-bodc,57.89525,
ok,0.0,31.08,0.069,272494.0,4.0,150.3,1236.0,-0.08,19.68,0.58,1.7,ullapool-ull-gbr-cmems,57.8955,
ok,0.0,18.3,0.421,160446.0,3.0,16.8,758.0,-0.04,10.17,0.01,1.9,ulukhaktok-6380-can-meds,70.74,
ok,0.0,39.58,0.027,346967.0,5.0,26.9,1125.0,-0.02,11.83,0.04,2.3,unalaska-9462620-usa-noaa,53.879194,
ok,0.0,55.0,0.047,482112.0,7.0,68.2,175.0,-0.01,8.21,0.06,1.5,uno-ma33-jpn-jodc_jma,34.48861667,
ok,0.0,57.0,0.097,499656.0,8.0,45.7,2445.0,-0.06,7.15,0.09,2.3,uragami-ma25-jpn-jodc_jma,33.55833333,
ok,0.0,43.24,0.047,379104.0,6.0,30.4,3434.0,-0.08,7.87,0.02,1.2,urakawa-hd02-jpn-jodc_jcg,42.16416667,
ok,0.0,33.26,0.044,291623.0,5.0,106.0,11.0,-0.0,7.6,0.46,1.5,urangan-59850-aus-bom,-25.2983,
ok,0.0,48.58,0.003,425884.0,7.0,0.8,1337.0,0.01,7.12,0.08,2.1,us_slip_mi-9076060-usa-noaa,46.500805,
ok,0.0,23.0,0.32,201623.0,3.0,55.9,1033.0,-0.03,16.32,0.06,2.0,ushuaia-600a-arg-uhslc,-54.805,
ok,0.0,56.0,0.044,490896.0,8.0,57.9,625.0,-0.02,6.55,0.1,2.2,uwajima-ma40-jpn-jodc_jma,33.22721667,
ok,0.0,49.96,0.015,437960.0,7.0,0.4,12881.0,0.08,11.8,0.02,4.1,vaasa-vaa-fin-cmems,63.081501,
ok,0.0,50.31,0.0,441000.0,7.0,0.4,12977.0,0.08,11.82,0.04,4.1,vaasa_vaskiluoto-134223-fin-fmi,63.08,
ok,0.0,46.66,0.062,409079.0,6.0,5.8,113.0,-0.0,5.25,0.12,2.4,vaca_key-8723970-usa-noaa,24.711,
ok,0.0,48.58,0.088,425855.0,7.0,138.7,369.0,-0.01,13.06,0.14,2.3,valdez-9454240-usa-noaa,61.1242,
ok,0.0,45.71,0.103,400685.0,6.0,138.6,323.0,-0.02,13.11,0.15,2.4,valdez_ak-562a-usa-uhslc,61.125,
ok,0.0,28.33,0.017,248395.0,4.0,1.7,1448.0,-0.02,6.47,0.01,2.8,valencia-val-esp-cmems,39.459999,
rejected,0.0,17.53,0.595,153672.0,,,,,,,,vallarta-393a-mex-uhslc,20.615,gap 0.595>0.5
ok,0.0,75.0,0.133,657428.0,10.0,43.0,112.0,0.0,4.76,0.11,2.5,valparaiso-081a-chl-uhslc,-33.027,
ok,0.0,19.66,0.041,172391.0,3.0,20.9,398.0,-0.01,30.54,0.58,5.6,vancouver-9440083-usa-noaa,45.631694,
ok,0.0,111.25,0.17,975228.0,13.0,85.7,497.0,-0.02,12.03,0.09,2.0,vancouver_bc-7735-can-meds,49.29,
ok,0.0,95.19,0.06,834419.0,12.0,4.1,13425.0,-0.08,14.95,0.17,2.1,varberg-2104-swe-smhi,57.1,
ok,0.0,95.19,0.06,834419.0,12.0,4.1,13439.0,-0.08,14.95,0.17,2.1,varberg1-var-swe-cmems,57.099998,
ok,0.0,71.3,0.318,625062.0,8.0,101.2,1647.0,-0.01,12.49,0.15,2.0,vardo-805a-nor-uhslc,70.333,
ok,0.0,73.31,0.328,642625.0,9.0,101.2,2784.0,-0.03,14.24,0.09,1.5,vardo-vaw-nor-nhs,70.374978,
ok,0.0,59.33,0.04,520075.0,8.0,0.4,20718.0,-0.18,19.07,0.07,6.0,varennes-15660-can-meds,45.68,
ok,0.0,25.16,0.0,220608.0,4.0,164.5,42.0,-0.01,31.91,0.99,1.3,vegesack-4112-deu-wsv,53.169415,
ok,0.0,34.7,0.169,304169.0,5.0,21.9,123.0,-0.01,13.71,0.56,2.0,venezia-ven-ita-ispra,45.41821944,
ok,0.0,38.0,0.0,333120.0,5.0,24.2,219.0,-0.01,10.93,0.04,2.5,venezia-vene-ita-cv,45.4188,
ok,0.0,17.4,0.1,152567.0,3.0,31.8,26.0,0.01,10.72,0.87,2.0,venice_island-vne-usa-cdwr,38.05,
ok,0.0,63.25,0.091,554448.0,8.0,8.8,1761.0,0.0,6.71,0.05,2.2,veracruz-250-mex-unam,19.19166667,
ok,0.0,27.91,0.417,244698.0,4.0,8.5,993.0,0.0,6.65,0.03,2.3,veracruz_ver-250a-mex-uhslc,19.2,
ok,0.0,35.71,0.052,313042.0,5.0,0.5,12268.0,-0.19,19.16,0.17,6.2,vercheres-15720-can-meds,45.78,
ok,0.0,34.83,0.024,305376.0,5.0,18.6,817.0,-0.01,12.3,0.3,2.0,vernadsky-ver-ukr-noc,-65.25,
ok,0.0,55.55,0.066,486959.0,7.0,13.6,593.0,-0.02,16.49,0.09,1.5,victor_harbor-61490-aus-bom,-35.5625,
ok,0.0,109.86,0.01,963087.0,14.0,37.3,729.0,-0.01,10.67,0.1,2.3,victoria_bc-543a-can-uhslc,48.425,
ok,0.0,18.0,0.191,157824.0,3.0,27.7,19.0,-0.0,9.68,0.21,2.3,victoria_canal_near_byron-vcu-usa-cdwr,37.8717,
ok,0.0,111.95,0.439,981383.0,10.0,37.2,423.0,-0.01,10.57,0.07,2.3,victoria_harbour_bc-7120-can-meds,48.42,
ok,0.0,30.58,0.241,268125.0,4.0,8.0,108.0,-0.0,7.45,0.03,3.8,vieste-vie-ita-ispra,41.88808333,
ok,0.0,47.82,0.002,419168.0,6.0,109.5,75.0,-0.0,9.79,0.69,2.4,vigo-208a-esp-uhslc,42.233,
ok,0.0,28.25,0.018,247651.0,4.0,112.2,2206.0,-0.08,8.92,0.02,2.6,vigo-vig-esp-cmems,42.243,
ok,0.0,73.0,0.024,639912.0,10.0,109.5,95.0,-0.0,9.96,9.59,2.1,vigo-vigo-esp-ieo,42.238,
ok,0.0,44.98,0.0,394283.0,6.0,6.5,8109.0,-0.06,15.07,0.13,1.6,viken-2228-swe-smhi,56.1422,
ok,0.0,44.65,0.0,391434.0,6.0,6.5,6157.0,-0.05,15.19,0.1,1.6,viken-vik-swe-cmems,56.1422,
ok,0.0,30.0,0.026,262955.0,4.0,11.7,2160.0,-0.07,16.91,0.18,2.3,viker-vik-nor-nhs,59.036046,
ok,0.0,23.79,0.018,208543.0,3.0,114.2,1115.0,-0.06,9.41,0.12,2.4,villagarcia-vil-esp-cmems,42.601002,
ok,0.0,19.58,0.25,171647.0,3.0,25.1,85.0,-0.01,10.16,0.05,2.1,village_cove-9464212-usa-noaa,57.125278,
ok,0.0,27.66,0.018,242519.0,4.0,28.9,102.0,-0.01,6.15,0.05,3.0,virginia_key-8723214-usa-noaa,25.731667,
ok,0.0,24.92,0.005,218480.0,4.0,28.9,92.0,-0.01,6.12,0.03,3.1,virginia_key_fl-755a-usa-uhslc,25.732,
ok,0.0,105.29,0.407,922984.0,9.0,0.5,3008.0,0.0,7.82,0.03,6.8,visby-2080-swe-smhi,57.6392,
ok,0.0,60.37,0.002,529187.0,8.0,0.5,2521.0,-0.0,7.86,0.01,6.8,visby-vis-swe-cmems,57.639198,
ok,0.0,47.69,0.0,418025.0,7.0,75.7,287.0,-0.04,21.89,0.87,1.2,vlaardingen-vlaardgn-nld-rws,51.899637,
ok,0.0,74.85,0.245,656159.0,10.0,77.5,1215.0,-0.1,23.7,0.65,1.4,vlieland_haven-vlielhvn-nld-rws,53.296125,
ok,0.0,13.88,0.0,121701.0,2.0,137.3,100.0,-0.03,23.78,0.65,0.9,vlietepolder-vlietpdr-nld-rws,51.599317,
rejected,0.0,155.01,0.551,1358874.0,,,,,,,,vlissingen-vlissgn-nld-rws,51.442308,gap 0.551>0.5
ok,0.0,23.19,0.067,203282.0,3.0,53.7,24.0,0.02,10.86,0.7,1.4,volanti-vol-usa-cdwr,38.181,
ok,0.0,17.0,0.029,149009.0,3.0,75.2,15.0,0.0,12.53,1.68,1.1,vung_tau-383a-vnm-uhslc,10.34,
ok,0.0,37.68,0.0,330337.0,5.0,10.6,1470.0,-0.02,28.15,0.18,5.7,vuren-vurn-nld-rws,51.822113,
ok,0.0,43.66,0.121,382775.0,6.0,56.2,541.0,-0.02,15.82,0.61,1.4,wachapreague-8631044-usa-noaa,37.607778,
ok,0.0,87.0,0.032,762624.0,11.0,6.0,12010.0,-0.06,8.97,0.02,1.5,wajima-gs03-jpn-jodc_giaj,37.40583333,
ok,0.0,53.0,0.022,464592.0,7.0,45.3,164.0,-0.01,7.77,0.09,2.1,wakayama-ma28-jpn-jodc_jma,34.22166667,
ok,0.0,68.59,0.067,601260.0,9.0,28.1,11.0,0.0,3.85,0.0,7.2,wake-051a-usa-uhslc,19.283,
ok,0.0,71.66,0.063,628223.0,9.0,28.1,35.0,0.0,3.88,0.25,6.9,wake_island-1890000-usa-noaa,19.290556,
ok,0.0,52.0,0.009,455823.0,7.0,2.5,9392.0,-0.13,8.29,0.03,1.4,wakkanai-360a-jpn-uhslc,45.4,
ok,0.0,53.0,0.01,464592.0,7.0,2.5,9658.0,-0.13,8.27,0.03,1.4,wakkanai-ma01-jpn-jodc_jma,45.40778333,
ok,0.0,43.12,0.172,378047.0,6.0,16.5,3061.0,-0.17,18.61,0.1,1.1,wallaroo-61780-aus-bom,-33.926,
rejected,0.0,56.92,0.53,498994.0,,,,,,,,walvis_bay-220a-nam-uhslc,-22.95,gap 0.53>0.5
ok,0.0,15.89,0.022,139320.0,2.0,4.9,4847.0,-0.06,17.27,0.41,1.4,warnemuende-war-deu-cmems,54.169701,
ok,0.0,22.17,0.0,194328.0,3.0,4.9,5604.0,-0.04,17.65,0.16,1.4,warnemunde-war-deu-bfg,54.169731,
ok,0.0,97.66,0.08,856151.0,13.0,42.7,4099.0,0.07,18.66,0.43,1.2,washington-8594900-usa-noaa,38.873,
ok,0.0,19.66,0.087,172391.0,3.0,77.3,8.0,-0.0,14.51,0.79,3.1,wauna-9439099-usa-noaa,46.161667,
ok,0.0,21.74,0.008,190632.0,3.0,92.8,60.0,0.01,38.93,0.43,3.3,wehr_geesthacht_up-101-deu-wsv,53.423298,
ok,0.0,54.01,0.21,473470.0,7.0,34.7,70.0,0.0,11.92,0.12,2.5,weipa_humbug_point-63620-aus-bom,-12.67,
ok,0.0,74.12,0.027,649716.0,10.0,48.7,23.0,-0.0,9.43,0.18,1.6,wellington-071a-nzl-uhslc,-41.283,
ok,0.0,22.0,0.319,192863.0,3.0,133.2,208.0,-0.03,11.93,0.12,1.1,wells-8419317-usa-noaa,43.32,
rejected,0.0,126.0,0.774,1104528.0,,,,,,,,wemeldinge-wemdge-nld-rws,51.496839,gap 0.774>0.5
ok,0.0,15.49,0.001,135800.0,2.0,10.7,72.0,-0.02,17.99,0.56,2.0,werkendam_binnen_steurgat-werkdbnn-nld-rws,51.803881,
ok,0.0,47.85,0.0,419473.0,7.0,13.9,1717.0,-0.06,18.42,0.11,4.0,werkendam_buiten-werkdbtn-nld-rws,51.806039,
ok,0.0,18.58,0.056,162887.0,3.0,0.1,6069.0,-0.08,9.95,0.01,2.6,west_bank_1-8762482-usa-noaa,29.788611,
ok,0.0,28.59,0.03,250593.0,4.0,20.1,4876.0,-0.09,12.33,0.01,1.8,west_channel_pile-60739-aus-bom,-38.1944,
ok,0.0,15.58,0.062,136612.0,2.0,1.3,213.0,0.01,5.83,0.03,1.3,west_neebish_island_mi-9076027-usa-noaa,46.283306,
ok,0.0,30.45,0.377,266906.0,4.0,33.2,27.0,0.02,12.17,0.15,1.6,west_ste_modeste-2595-can-meds,51.6,
ok,0.0,90.6,0.316,794207.0,12.0,72.6,925.0,-0.07,24.62,0.83,1.5,west_terschelling-westtslg-nld-rws,53.363043,
ok,0.0,56.44,0.297,494758.0,7.0,89.0,69.0,-0.0,13.97,0.52,1.6,western_port_stony_point-60710-aus-bom,-38.3739,
ok,0.0,47.69,0.0,418009.0,7.0,152.1,213.0,-0.01,23.48,1.13,0.9,westkapelle-westkple-nld-rws,51.521445,
ok,0.0,15.58,0.019,136583.0,2.0,98.4,61.0,-0.02,12.85,0.34,2.4,westport-9441102-usa-noaa,46.90431,
ok,0.0,14.41,0.267,126337.0,2.0,45.8,44.0,0.22,23.08,0.61,4.9,wexford_harbour-wex-irl-mi_c,52.3385,
ok,0.0,30.58,0.172,268080.0,4.0,60.1,23.0,0.0,12.39,0.49,1.7,weymouth-wey-gbr-bodc,50.6085,
ok,0.0,30.0,0.063,263020.0,4.0,60.6,32.0,0.01,12.24,0.2,1.8,weymouth-wey-gbr-cmems,50.607899,
ok,0.0,41.58,0.173,364512.0,6.0,165.4,1448.0,-0.0,17.03,0.1,0.7,whitby-whi-gbr-bodc,54.49,
ok,0.0,31.08,0.088,272494.0,4.0,165.8,1544.0,-0.0,15.99,0.18,0.8,whitby-whi-gbr-cmems,54.483299,
ok,0.0,45.83,0.335,401745.0,5.0,41.2,644.0,-0.07,21.19,0.14,0.8,whyalla-61840-aus-bom,-33.0128,
ok,0.0,56.58,0.094,495984.0,8.0,101.0,1179.0,-0.02,14.49,0.13,1.7,wick-wic-gbr-bodc,58.440972,
ok,0.0,31.08,0.077,272494.0,4.0,101.3,1311.0,-0.03,14.86,0.22,1.7,wick-wic-gbr-cmems,58.4333,
ok,0.0,37.68,0.0,330337.0,5.0,95.5,483.0,-0.02,24.66,0.35,1.4,wierumergronden-wiermgdn-nld-rws,53.515824,
ok,0.0,46.15,0.043,404560.0,6.0,96.2,1326.0,-0.09,15.65,0.44,2.0,willapa_bay_wa-564a-usa-uhslc,46.708,
rejected,0.0,34.83,0.704,305350.0,,,,,,,,willemstad-willsd-nld-rws,51.694834,gap 0.704>0.5
ok,0.0,69.87,0.063,612493.0,9.0,112.7,292.0,-0.02,18.46,0.15,0.8,willets_point-8516990-usa-noaa,40.7933,
ok,0.0,86.66,0.03,759719.0,11.0,45.4,269.0,-0.0,10.62,0.23,1.8,wilmington-8658120-usa-noaa,34.2275,
ok,0.0,83.01,0.017,727675.0,11.0,45.4,257.0,-0.0,10.61,0.09,1.8,wilmington_nc-750a-usa-uhslc,34.227,
ok,0.0,14.85,0.296,130207.0,2.0,95.4,139.0,-0.04,11.22,0.71,1.9,winchelsea_is_bc-7935-can-meds,49.3,
ok,0.0,25.66,0.03,225000.0,4.0,16.7,3912.0,-0.06,12.68,0.06,1.6,windmill_point-8636580-usa-noaa,37.616111,
ok,0.0,51.58,0.008,452188.0,7.0,0.1,2249.0,0.01,5.41,0.01,3.8,windmill_point_mi-9044049-usa-noaa,42.357498,
ok,0.0,56.72,0.438,497232.0,5.0,100.0,2480.0,-0.13,11.87,0.08,2.5,winter_harbour_bc-8735-can-meds,50.51,
ok,0.0,41.0,0.037,359400.0,6.0,1.1,6156.0,-0.08,12.23,0.16,3.3,wladyslawowo-wla-pol-eseas,54.7967,
ok,0.0,63.66,0.157,558095.0,8.0,23.0,192.0,-0.01,11.3,0.11,1.1,woods_hole-8447930-usa-noaa,41.523613,
ok,0.0,62.0,0.083,543475.0,8.0,23.1,246.0,-0.02,11.32,0.07,1.1,woods_hole_ma-742a-usa-uhslc,41.523,
ok,0.0,29.58,0.048,259320.0,4.0,270.4,432.0,-0.03,21.01,0.11,1.5,workington-wor-gbr-bodc,54.650722,
ok,0.0,28.99,0.044,254114.0,4.0,272.6,446.0,-0.04,19.9,0.05,1.6,workington-wor-gbr-cmems,54.650002,
ok,0.0,17.66,0.072,154871.0,3.0,59.3,21.0,0.01,11.85,0.1,1.6,wrightsville_beach-8658163-usa-noaa,34.213333,
ok,0.0,51.58,0.007,452188.0,7.0,1.0,782.0,0.01,7.72,0.05,1.5,wyandotte_mi-9044030-usa-noaa,42.202306,
ok,0.0,34.4,0.029,301519.0,5.0,229.9,3.0,-0.0,15.16,1.37,0.2,wyndham-165a-aus-uhslc,-15.453,
ok,0.0,53.7,0.109,470726.0,7.0,230.4,6.0,-0.0,15.98,0.53,0.2,wyndham-63090-aus-bom,-15.4533,
ok,0.0,44.0,0.002,385696.0,6.0,180.2,9.0,-0.0,16.96,0.54,1.2,xiamen-376a-chn-uhslc,24.45,
ok,0.0,43.0,0.015,376920.0,6.0,38.8,1391.0,-0.02,7.34,0.08,2.2,yaizu-gs23-jpn-jodc_giaj,34.87055,
ok,0.0,60.66,0.071,531791.0,8.0,112.0,309.0,-0.01,13.68,0.03,2.1,yakutat-9453220-usa-noaa,59.548333,
ok,0.0,58.0,0.07,508407.0,8.0,112.0,262.0,-0.01,13.62,0.12,2.1,yakutat_ak-570a-usa-uhslc,59.548,
ok,0.0,33.5,0.125,293654.0,5.0,47.3,243.0,-0.02,7.85,0.15,2.9,yamba-60130-aus-bom,-29.429,
ok,0.0,49.64,0.091,435177.0,7.0,39.7,61.0,-0.01,4.12,0.84,2.3,yap-008b-fsm-uhslc,9.508,
rejected,0.0,121.26,0.566,1062969.0,,,,,,,,yarmouth-365-can-meds,43.83,gap 0.566>0.5
ok,0.0,36.0,0.178,315576.0,5.0,43.4,172.0,-0.01,7.65,0.01,1.6,yokohama-ma16-jpn-jodc_jma,35.46666667,
ok,0.0,58.0,0.355,508416.0,6.0,47.1,466.0,-0.02,7.59,0.07,1.8,yokohamashinko-hd29-jpn-jodc_jcg,35.45416667,
ok,0.0,60.0,0.018,525960.0,8.0,42.3,1255.0,-0.03,7.38,0.0,1.9,yokosuka-hd08-jpn-jodc_jcg,35.28805,
ok,0.0,38.58,0.05,338167.0,5.0,30.3,47.0,0.03,31.92,2.14,6.2,yolo_bypass_at_lisbon-lis-usa-cdwr,38.47478,
ok,0.0,23.0,0.003,201600.0,3.0,44.2,254.0,-0.02,6.05,0.16,2.8,yonaguni-ma76-jpn-jodc_jma,24.4522,
ok,0.0,17.66,0.028,154871.0,3.0,33.1,655.0,-0.05,13.9,0.11,1.6,yorktown_uscg_training_center-8637689-usa-noaa,37.2265,
ok,0.0,24.25,0.053,212568.0,4.0,15.0,2740.0,-0.12,7.22,0.14,1.4,yoshioka-hd26-jpn-jodc_jcg,41.44445,
ok,0.0,100.18,0.0,878148.0,13.0,1.1,16231.0,-0.01,15.44,0.04,2.1,ystad-2093-swe-smhi,55.4167,
ok,0.0,100.18,0.0,878148.0,13.0,1.1,16235.0,-0.01,15.44,0.04,2.1,ystad-yst-swe-cmems,55.416698,
ok,0.0,34.83,0.034,305366.0,5.0,120.5,14.0,0.0,4.37,0.11,1.9,zanzibar-151a-tza-uhslc,-6.155,
ok,0.0,23.0,0.0,201616.0,3.0,65.1,33.0,-0.0,12.5,0.25,1.8,zhapo-635a-chn-uhslc,21.583,
ok,0.0,51.0,0.499,447102.0,7.0,135.3,138.0,-0.04,25.62,1.48,0.9,zierikzee-zierze-nld-rws,51.642157,
ok,0.0,21.74,0.009,190632.0,3.0,110.8,72.0,-0.02,35.76,0.92,2.0,zollenspieker-102-deu-wsv,53.398744,
