name,lat,lon,M2_cm,S2_cm,K1_cm,O1_cm,form_factor,tidal_range_m,surge_std_cm,surge_p99_cm,surge_max_m
aarhus-aar-dnk-cmems,56.15,10.2167,16.3,3.8,0.1,3.1,0.158,0.464,16.1,48.5,1.54
abashiri-347a-jpn-uhslc,44.017,144.283,17.0,7.8,21.3,22.0,1.738,1.363,7.6,21.3,0.58
abashiri-ma02-jpn-jodc_jma,44.0194,144.2858,17.0,7.8,21.3,21.9,1.736,1.361,7.6,21.3,0.58
aberdeen-abe-gbr-bodc,57.144,-2.0802,128.6,43.4,11.3,12.5,0.138,3.914,14.0,41.0,1.25
aberdeen-abe-gbr-cmems,57.15,-2.0833,128.2,43.5,11.2,12.6,0.139,3.911,14.5,42.4,1.25
aburatsu-354a-jpn-uhslc,31.583,131.417,52.0,22.8,22.6,17.6,0.536,2.3,6.5,17.8,0.89
aburatsu-ma41-jpn-jodc_jma,31.577,131.4094,52.0,22.8,22.5,17.5,0.536,2.297,6.5,17.8,0.9
aburatsubo-gs01-jpn-jodc_giaj,35.16,139.6155,36.1,17.1,23.2,18.1,0.778,1.889,7.4,20.0,1.12
acajutla-082a-slv-uhslc,13.583,-89.833,74.4,15.0,9.9,5.5,0.171,2.096,6.2,16.0,0.6
acapulco-316-mex-unam,16.8383,-99.9033,17.9,7.8,11.8,9.2,0.815,0.935,5.2,13.8,0.67
acapulco_gro-316a-mex-uhslc,16.84,-99.912,17.7,7.9,11.5,8.5,0.782,0.914,5.3,13.9,1.01
adak_alaska-040a-usa-uhslc,51.863,-176.632,19.3,1.8,41.8,28.4,3.336,1.825,11.5,29.4,0.9
adak_island-9461380-usa-noaa,51.8633,-176.632,19.3,1.8,41.8,28.3,3.338,1.823,11.6,29.4,1.68
ajaccio_aspretto-300-fra-refmar,41.9228,8.7628,7.8,3.1,3.5,1.6,0.476,0.32,5.7,16.1,0.31
akune-gs15-jpn-jodc_giaj,32.0175,130.1911,78.4,34.8,25.5,20.0,0.402,3.172,6.5,17.5,0.97
alameda-9414750-usa-noaa,37.7717,-122.3,68.0,15.4,37.8,23.1,0.73,2.885,6.3,19.0,0.64
albany-62120-aus-bom,-35.0337,117.8926,7.4,10.1,18.7,13.9,1.868,1.001,10.7,26.4,0.58
alblasserdam-albsdm-nld-rws,51.8658,4.6452,48.0,10.8,3.7,5.6,0.159,1.363,19.4,60.3,1.61
alert_bay_bc-8280-can-meds,50.59,-126.93,127.2,40.8,51.8,30.8,0.492,5.011,11.2,30.3,1.36
alesund-aes-nor-nhs,62.4694,6.1519,62.2,21.2,5.8,6.1,0.143,1.905,13.7,38.2,1.07
alexandria-ale-egy-noc,31.2167,29.9167,7.1,4.2,1.6,1.3,0.257,0.285,6.3,17.4,0.45
alexandria_bay_ny-8311062-usa-noaa,44.3311,-75.9345,0.8,0.1,0.3,0.2,0.533,0.028,4.6,13.4,0.57
algeciras-alge-esp-ieo,36.117,-5.4333,32.0,11.9,2.3,0.9,0.074,0.944,6.8,17.9,0.92
algonac_mi-9014070-usa-noaa,42.6211,-82.5267,0.1,0.1,0.1,0.0,0.37,0.006,4.6,15.7,0.49
alicante_i-ali-esp-da_mm,38.3383,-0.4779,1.8,1.0,3.6,2.3,2.122,0.174,6.8,18.7,0.42
alitak-9457804-usa-noaa,56.8974,-154.248,134.7,48.5,49.4,30.8,0.438,5.266,11.8,31.0,0.72
almeria-alm-esp-cmems,36.83,-2.478,9.6,3.8,3.5,2.2,0.423,0.379,5.7,16.2,0.31
alpena_mi-9075065-usa-noaa,45.063,-83.4286,0.2,0.1,0.3,0.2,1.704,0.016,4.4,10.9,0.36
amami-ma73-jpn-jodc_jma,28.3228,129.5342,55.8,23.3,22.3,16.9,0.496,2.366,5.0,13.0,0.9
american_falls_ny-9063009-usa-noaa,43.0811,-79.0614,0.1,0.8,2.7,0.1,2.98,0.076,7.5,21.1,0.61
amherstburg_ontario-11995-can-meds,42.14,-83.11,1.2,0.2,0.5,0.2,0.471,0.042,8.4,20.9,0.81
anchorage-9455920-usa-noaa,61.2375,-149.8904,349.2,97.5,67.0,36.8,0.232,11.009,23.4,59.4,2.16
ancona-anx-ita-ispra,43.6248,13.5065,6.6,3.6,12.8,4.0,1.657,0.539,9.3,27.2,1.18
andenes-800a-nor-uhslc,69.317,16.15,66.8,22.6,6.5,4.2,0.12,2.003,12.2,32.2,0.71
andenes-anx-nor-nhs,69.3261,16.1348,66.6,22.5,6.6,4.2,0.121,1.998,12.2,32.5,0.72
annapolis-8575512-usa-noaa,38.9833,-76.4816,13.0,1.9,5.4,4.6,0.675,0.5,15.6,38.2,1.61
antofagasta-080a-chl-uhslc,-23.653,-70.405,37.6,11.4,15.4,8.9,0.494,1.465,3.9,9.9,0.76
aomoriko-0104-jpn-jodc_pahb,40.8353,140.7639,18.4,8.5,5.5,3.7,0.342,0.722,7.8,21.5,0.56
apalachicola-8728690-usa-noaa,29.7244,-84.9806,12.2,4.0,13.5,12.1,1.575,0.835,12.0,34.0,1.72
apalachicola_fl-760a-usa-uhslc,29.727,-84.982,12.0,3.9,13.4,12.0,1.595,0.826,12.0,34.0,1.65
apia-401a-wsm-uhslc,-13.817,-171.75,37.3,8.6,4.1,2.9,0.154,1.061,5.4,14.0,0.4
apia-401b-wsm-uhslc,-13.82,-171.757,39.2,9.5,4.3,3.2,0.153,1.123,2.9,7.1,0.27
apia-66840-wsm-bom,-13.8268,-171.7613,39.1,9.5,4.3,3.2,0.153,1.122,2.9,7.1,0.27
apra_harbor-1630000-usa-noaa,13.4434,144.6564,21.8,5.5,16.2,11.2,1.003,1.091,3.9,9.6,0.7
apra_harbor_guam-053a-usa-uhslc,13.433,144.65,21.8,5.5,16.3,11.1,1.006,1.095,3.9,9.5,0.69
arena_cove-9416841-usa-noaa,38.9146,-123.7111,57.0,13.9,37.1,23.3,0.851,2.625,7.6,23.7,0.83
arena_cove_ca-573a-usa-uhslc,38.913,-123.708,57.1,13.9,37.1,23.3,0.851,2.628,7.6,23.8,0.83
argentia-835-can-meds,47.3,-53.98,69.2,19.6,7.7,8.2,0.179,2.096,12.8,33.5,1.32
arica-083a-chl-uhslc,-18.467,-70.333,32.7,9.3,14.9,8.2,0.552,1.304,4.5,10.9,0.45
arklowharbour-ark-irl-cmems,52.792,-6.1452,26.3,14.1,7.8,7.9,0.388,1.122,14.8,41.8,1.67
arrecife-205a-esp-uhslc,28.95,-13.567,83.7,31.7,6.8,5.3,0.105,2.549,5.5,14.3,0.58
arrecife-arre-esp-ieo,28.9718,-13.53,82.9,31.1,6.8,5.2,0.105,2.518,7.3,19.2,1.57
asamushi-gs06-jpn-jodc_giaj,40.8975,140.8592,18.5,8.5,5.5,3.6,0.338,0.723,8.2,22.9,0.76
ascension-291a-gbr-uhslc,-7.917,-14.417,33.5,12.0,5.3,2.6,0.173,1.066,2.3,5.4,0.16
ascension-asc-gbr-noc,-7.8928,-14.3857,33.1,11.8,5.2,2.6,0.174,1.054,2.4,5.6,0.17
ashland_ave_ny-9063007-usa-noaa,43.1,-79.0599,3.2,6.6,34.9,1.2,3.7,0.917,68.4,201.2,6.83
astoria-9439040-usa-noaa,46.2073,-123.7683,96.5,23.9,40.2,24.3,0.535,3.698,12.1,35.7,1.06
astoria_downtown-9439040-usa-da_sat,46.1901,-123.8292,89.8,23.0,39.4,23.7,0.56,3.517,14.5,44.2,1.76
astoria_or-572a-usa-uhslc,46.208,-123.767,96.4,23.9,40.2,24.3,0.536,3.696,12.3,36.0,1.53
atka-9461710-usa-noaa,52.232,-174.1726,17.4,3.2,38.2,26.9,3.152,1.715,10.8,27.2,0.5
atlantic_city-8534720-usa-noaa,39.3567,-74.4181,58.2,11.5,10.7,7.5,0.262,1.759,15.6,44.5,1.51
atlantic_city_nj-264a-usa-uhslc,39.355,-74.418,58.2,11.5,10.8,7.5,0.262,1.759,15.5,44.5,1.51
avonmouth-avo-gbr-cmems,51.5071,-2.7114,424.7,151.0,6.6,7.3,0.024,11.794,31.5,80.1,3.03
awashima-hd25-jpn-jodc_jcg,38.4678,139.255,5.4,2.0,5.3,5.4,1.44,0.362,7.3,20.0,0.6
awayuki-ma69-jpn-jodc_jma,33.7711,134.5922,47.0,21.1,21.1,16.4,0.55,2.111,6.9,17.9,0.74
ayukawa-ma11-jpn-jodc_jma,38.2967,141.5053,31.6,14.7,24.0,19.4,0.937,1.795,6.3,17.2,0.48
bacon_island_at_old_river-bac-usa-cdwr,37.9693,-121.5722,30.1,5.0,20.0,11.3,0.89,1.325,9.0,24.9,2.73
bagenkop-bag-dnk-cmems,54.7528,10.6778,4.3,1.2,2.2,1.7,0.71,0.189,18.8,51.6,1.51
bahia_los_angeles-310a-mex-uhslc,28.958,-113.55,65.2,34.7,33.9,22.0,0.559,3.115,5.1,13.1,0.45
baie_comeau-2840-can-meds,49.23,-68.13,116.8,36.5,21.7,21.2,0.28,3.926,16.9,46.8,1.4
bakar-bak-hrv-uz,45.3,14.533,10.6,5.7,14.1,4.3,1.135,0.694,10.0,29.7,0.8
bake_a-3611-deu-wsv,53.9844,8.3151,135.6,35.7,7.2,9.3,0.097,3.757,30.1,91.3,3.01
bake_c_scharhorn-3905-deu-wsv,53.9699,8.468,140.7,37.2,7.4,9.3,0.093,3.891,31.5,99.1,3.32
ballen-bal-dnk-cmems,55.8167,10.6444,13.6,2.9,0.5,2.8,0.203,0.397,15.6,46.9,1.41
baltimore-8574680-usa-noaa,39.2669,-76.5794,15.0,2.4,6.4,5.5,0.685,0.586,17.7,42.2,2.0
baltra-003b-ecu-uhslc,-0.437,-90.285,72.6,19.7,7.9,1.0,0.096,2.024,3.7,8.5,0.87
bamfield_bc-8545-can-meds,48.84,-125.14,93.6,27.2,38.9,24.7,0.527,3.689,10.6,31.4,0.77
bangor-ban-gbr-bodc,54.6647,-5.6695,115.6,29.1,10.9,9.9,0.143,3.308,15.1,43.8,1.11
bangor-ban-gbr-cmems,54.665,-5.6692,115.6,28.8,11.1,9.8,0.145,3.308,15.3,43.9,1.1
bar_harbor-8413320-usa-noaa,44.3922,-68.2043,157.3,23.8,14.2,11.0,0.139,4.126,11.9,33.1,1.31
bar_point_ontario-12005-can-meds,42.06,-83.11,2.1,0.4,0.8,0.3,0.414,0.072,12.4,29.2,1.04
barcelona-bar-esp-cmems,41.342,2.163,4.5,1.6,3.6,2.3,0.967,0.241,6.4,18.1,0.51
bari-bar-ita-ispra,41.1402,16.866,9.7,6.0,5.0,1.8,0.436,0.452,8.2,21.8,0.85
barmouth-bar-gbr-bodc,52.7193,-4.045,142.9,53.8,8.4,7.9,0.083,4.261,18.7,55.2,2.05
barmouth-bar-gbr-cmems,52.7167,-4.0333,144.3,54.5,8.6,8.1,0.084,4.309,18.2,54.6,1.86
barseback-bar-swe-cmems,55.7564,12.9033,6.6,2.2,0.4,1.5,0.213,0.215,12.2,38.3,1.37
base_prat-730a-chl-uhslc,-62.483,-59.633,43.9,24.4,27.8,28.7,0.828,2.497,11.0,26.1,0.52
batemans_bay_princess_jetty-216410-aus-bom,-35.7049,150.1779,45.0,9.8,13.5,8.7,0.406,1.54,7.7,20.4,0.61
bath-bath-nld-rws,51.3991,4.21,210.2,54.0,7.2,10.5,0.067,5.637,28.7,89.0,3.02
batiscan-3345-can-meds,46.5,-72.25,28.7,7.5,7.2,7.4,0.406,1.017,18.0,53.7,1.63
bay_waveland_yacht_club-8747437-usa-noaa,30.325,-89.325,3.4,2.5,17.0,15.9,5.644,0.774,15.3,42.8,2.71
bayonne_boucau-94-fra-refmar,43.5273,-1.5148,124.0,43.2,5.9,6.7,0.075,3.596,10.6,31.2,0.92
bayonneboucau_60minute-bay-fra-cmems,43.5273,-1.5154,123.8,43.1,5.9,6.7,0.075,3.59,10.6,31.0,0.92
beaufort-8656483-usa-noaa,34.72,-76.67,45.7,7.2,8.2,6.5,0.279,1.353,9.5,25.7,1.46
beauharnois_amont-15260-can-meds,45.3,-73.93,0.2,0.4,0.4,0.1,0.777,0.022,9.9,31.7,1.09
beauharnois_aval-15262-can-meds,45.32,-73.92,0.0,0.1,0.1,0.1,1.494,0.007,11.3,32.6,0.81
becancour-3353-can-meds,46.4,-72.38,17.6,4.9,4.8,5.0,0.436,0.646,18.6,57.2,1.46
beihai-636a-chn-uhslc,21.483,109.083,46.4,11.1,90.3,98.1,3.277,4.919,15.7,33.3,1.21
beldon_landing-bdl-usa-cdwr,38.1869,-121.9708,54.6,11.3,28.6,16.3,0.681,2.217,14.0,34.7,3.16
bella_bella_bc-8976-can-meds,52.16,-128.14,130.3,41.0,46.3,28.3,0.435,4.917,11.5,32.6,0.84
belle_river_ontario-11965-can-meds,42.3,-82.71,0.1,0.1,0.1,0.0,0.577,0.004,5.1,14.9,1.17
belum-1263-deu-wsv,53.8228,9.0371,115.5,28.3,6.9,8.5,0.107,3.183,35.6,109.7,3.94
benoa-163a-idn-uhslc,-8.745,115.21,63.5,36.0,25.0,15.8,0.41,2.807,8.1,21.4,0.91
bergen-bgo-nor-nhs,60.398,5.3205,45.4,16.3,3.4,3.1,0.105,1.364,11.8,32.3,1.11
bergen_point_west_reach-8519483-usa-noaa,40.6391,-74.1463,72.3,13.5,10.2,5.1,0.179,2.024,16.3,46.7,2.47
bergse_diepsluis_west-bergsdswt-nld-rws,51.5113,4.1657,143.5,35.6,7.1,10.1,0.096,3.925,24.7,77.9,2.58
bermagui-219470-aus-bom,-36.4263,150.0715,44.7,10.2,14.6,9.6,0.442,1.584,8.6,21.9,0.7
bermuda-259a-gbr-uhslc,32.373,-64.703,36.1,8.2,6.5,5.2,0.266,1.121,6.1,16.2,0.53
bermuda-259b-gbr-uhslc,32.373,-64.703,36.8,8.0,6.6,5.4,0.268,1.137,5.9,15.9,0.54
bermuda-2695540-usa-noaa,32.3733,-64.7033,36.8,8.0,6.6,5.4,0.268,1.137,5.9,16.0,0.56
berwick-8764044-usa-noaa,29.6675,-91.2376,2.4,0.9,3.9,3.5,2.275,0.216,9.8,24.8,1.41
bhv_alter_leuchtturm-4098-deu-wsv,53.545,8.5682,166.8,42.6,7.5,9.5,0.081,4.528,34.3,106.9,4.03
bilbao-bil-esp-cmems,43.357,-3.05,131.1,45.7,6.4,6.9,0.076,3.803,8.3,22.5,1.51
bintulu-387a-mys-uhslc,3.217,113.067,18.9,6.0,42.3,35.4,3.122,2.053,6.2,16.0,0.59
bishops_head-8571421-usa-noaa,38.2204,-76.0387,25.5,4.0,3.7,2.8,0.218,0.718,13.4,35.4,0.78
bjorn-2067-swe-smhi,60.6333,17.9667,0.5,0.2,0.5,0.4,1.176,0.032,9.8,25.9,0.9
bjorn-bjo-swe-cmems,60.6333,17.9667,0.5,0.2,0.5,0.4,1.185,0.032,9.7,25.9,0.9
blacklock_ne1-bll-usa-cdwr,38.1801,-121.9069,56.2,12.1,28.7,16.0,0.654,2.26,11.7,31.9,2.31
bluff-072a-nzl-uhslc,-46.6,168.35,85.0,15.7,1.7,3.4,0.05,2.116,12.9,32.2,0.65
bob_hall_pier-8775870-usa-noaa,27.5808,-97.2164,7.9,2.1,15.1,15.2,3.038,0.804,10.8,30.5,1.62
bodo-boo-nor-nhs,67.2923,14.3998,87.4,30.5,10.5,3.6,0.12,2.64,13.7,39.8,1.19
bonanza-bon-esp-cmems,36.8,-6.34,88.5,30.5,6.2,6.0,0.103,2.626,7.4,23.8,0.81
booby_island-336a-aus-uhslc,-10.603,141.91,73.0,14.7,71.6,44.1,1.319,4.068,11.1,30.0,0.94
booby_island-58230-aus-bom,-10.6026,141.9101,73.2,14.7,71.6,44.2,1.318,4.074,11.5,31.4,1.91
borkum_fischerbalje-bor-deu-bfg,53.5574,6.7478,108.4,27.6,7.0,8.8,0.116,3.037,27.2,85.8,2.94
boston-8443970-usa-noaa,42.3548,-71.0534,137.1,20.9,14.1,11.5,0.162,3.671,12.7,38.2,1.35
boston_ma-741a-usa-uhslc,42.355,-71.052,137.3,21.0,14.1,11.4,0.161,3.675,12.6,38.1,1.35
botany_bay-60390-aus-bom,-33.9684,151.2204,50.0,12.2,15.4,10.1,0.409,1.754,7.2,18.4,0.47
bournemouth-bou-gbr-bodc,50.7143,-1.8749,40.7,18.1,9.0,4.1,0.224,1.441,12.1,33.3,1.02
bournemouth-bou-gbr-cmems,50.7136,-1.8747,41.0,18.5,9.0,4.0,0.218,1.448,12.2,33.7,1.2
boutiliers_point-482-can-meds,44.65,-63.95,64.0,13.7,10.9,5.2,0.207,1.876,11.8,33.2,1.81
bowen-59320-aus-bom,-20.025,148.25,76.5,31.5,34.8,17.2,0.482,3.201,8.0,21.4,1.12
brake-4096-deu-wsv,53.2953,8.4853,169.7,42.0,7.2,9.1,0.077,4.56,32.8,99.2,3.87
bremer_bay-bbbre01-aus-bom,-34.4248,119.3987,8.8,11.3,16.9,13.0,1.487,1.001,10.8,26.5,0.45
bremervorde-71-deu-wsv,53.4841,9.1548,31.5,6.8,2.9,3.5,0.165,0.894,27.2,77.4,1.81
breskens-bresks-nld-rws,51.3991,3.5646,173.7,47.7,6.5,10.2,0.075,4.762,25.2,81.1,2.1
brest-3-fra-refmar,48.3829,-4.495,205.1,75.1,6.6,6.4,0.046,5.865,11.9,33.9,1.35
brest-822a-fra-uhslc,48.383,-4.495,205.1,75.2,6.6,6.5,0.046,5.865,12.0,34.0,1.55
brest_60minute-bre-fra-cmems,48.3829,-4.4951,205.2,75.1,6.6,6.4,0.046,5.866,12.0,34.2,1.34
bridgeport-8467150-usa-noaa,41.1733,-73.1817,98.0,15.4,9.3,6.1,0.136,2.578,15.5,44.5,2.73
brisbane-331a-aus-uhslc,-27.367,153.167,71.2,19.2,21.3,11.8,0.365,2.468,7.2,18.7,0.82
brisbane_bar-59980-aus-bom,-27.3608,153.1719,71.1,19.1,21.3,11.8,0.366,2.466,7.3,19.0,0.79
britannia_ontario-16125-can-meds,45.36,-75.81,0.1,0.5,0.1,0.0,0.224,0.014,10.7,33.0,0.57
brockville_ontario-14400-can-meds,44.59,-75.68,0.8,0.1,0.2,0.2,0.509,0.028,5.8,16.9,0.6
brokdorf-72-deu-wsv,53.8627,9.316,121.5,28.2,7.3,9.1,0.11,3.323,36.4,111.2,3.82
broome-166a-aus-uhslc,-18.002,122.218,237.8,147.6,25.6,15.7,0.107,8.534,8.2,19.5,2.22
broome-62650-aus-bom,-18.0008,122.2186,237.7,147.7,25.5,15.7,0.107,8.532,11.3,30.0,2.24
brouwershavensche_gat_08-brouwhvsgt08-nld-rws,51.7508,3.8115,108.3,27.8,7.7,11.0,0.137,3.097,25.3,81.0,2.59
brunsbuttel_mole_4_pegel-73-deu-wsv,53.8875,9.1258,126.5,30.9,7.0,9.2,0.103,3.47,36.7,111.7,3.62
brunswick_heads-202403-aus-bom,-28.5368,153.5521,48.1,13.4,17.8,10.2,0.455,1.788,7.8,22.4,1.21
bryte_lab-byl-usa-cdwr,38.6001,-121.5395,6.3,0.9,7.0,3.7,1.507,0.357,46.6,178.8,3.54
buenaventura-085a-col-uhslc,3.89,-77.062,148.3,40.2,11.3,2.6,0.074,4.047,11.8,28.7,3.94
buenos_aires-285a-arg-uhslc,-34.667,-58.5,28.3,5.3,8.1,14.8,0.684,1.13,44.8,125.8,3.18
buffalo_ny-9063020-usa-noaa,42.8774,-78.8905,1.3,0.6,0.8,0.4,0.624,0.062,15.1,54.4,2.37
bunbury-62190-aus-bom,-33.3234,115.66,5.7,5.1,17.4,12.1,2.731,0.805,12.4,34.2,1.25
bundaberg-332a-aus-uhslc,-24.767,152.38,86.8,29.4,22.2,11.6,0.291,3.0,7.5,17.7,2.6
bundaberg_burnett_heads-59820-aus-bom,-24.7667,152.3833,86.7,29.4,22.2,11.6,0.291,2.998,8.2,19.5,2.6
burghsluis-burghss-nld-rws,51.6758,3.7564,131.5,33.4,6.7,10.1,0.102,3.635,24.0,77.4,2.04
burlington_ontario-13150-can-meds,43.3,-79.79,0.8,0.4,0.4,0.2,0.518,0.036,3.9,10.6,0.57
burnie-344a-aus-uhslc,-41.05,145.915,115.0,14.7,16.3,11.7,0.215,3.152,9.9,27.9,0.62
burnie-60910-aus-bom,-41.0528,145.9111,114.7,14.7,16.3,11.7,0.216,3.147,13.0,36.2,1.55
busselton_port_geographe-bsgeo01-aus-bom,-33.6304,115.3944,5.5,5.2,17.8,12.4,2.835,0.817,12.8,35.0,0.86
cabo_san_lucas-034-mex-unam,22.88,-109.9083,37.4,23.9,22.2,15.3,0.612,1.974,4.1,10.1,0.56
cabo_san_lucas-034a-mex-uhslc,22.88,-109.908,37.4,23.8,22.2,15.3,0.613,1.975,4.1,10.1,0.56
cache_slough_at_ryer_island-ryi-usa-cdwr,38.2128,-121.6692,36.2,6.3,22.3,12.2,0.81,1.539,9.6,28.9,1.04
caddadup-dvcad01-aus-bom,-32.6094,115.6431,3.0,2.4,11.1,7.8,3.49,0.488,10.9,28.1,0.56
cadzand-cadzd-nld-rws,51.3793,3.3763,164.6,45.9,6.6,10.2,0.08,4.546,23.8,73.9,2.49
cagliari-cag-ita-ispra,39.2102,9.1143,8.4,3.0,2.8,1.5,0.385,0.314,5.8,15.8,0.44
cairns-59060-aus-bom,-16.9267,145.78,59.3,34.6,31.9,15.5,0.505,2.827,7.3,18.5,0.92
calais-55-fra-refmar,50.9694,1.8677,248.7,77.6,1.7,4.9,0.02,6.659,20.7,57.7,2.24
calais_60minute-cal-fra-cmems,50.9695,1.8677,248.8,77.6,1.7,4.9,0.02,6.66,20.7,57.7,2.24
calcasieu_pass-8768094-usa-noaa,29.7682,-93.3429,13.0,3.9,14.1,13.1,1.604,0.882,14.3,34.2,2.78
caldera-088a-chl-uhslc,-27.067,-70.833,38.7,12.1,15.0,9.1,0.474,1.5,3.9,9.6,0.32
callao-093a-per-uhslc,-12.05,-77.15,23.1,7.7,14.6,7.1,0.706,1.05,4.2,10.1,0.74
callao-093b-per-uhslc,-12.068,-77.167,23.1,7.7,14.5,7.2,0.701,1.051,4.3,10.8,0.43
calumet_harbor_il-9087044-usa-noaa,41.7297,-87.5383,1.8,0.8,0.2,0.1,0.141,0.061,8.6,24.2,0.87
cambridge-8571892-usa-noaa,38.5725,-76.0617,23.3,3.4,4.8,4.0,0.33,0.711,14.4,37.5,1.43
cambridge_bay-6240-can-meds,69.12,-105.07,14.3,5.2,5.1,3.2,0.427,0.555,9.9,24.3,0.42
campbell_river_bc-8074-can-meds,50.04,-125.25,76.4,19.9,83.2,47.7,1.359,4.544,12.5,36.6,0.98
cananeia-281a-bra-uhslc,-25.017,-47.925,37.1,24.0,6.4,11.2,0.289,1.576,19.0,50.2,1.54
cape_bouvard-dvbvd01-aus-bom,-32.6014,115.63,4.7,4.3,14.9,10.8,2.86,0.694,11.1,29.1,0.67
cape_ferguson-343a-aus-uhslc,-19.277,147.058,70.4,39.5,33.5,16.2,0.452,3.192,8.5,21.7,1.79
cape_ferguson-59260-aus-bom,-19.2767,147.0583,70.3,39.5,33.5,16.2,0.452,3.191,8.6,22.1,1.78
cape_ferguson-h033007a-aus-bom,-19.27,147.05,70.1,39.6,33.6,16.3,0.455,3.193,8.6,22.1,1.76
cape_hatteras_fishing_pier-8654400-usa-noaa,35.2233,-75.635,43.8,7.8,9.2,7.2,0.318,1.359,10.2,27.4,1.36
cape_may-8536110-usa-noaa,38.9678,-74.9597,69.8,12.1,10.3,8.2,0.227,2.01,14.8,43.4,1.38
cape_may_nj-746a-usa-uhslc,38.968,-74.96,70.0,12.2,10.4,8.3,0.227,2.017,14.8,43.5,1.38
cape_town-704a-zaf-uhslc,-33.9,18.433,50.4,22.2,5.8,1.4,0.099,1.596,9.7,23.4,0.76
cape_vincent_ny-9052000-usa-noaa,44.1303,-76.332,0.7,0.2,0.3,0.2,0.491,0.027,3.8,11.4,0.57
cardwell-h035012a-aus-bom,-18.25,146.03,74.9,43.3,34.0,16.3,0.425,3.369,8.7,22.3,2.31
carillon_amont-16033-can-meds,45.57,-74.38,0.1,1.6,2.0,0.1,1.184,0.076,16.5,45.0,0.82
carillon_aval-16032-can-meds,45.57,-74.38,0.1,0.9,1.1,0.0,1.291,0.042,17.1,55.0,1.45
carloforte-car-ita-ispra,39.148,8.3095,7.0,2.8,3.9,1.8,0.58,0.309,6.2,17.3,0.47
carnarvon-167a-aus-uhslc,-24.898,113.652,31.7,14.0,22.3,14.4,0.804,1.648,9.0,22.0,0.69
carnarvon-62370-aus-bom,-24.8987,113.651,31.7,14.0,22.3,14.4,0.802,1.649,9.7,23.9,1.34
cartagena-265a-col-uhslc,10.383,-75.533,7.3,1.7,9.7,5.9,1.737,0.493,3.5,8.4,0.32
cartagena-265b-col-uhslc,10.39,-75.532,7.2,1.7,9.7,5.8,1.751,0.487,4.7,12.3,0.41
cascais-209a-prt-uhslc,38.692,-9.417,102.3,36.0,7.2,6.2,0.097,3.034,6.7,18.8,0.67
castletownbere-cas-irl-cmems,51.6496,-9.9034,109.5,35.8,4.6,1.7,0.043,3.031,11.7,30.7,4.71
castletownbere_port-cas-irl-mi_c,51.6496,-9.9034,108.5,35.5,4.6,1.7,0.044,3.005,11.5,31.0,0.8
catania-cat-ita-ispra,37.4981,15.0938,6.3,3.4,1.7,1.1,0.29,0.25,5.3,13.8,0.32
cebu-379a-phl-uhslc,10.3,123.917,40.9,22.6,31.1,28.8,0.943,2.468,4.6,11.9,0.42
cedar_key-8727520-usa-noaa,29.135,-83.0317,38.1,13.4,17.2,16.0,0.646,1.692,14.7,39.2,2.09
cendering-320a-mys-uhslc,5.265,103.187,30.0,12.0,49.1,30.7,1.901,2.436,9.0,25.5,0.68
ceuta-207a-esp-uhslc,35.9,-5.317,30.1,11.4,3.8,2.1,0.141,0.947,6.2,17.0,0.44
ceuta-ceta-esp-ieo,35.89,-5.314,29.9,11.3,3.8,2.1,0.143,0.941,6.5,17.8,0.55
chaleix_noumea-16-fra-refmar,-22.2915,166.4367,40.5,14.2,13.8,6.5,0.372,1.501,4.9,12.3,0.36
chaleixnoumea_60minute-cha-fra-cmems,-22.2915,166.4367,40.5,14.2,13.8,6.5,0.372,1.501,4.9,12.3,0.36
champlain-3350-can-meds,46.44,-72.34,22.5,5.9,6.3,6.3,0.444,0.821,19.3,57.8,1.48
charchanga-138a-bgd-uhslc,22.217,91.05,93.9,36.5,7.4,6.5,0.107,2.888,19.9,54.7,2.01
charleston-8665530-usa-noaa,32.7808,-79.9236,76.5,11.8,10.4,7.8,0.207,2.131,12.8,32.2,1.88
charleston-9432780-usa-noaa,43.345,-124.322,80.9,21.5,39.7,24.5,0.627,3.332,9.8,28.6,0.83
charleston_or-575a-usa-uhslc,43.345,-124.322,80.9,21.4,39.7,24.5,0.628,3.332,9.9,28.8,0.83
charleston_sc-261b-usa-uhslc,32.782,-79.925,76.6,11.8,10.5,7.8,0.206,2.135,12.8,32.2,1.85
charlotte_amalie-255a-usa-uhslc,18.335,-64.92,4.2,0.9,8.1,6.1,2.784,0.385,2.8,6.8,0.61
charlotte_amalie-9751639-usa-noaa,18.3472,-64.9258,4.2,0.9,8.1,6.0,2.757,0.386,2.8,6.8,0.55
charlottetown-1700-can-meds,46.23,-63.12,71.7,17.4,24.8,22.5,0.53,2.726,16.3,45.9,1.65
cherbourg-13-fra-refmar,49.6514,-1.6355,187.3,69.6,9.4,6.3,0.061,5.453,13.1,36.5,1.16
cherbourg_60minute-che-fra-cmems,49.6513,-1.6355,187.3,69.6,9.4,6.3,0.061,5.453,13.1,36.5,1.15
cherry_point-9449424-usa-noaa,48.8633,-122.758,72.2,17.8,80.7,45.2,1.398,4.318,12.5,33.6,3.58
chesapeake_bay_bridge_tunnel-8638863-usa-noaa,36.9667,-76.1133,37.5,6.9,5.6,4.6,0.231,1.093,14.5,42.3,1.25
chesapeake_bbt-749a-usa-uhslc,36.967,-76.113,37.5,6.9,5.7,4.6,0.23,1.093,14.5,42.2,1.25
chesapeake_city-8573927-usa-noaa,39.5267,-75.81,41.9,5.6,3.2,1.7,0.104,1.05,16.9,42.6,1.44
chiba-hd06-jpn-jodc_jcg,35.568,140.0455,47.8,23.7,25.1,19.7,0.627,2.326,8.3,24.4,1.33
chichijima-047a-jpn-uhslc,27.1,142.183,28.2,12.6,16.5,12.0,0.699,1.387,4.5,12.2,0.57
choshigyoko-ma64-jpn-jodc_jma,35.7445,140.8583,30.3,14.4,23.3,18.9,0.944,1.74,7.1,20.5,0.76
christiansted_harbor-9751364-usa-noaa,17.7477,-64.6984,3.0,0.9,8.1,6.0,3.575,0.362,2.7,6.5,0.54
christmas-011a-kir-uhslc,1.985,-157.477,26.2,8.4,8.1,3.6,0.341,0.926,3.8,9.1,0.25
christmas-011b-aus-uhslc,1.982,-157.472,27.3,8.9,8.4,3.8,0.335,0.968,3.8,9.4,0.23
churchill-274a-can-uhslc,58.767,-94.183,143.9,42.5,8.1,3.6,0.063,3.963,17.1,48.0,1.51
churchill-5010-can-meds,58.77,-94.18,142.4,42.1,8.0,3.6,0.063,3.923,17.5,49.4,1.5
chuuk-054a-fsm-uhslc,7.45,151.85,6.9,10.2,18.3,11.6,1.755,0.94,2.9,7.0,0.29
chuuk-1840000-usa-noaa,7.4467,151.847,6.9,10.1,18.1,11.5,1.755,0.932,3.1,7.5,0.29
ciudad_del_carmen-403-mex-unam,18.6367,-91.8367,5.1,1.6,11.1,7.7,2.806,0.511,8.3,24.4,0.68
ciudad_del_carmen-779a-mex-uhslc,18.533,-91.833,7.5,1.6,10.9,11.3,2.446,0.627,8.3,24.5,0.68
civitavecchia-civ-ita-ispra,42.094,11.7896,9.6,3.5,2.3,1.0,0.258,0.329,7.8,21.1,0.77
clearwater_bch_fl-773a-usa-uhslc,27.977,-82.832,24.2,9.4,15.4,14.8,0.899,1.273,10.4,28.8,1.09
clearwater_beach-8726724-usa-noaa,27.9783,-82.8317,24.2,9.3,15.4,14.8,0.901,1.275,10.4,28.4,1.1
cleveland_oh-9063063-usa-noaa,41.5409,-81.6355,0.6,0.3,0.2,0.1,0.352,0.022,5.6,15.4,0.69
clump_point-59168-aus-bom,-17.8515,146.1053,62.6,36.2,32.4,15.7,0.487,2.939,8.2,21.3,1.06
coast_guard_sector_mobile-8736897-usa-noaa,30.6483,-88.0583,2.9,1.5,16.4,15.3,7.151,0.723,14.7,40.2,1.33
coatzacoalcos-405-mex-unam,18.1433,-94.4117,7.4,2.2,13.7,13.4,2.839,0.733,7.5,19.9,0.87
cobourg_ontario-13590-can-meds,43.96,-78.16,0.2,0.1,0.1,0.0,0.362,0.007,2.8,7.0,0.36
cocos-171a-aus-uhslc,-12.117,96.892,30.7,11.3,14.7,8.9,0.562,1.313,3.7,8.8,0.33
coffs_harbour-205470-aus-bom,-30.3029,153.1461,52.2,14.3,17.6,9.7,0.41,1.874,7.6,20.1,0.49
collingwood_ontario-11500-can-meds,44.51,-80.22,1.3,0.4,0.3,0.2,0.319,0.046,7.5,21.5,0.68
colonial_beach-8635150-usa-noaa,38.2517,-76.96,24.0,3.9,2.8,2.3,0.183,0.661,14.8,37.3,1.08
concarneau-160-fra-refmar,47.8735,-3.9072,148.1,53.7,6.1,6.2,0.061,4.282,11.1,31.6,0.88
concarneau_60minute-con-fra-cmems,47.8738,-3.9076,148.1,53.7,6.1,6.2,0.061,4.282,11.0,31.6,0.88
conimicut_light-8452944-usa-noaa,41.7167,-71.3433,57.7,12.3,6.5,5.0,0.165,1.632,12.2,35.2,1.61
contrecoeur-15790-can-meds,45.86,-73.24,0.7,0.3,0.5,0.6,1.148,0.04,19.8,66.5,1.74
contrecoeur_ioc-15780-can-meds,45.83,-73.28,0.8,0.3,0.6,0.7,1.175,0.046,19.0,60.8,1.44
cooktown-58940-aus-bom,-15.4667,145.25,53.6,32.0,31.1,14.7,0.534,2.628,7.3,18.6,0.72
cooktown-h066003a-aus-bom,-15.45,145.25,53.3,31.8,31.1,14.7,0.537,2.617,7.0,18.0,0.62
cordemais-397-fra-refmar,47.2772,-1.8898,185.2,61.3,6.3,6.8,0.053,5.191,19.3,54.9,1.86
cordemais_60minute-cor-fra-cmems,47.2772,-1.8898,184.7,61.1,6.3,6.8,0.053,5.178,19.3,54.8,1.86
cordova-9454050-usa-noaa,60.5583,-145.755,144.1,49.3,49.4,30.2,0.412,5.461,13.4,36.3,0.97
cordova_alaska-583b-usa-uhslc,60.558,-145.753,144.4,49.4,49.6,30.3,0.412,5.474,13.8,37.5,1.09
cornwall_ontario-14870-can-meds,45.01,-74.71,0.1,0.7,0.3,0.0,0.431,0.021,6.2,17.2,0.44
corpus_cristi_tx-770a-usa-uhslc,27.58,-97.217,7.8,2.1,15.1,15.2,3.032,0.804,9.8,26.6,1.12
coruna-cor-esp-cmems,43.357,-8.389,118.5,41.3,7.4,6.5,0.087,3.475,8.5,24.0,0.45
cote_ste_catherine-15450-can-meds,45.41,-73.57,0.0,0.2,0.1,0.1,0.821,0.006,12.6,35.0,0.86
coteau_du_lac-15140-can-meds,45.3,-74.17,0.0,0.0,0.0,0.1,2.865,0.004,10.7,28.1,0.94
coteau_landing-15110-can-meds,45.25,-74.21,0.1,0.3,0.2,0.0,0.769,0.012,3.4,8.4,0.27
cranz-76-deu-wsv,53.5358,9.7915,150.4,34.2,7.3,9.1,0.089,4.022,37.8,114.4,4.77
crescent_city-9419750-usa-noaa,41.7456,-124.1844,71.4,18.4,39.0,24.2,0.704,3.058,9.9,28.9,1.68
crescent_city_ca-556a-usa-uhslc,41.745,-124.183,71.3,18.3,38.9,24.1,0.703,3.053,9.7,28.7,1.35
cristobal-266a-pan-uhslc,9.355,-79.915,7.9,1.5,10.5,6.3,1.774,0.525,3.4,8.8,0.32
cromer-cro-gbr-bodc,52.9342,1.3016,154.4,52.0,14.4,15.7,0.146,4.73,21.3,63.4,2.11
cromer-cro-gbr-cmems,52.9333,1.3,155.6,52.5,14.5,15.6,0.145,4.763,20.6,62.7,2.25
crookhaven_heads-215408-aus-bom,-34.9066,150.7592,42.3,9.5,15.5,9.4,0.48,1.532,7.5,19.4,0.87
crotone-cro-ita-ispra,39.0836,17.1371,6.2,3.2,2.0,0.9,0.301,0.244,6.1,15.4,1.6
cruz-cruz-esp-ieo,28.6722,-17.768,64.2,25.2,5.8,4.6,0.116,1.996,4.7,13.4,0.37
culebra-9752235-usa-noaa,18.3009,-65.3025,9.9,1.7,7.6,5.9,1.173,0.501,2.7,6.4,0.54
cutler_naval_base-8411250-usa-noaa,44.6417,-67.2967,190.2,29.1,14.1,11.1,0.115,4.89,11.3,31.0,1.26
cuxhaven-825a-deu-uhslc,53.867,8.717,135.1,34.7,7.4,9.3,0.098,3.727,34.3,108.2,3.78
cuxhaven_steubenhoft-77-deu-wsv,53.8677,8.7174,134.2,34.4,7.4,9.4,0.099,3.707,33.4,103.7,3.37
cuxhaven_steubenhoft-cux-deu-bfg,53.8677,8.7173,108.4,27.6,7.0,8.8,0.116,3.037,32.5,103.0,3.78
dakar-223e-sen-uhslc,14.677,-17.42,46.0,16.6,6.3,3.8,0.16,1.452,4.5,10.5,0.27
dalian-630a-chn-uhslc,38.925,121.658,96.6,30.6,25.3,18.0,0.341,3.41,17.8,39.3,0.84
darwin-168a-aus-uhslc,-12.472,130.847,184.6,95.7,58.4,32.8,0.326,7.432,8.9,21.8,0.98
darwin-63230-aus-bom,-12.4718,130.8459,184.6,95.7,58.3,32.8,0.325,7.429,10.7,28.5,2.28
daugavgriva-dau-lva-cmems,57.05,24.0167,0.6,0.1,1.7,1.8,4.459,0.085,14.3,39.7,1.15
dauphin_island-8735180-usa-noaa,30.25,-88.075,1.6,0.8,13.1,12.7,11.001,0.562,10.1,28.6,1.68
dauphin_island_al-763a-usa-uhslc,30.25,-88.075,1.6,0.8,12.9,12.6,10.857,0.558,10.1,28.4,1.68
davao-372b-phl-uhslc,7.153,125.663,57.0,28.8,12.9,8.5,0.249,2.144,5.9,15.2,0.7
davis-173a-aus-uhslc,-68.45,77.967,20.1,17.7,27.6,28.6,1.483,1.88,9.1,25.4,0.52
de_tour_village_mi-9075099-usa-noaa,45.9925,-83.8982,1.2,0.3,0.3,0.2,0.364,0.041,4.3,11.0,0.38
deal_pier-dlp-gbr-cco,51.2238,1.4092,201.8,61.9,5.8,7.5,0.05,5.541,18.3,52.4,2.32
deeneplaat-deenpt-nld-rws,51.7396,4.7167,12.6,2.6,1.4,2.4,0.251,0.38,17.1,52.7,1.27
degerby-deg-fin-cmems,60.0319,20.3848,0.9,0.3,0.4,0.4,0.621,0.041,8.4,20.9,0.52
delaware_city-8551762-usa-noaa,39.5817,-75.5883,76.7,9.9,10.0,8.0,0.207,2.092,18.7,46.8,1.66
delfzijl-delfzl-nld-rws,53.3264,6.9331,132.1,32.5,7.6,9.0,0.101,3.624,31.5,100.3,3.48
delta_cross_channel_btw_sac_and_snodgrass-dlc-usa-cdwr,38.245,-121.505,23.6,4.0,17.1,9.0,0.946,1.073,11.4,32.8,1.58
den_helder-denhdr-nld-rws,52.9644,4.745,62.8,17.6,7.3,9.8,0.213,1.95,24.6,78.1,2.46
deschaillons-3335-can-meds,46.56,-72.11,58.3,13.1,11.2,11.4,0.316,1.879,21.1,60.6,1.81
devonport-60930-aus-bom,-41.15,146.3833,114.3,14.3,16.6,11.8,0.221,3.14,13.7,39.0,1.57
devonport-dev-gbr-bodc,50.3684,-4.1852,166.8,59.7,7.6,5.5,0.058,4.792,13.1,35.7,0.95
devonport-dev-gbr-da_idh,50.3684,-4.1852,168.2,61.1,7.5,5.5,0.057,4.847,19.4,58.0,1.96
diego_garcia-104d-gbr-uhslc,-7.29,72.393,49.3,28.4,3.8,3.9,0.1,1.71,3.1,7.7,0.26
dieppe-24-fra-refmar,49.9292,1.0845,307.5,100.8,7.8,3.8,0.028,8.397,19.0,51.1,1.65
dieppe_60minute-die-fra-cmems,49.93,1.085,307.6,100.8,7.7,3.8,0.028,8.398,19.0,51.2,1.65
discovery_bay_at_discovery_bay_blv-dbd-usa-cdwr,37.8928,-121.6025,31.5,5.1,20.3,11.7,0.877,1.373,8.6,24.3,0.73
discovery_bay_at_indian_slough-dbi-usa-cdwr,37.9177,-121.5867,31.0,5.1,20.1,11.5,0.875,1.353,8.5,24.2,0.75
donges-396-fra-refmar,47.3057,-2.0883,180.8,64.9,6.3,6.9,0.054,5.176,14.8,43.6,1.58
donges_60minute-don-fra-cmems,47.3057,-2.0883,180.8,64.9,6.3,6.9,0.054,5.176,14.8,43.6,1.58
dongfang-637a-chn-uhslc,19.1,108.617,18.3,5.6,53.6,63.0,4.871,2.812,9.5,23.3,0.84
dordrecht-dordt-nld-rws,51.8195,4.6707,32.3,7.4,3.1,4.4,0.19,0.945,18.5,56.9,1.56
doughty_cut_above_grant_line_canal-dgl-usa-cdwr,37.815,-121.425,19.0,3.1,14.7,8.8,1.065,0.913,11.5,31.0,0.85
dover-dov-gbr-bodc,51.1144,1.3225,221.8,69.2,5.0,5.5,0.036,6.03,19.5,55.5,1.86
dover-dov-gbr-cmems,51.1167,1.3167,218.2,68.9,5.1,5.2,0.036,5.95,30.6,60.8,7.69
draghallan-2062-swe-smhi,62.3333,17.4667,0.5,0.3,0.6,0.5,1.357,0.037,10.0,25.4,0.91
draghallan-dra-swe-cmems,62.3333,17.4667,0.5,0.3,0.6,0.5,1.357,0.037,10.0,25.4,0.91
drogden-dro-dnk-cmems,55.5358,12.7117,3.2,1.6,1.4,1.0,0.49,0.143,14.6,37.2,1.3
dry_dock_mi-9014087-usa-noaa,42.9453,-82.4433,0.5,0.3,0.2,0.1,0.327,0.022,6.1,17.7,0.61
dublin_port-dub-irl-mi_c,53.3457,-6.2217,132.7,39.3,10.6,10.1,0.121,3.854,28.2,59.3,2.93
dublinport-dub-irl-cmems,53.3457,-6.2217,134.3,39.7,10.5,9.9,0.117,3.889,23.7,44.8,2.9
duck-8651370-usa-noaa,36.1833,-75.7467,47.4,8.7,8.6,5.6,0.254,1.407,14.3,39.4,1.23
duck_pier_nc-260a-usa-uhslc,36.183,-75.747,47.4,8.7,8.7,5.7,0.256,1.41,14.2,39.2,1.22
duluth_mn-9099064-usa-noaa,46.7758,-92.092,2.0,0.9,1.0,0.6,0.536,0.09,5.5,14.7,0.5
dunkerque-2-fra-refmar,51.0481,2.3667,214.7,64.5,3.9,7.8,0.042,5.819,20.8,61.9,2.29
dunkerque_60minute-dun-fra-cmems,51.0482,2.3665,214.7,64.5,3.9,7.8,0.042,5.821,20.8,61.9,2.29
dunn_paper_mi-9014096-usa-noaa,43.0033,-82.4217,0.6,0.3,0.3,0.1,0.364,0.026,6.9,19.0,0.79
durban-181a-zaf-uhslc,-29.867,31.05,55.9,31.2,5.3,1.6,0.079,1.879,7.8,19.7,1.06
dutch_harbor_ak-041b-usa-uhslc,53.88,-166.537,26.8,2.4,33.5,22.6,1.917,1.707,11.8,29.7,0.56
dutch_slough_at_jersey_island-dsj-usa-cdwr,38.013,-121.671,30.0,5.5,20.8,11.7,0.916,1.36,11.5,30.7,1.24
dwarsgat-4100-deu-wsv,53.7187,8.3076,150.7,39.0,7.4,9.4,0.088,4.128,31.4,98.8,3.16
eagle_point-8771013-usa-noaa,29.48,-94.9183,3.3,1.2,11.6,11.2,4.994,0.546,14.7,37.2,2.69
east_london-187a-zaf-uhslc,-33.017,27.917,51.0,27.2,5.8,1.5,0.093,1.709,10.9,28.5,1.13
easter-022c-chl-uhslc,-27.155,-109.473,20.2,6.8,8.1,4.8,0.475,0.799,5.6,17.6,1.21
eastport-8410140-usa-noaa,44.9046,-66.9829,265.2,41.5,15.4,11.6,0.088,6.674,13.7,36.8,2.23
eastport_me-740a-usa-uhslc,44.903,-66.985,265.5,41.7,15.2,11.6,0.087,6.681,14.0,37.9,1.77
eden-60530-aus-bom,-37.0712,149.9083,45.5,10.0,17.6,10.9,0.513,1.682,9.6,24.6,0.9
eemshaven-eemshvn-nld-rws,53.4487,6.8284,116.9,29.4,7.3,8.9,0.111,3.251,29.6,95.4,3.15
elfin_cove-9452634-usa-noaa,58.1947,-136.3469,123.8,40.7,47.3,29.4,0.467,4.823,11.8,31.5,0.55
elhierro-elh-esp-cmems,27.78,-17.9,59.4,24.1,6.2,4.3,0.125,1.882,3.6,9.6,0.21
elmshorn-78-deu-wsv,53.7502,9.6479,52.6,13.8,5.1,5.5,0.16,1.54,25.4,89.5,1.76
elsfleth-4102-deu-wsv,53.264,8.4814,165.8,40.8,7.0,8.9,0.077,4.449,32.1,95.8,3.97
enewetok-006a-mhl-uhslc,11.43,162.387,34.1,20.5,11.8,7.8,0.36,1.484,5.4,13.4,0.36
ensenada-317-mex-unam,31.855,-116.6333,48.8,20.8,32.2,20.8,0.762,2.45,5.0,12.4,1.08
ensenada-317a-mex-uhslc,31.85,-116.633,48.8,20.8,32.2,20.8,0.762,2.45,5.0,12.4,1.08
erie_lake_erie_pa-9063038-usa-noaa,42.1539,-80.0758,1.3,0.4,0.4,0.2,0.368,0.044,8.3,29.0,1.26
erieau_ontario-12250-can-meds,42.26,-81.91,0.6,0.2,0.2,0.1,0.338,0.022,4.4,10.6,0.39
esashiko-0140-jpn-jodc_pahb,41.8706,140.1256,5.4,2.2,6.3,6.8,1.712,0.413,8.5,22.8,0.97
esbjerg-esb-dnk-dmi,55.4667,8.4333,72.4,17.5,5.5,8.1,0.152,2.072,32.8,101.9,3.8
esmeraldas-098a-ecu-uhslc,0.992,-79.647,111.6,29.9,10.5,2.2,0.089,3.084,6.9,17.2,2.42
esperance-176a-aus-uhslc,-33.87,121.897,10.6,13.5,18.3,13.3,1.312,1.114,12.2,31.8,0.67
esperance-62080-aus-bom,-33.8709,121.8954,10.6,13.5,18.3,13.3,1.311,1.114,12.3,31.8,0.68
esperanza-9752695-usa-noaa,18.0939,-65.4714,2.8,0.9,8.1,6.2,3.91,0.361,2.6,6.2,0.28
essexville_mi-9075034-usa-noaa,43.6417,-83.8467,1.0,0.5,0.8,0.2,0.67,0.051,10.4,29.1,1.06
essexville_mi-9075035-usa-noaa,43.6404,-83.8468,1.3,0.7,0.8,0.3,0.571,0.06,10.3,28.9,1.19
euro_platform-eurpfm-nld-rws,51.9986,3.2764,72.4,17.6,8.2,11.2,0.215,2.187,19.8,61.8,2.13
exmouth-62435-aus-bom,-21.9549,114.1409,58.2,30.9,21.3,13.7,0.393,2.481,7.1,19.0,1.05
fahrenholz_up-79-deu-wsv,53.3603,10.3155,72.4,16.9,5.2,6.1,0.126,2.011,28.8,83.5,2.03
fairport_oh-9063053-usa-noaa,41.7597,-81.2811,0.3,0.2,0.1,0.0,0.242,0.012,3.9,11.3,0.51
fall_river-8447386-usa-noaa,41.7043,-71.1641,59.4,12.5,6.6,5.0,0.162,1.67,12.1,34.8,1.47
false_river_near_oakley-fal-usa-cdwr,38.0558,-121.6669,28.4,5.1,20.2,11.3,0.943,1.3,8.3,24.4,0.66
fanning-012b-kir-uhslc,3.907,-159.387,12.6,3.4,5.2,2.6,0.487,0.475,3.4,8.3,0.25
faraday-700a-ata-uhslc,-65.25,-64.267,17.9,17.3,31.4,28.5,1.701,1.903,12.2,29.7,0.64
farge-4104-deu-wsv,53.2047,8.5102,164.0,40.3,6.8,8.7,0.076,4.397,31.5,94.2,4.12
felixstowe-fel-gbr-bodc,51.9577,1.3466,125.4,34.8,10.9,12.8,0.148,3.678,21.5,63.1,2.24
felixstowe-fel-gbr-cmems,51.9667,1.35,126.3,35.1,10.8,12.8,0.146,3.698,20.7,62.6,2.12
fermi_power_plant_mi-9063090-usa-noaa,41.96,-83.257,2.4,0.5,0.9,0.3,0.434,0.083,14.3,33.5,1.18
fernandina_beach-8720030-usa-noaa,30.6714,-81.4658,87.0,13.6,10.4,7.6,0.179,2.373,14.9,41.8,2.02
ferrol-fer-esp-cmems,43.463,-8.326,118.7,41.5,7.3,6.5,0.086,3.48,8.7,24.4,1.04
ferrol2-fer-esp-cmems,43.4762,-8.2485,120.7,42.0,7.3,6.6,0.085,3.533,8.7,24.2,0.97
fishermans_landing-h052003b-aus-bom,-23.78,151.17,125.7,44.8,27.0,14.7,0.245,4.243,9.2,24.0,1.01
fishguard-fis-gbr-bodc,52.0132,-4.9837,133.0,51.9,8.0,7.7,0.085,4.013,13.4,37.7,1.02
fishguard-fis-gbr-cmems,52.0167,-4.9833,133.5,52.2,8.0,7.7,0.085,4.029,13.3,37.2,1.1
flores_santa_cruz-210a-prt-uhslc,39.453,-31.12,38.9,13.8,3.5,1.3,0.09,1.148,7.3,20.2,0.89
foglo_degerby-134252-fin-fmi,60.03,20.38,0.9,0.4,0.4,0.4,0.649,0.041,8.3,20.9,0.52
forsmark-2179-swe-smhi,60.4086,18.2108,0.6,0.3,0.4,0.5,1.002,0.033,9.8,25.5,0.93
forsmark-for-swe-cmems,60.4086,18.2108,0.6,0.3,0.4,0.5,1.031,0.034,9.9,25.6,0.86
forster-209402-aus-bom,-32.174,152.5082,42.4,10.8,13.8,7.8,0.406,1.497,7.1,18.7,0.5
fort_denison-333a-aus-uhslc,-33.855,151.227,50.0,12.3,14.8,9.7,0.393,1.736,7.2,18.3,0.5
fort_gratiot_mi-9014098-usa-noaa,43.0069,-82.4225,0.7,0.4,0.3,0.1,0.331,0.029,7.9,21.8,1.03
fort_hamilton_new_york_1-8517942-usa-da_sat,40.6067,-74.035,68.1,13.7,9.9,5.2,0.185,1.938,16.8,47.2,1.51
fort_myers-8725520-usa-noaa,26.648,-81.871,10.3,3.0,8.2,7.3,1.164,0.576,10.2,25.9,0.94
fort_point-8423898-usa-noaa,43.0714,-70.7106,129.0,19.6,13.8,11.1,0.168,3.47,11.2,33.9,1.1
fort_pulaski-8670870-usa-noaa,32.0367,-80.9017,100.7,16.1,10.9,7.9,0.162,2.713,14.7,38.8,2.06
fort_pulaski_ga-752a-usa-uhslc,32.033,-80.902,100.8,16.2,11.0,7.9,0.162,2.72,14.7,38.7,2.06
fort_wayne_mi-9044036-usa-noaa,42.2983,-83.0933,0.6,0.1,0.4,0.1,0.652,0.024,6.6,17.2,0.62
forteau_bay-2590-can-meds,51.45,-56.88,40.9,13.9,10.6,8.9,0.355,1.487,11.3,30.3,0.83
fos_sur_mer-719-fra-refmar,43.4049,4.8929,6.8,2.5,3.5,2.0,0.589,0.295,7.9,22.7,0.45
fredericia-fre-dnk-cmems,55.5667,9.75,13.4,3.0,0.8,1.9,0.164,0.381,14.5,41.7,1.22
frederikshavn-fre-dnk-cmems,57.4333,10.5667,13.6,3.2,0.4,2.7,0.185,0.399,16.3,48.2,1.4
freeport-8772440-usa-noaa,28.9483,-95.3083,9.4,2.6,15.2,14.6,2.476,0.838,12.3,31.6,1.43
freeport-8772447-usa-noaa,28.9433,-95.3025,9.4,2.6,15.1,14.6,2.482,0.834,12.3,31.7,1.67
fremantle-175a-aus-uhslc,-32.05,115.733,5.2,4.7,16.9,11.9,2.885,0.777,11.7,30.7,0.84
fremantle-62230-aus-bom,-32.0558,115.7395,5.2,4.7,16.8,11.9,2.888,0.774,11.9,31.5,0.87
french_frigate-014a-usa-uhslc,23.868,-166.288,9.5,2.6,12.4,6.7,1.574,0.623,3.8,11.2,0.47
freshwater_canal_locks-8766072-usa-noaa,29.5517,-92.3052,12.8,4.4,16.3,14.8,1.804,0.966,16.9,40.8,2.71
friday_harbor-9449880-usa-noaa,48.5453,-123.0129,55.7,13.3,75.9,43.3,1.728,3.762,10.7,31.6,0.86
fuerteventura-fue-esp-cmems,28.5,-13.85,81.1,30.4,6.2,5.2,0.102,2.457,3.4,9.3,0.31
fukaura-ma57-jpn-jodc_jma,40.6472,139.9264,4.9,2.0,5.3,5.3,1.513,0.35,7.6,19.9,0.5
fukue-ma50-jpn-jodc_jma,32.6961,128.8494,75.2,34.2,24.4,18.9,0.396,3.054,6.0,16.0,0.79
fulford_harbour_bc-7330-can-meds,48.77,-123.45,58.7,14.3,75.6,42.6,1.621,3.824,11.0,32.7,0.74
funafuti-025a-tuv-uhslc,-8.525,179.195,57.8,24.4,8.7,5.3,0.171,1.925,3.6,9.2,0.3
funafuti-025b-tuv-uhslc,-8.503,179.21,57.9,24.4,8.7,5.4,0.171,1.928,2.9,7.2,0.3
funafuti-67440-tuv-bom,-8.5025,179.1952,57.8,24.5,8.7,5.3,0.171,1.928,2.9,7.2,0.3
funchal-218b-prt-uhslc,32.643,-16.913,71.0,26.1,5.9,4.4,0.107,2.149,5.4,16.8,0.9
furuogrund-2055-swe-smhi,64.9158,21.2306,0.2,0.1,1.0,0.6,4.356,0.039,13.6,35.4,1.0
furuogrund-fur-swe-cmems,64.9158,21.2306,0.2,0.1,1.0,0.6,4.276,0.04,13.7,35.7,1.0
fushikitoyamako-0107-jpn-jodc_pahb,36.7752,137.1181,5.9,2.1,5.4,5.3,1.333,0.373,6.9,17.5,0.4
fynshav-fyn-dnk-cmems,55.0,9.9833,4.5,1.4,2.2,1.7,0.673,0.196,19.5,53.9,1.47
galets_60minute-gal-fra-cmems,-20.92,55.3,17.4,9.5,5.3,3.4,0.324,0.713,4.1,10.1,0.46
galveston_bay_entrance-8771341-usa-noaa,29.3573,-94.7248,10.8,3.1,14.6,13.8,2.042,0.845,13.4,34.1,1.08
galveston_pier_21-775a-usa-uhslc,29.31,-94.793,8.4,2.5,13.2,12.6,2.368,0.734,13.0,33.1,2.55
galveston_pier_21-8771450-usa-noaa,29.31,-94.7933,8.2,2.5,13.2,12.6,2.408,0.731,13.1,33.1,2.65
galveston_pleasure_pier-8771510-usa-noaa,29.2853,-94.7894,13.1,3.1,16.3,15.3,1.947,0.956,14.2,36.2,2.62
galveston_ppier-767a-usa-uhslc,29.287,-94.79,13.1,3.1,16.3,15.3,1.953,0.955,14.2,36.0,2.37
galway_port-gal-irl-mi_c,53.269,-9.048,151.0,54.8,10.5,7.0,0.085,4.465,14.0,39.9,1.53
galwayport-gal-irl-cmems,53.269,-9.048,151.9,55.2,10.3,6.9,0.083,4.487,24.3,45.2,5.17
gamebridge_ontario-16500-can-meds,44.47,-79.17,0.1,0.0,0.0,0.0,0.566,0.002,2.2,6.1,0.27
gan-109a-mdv-uhslc,-0.687,73.152,30.0,18.1,9.1,5.3,0.299,1.249,3.0,7.2,0.17
gandia-gan-esp-cmems,38.995,-0.152,1.6,0.5,3.7,2.5,3.05,0.166,6.5,18.6,0.57
gatineau-16105-can-meds,45.43,-75.71,0.1,0.4,0.5,0.1,1.068,0.023,16.4,51.9,1.5
gedser-837a-dnk-uhslc,54.567,11.933,4.5,0.9,2.0,1.9,0.732,0.184,19.3,50.3,1.43
gedser-ged-dnk-dmi,54.5667,11.9333,4.4,0.9,1.9,2.0,0.743,0.185,19.4,50.8,1.43
geelong-60770-aus-bom,-38.1467,144.3633,28.1,6.8,10.5,7.2,0.51,1.052,11.1,30.2,0.78
genova-gen-ita-ispra,44.4101,8.9255,8.4,3.3,3.5,1.6,0.432,0.335,6.5,18.6,0.45
georgetown-60950-aus-bom,-41.11,146.82,109.7,13.2,16.1,11.5,0.224,3.01,12.4,33.8,1.14
georgiana_slough_at_mokelumne_r-gsm-usa-cdwr,38.1295,-121.583,27.7,4.6,19.2,10.6,0.922,1.243,8.9,25.8,1.35
georgiana_slough_at_sacramento_river-gss-usa-cdwr,38.237,-121.518,20.6,3.2,15.0,7.9,0.963,0.934,16.8,63.9,1.53
geraldton-62290-aus-bom,-28.776,114.6019,7.3,4.7,17.7,12.4,2.498,0.842,11.7,28.7,0.83
geting-326a-mys-uhslc,6.227,102.107,16.9,8.1,25.0,13.2,1.526,1.264,10.3,29.6,0.81
geulhaven-geulhvn-nld-rws,51.8886,4.3138,74.6,17.5,6.6,9.2,0.172,2.158,23.4,73.9,2.28
gibraltar-289a-gbr-uhslc,36.133,-5.35,32.3,11.9,2.3,0.8,0.072,0.947,6.5,17.0,0.46
gibraltar_mi-9044020-usa-noaa,42.0917,-83.1867,2.2,0.4,0.8,0.3,0.412,0.073,12.6,30.2,1.08
gijon-gij-esp-cmems,43.558,-5.698,128.6,44.9,6.7,6.8,0.078,3.739,9.0,24.6,0.5
gladstone-59750-aus-bom,-23.8333,151.25,119.7,42.9,26.6,14.2,0.251,4.069,8.5,22.2,1.09
gloucester_point-8637624-usa-noaa,37.2467,-76.5,34.6,6.2,4.8,3.6,0.207,0.983,13.7,39.0,1.38
gluckstadt-80-deu-wsv,53.7844,9.4094,121.9,27.9,7.2,9.0,0.108,3.32,36.1,111.2,3.91
gobo-ma68-jpn-jodc_jma,33.8508,135.1644,48.2,21.9,22.0,17.0,0.557,2.181,7.3,19.4,0.7
goderich_ontario-11860-can-meds,43.75,-81.73,0.6,0.4,0.1,0.0,0.105,0.022,6.2,17.9,0.65
goidschalxoord-goidsod-nld-rws,51.8303,4.4516,48.2,11.4,4.6,6.4,0.185,1.413,19.0,59.8,1.71
gold_coast_southport-60051-aus-bom,-27.9667,153.4167,51.1,14.3,18.3,10.7,0.442,1.887,6.8,18.6,0.57
gomera-gom-esp-cmems,28.0,-17.0,58.2,23.3,5.7,4.4,0.123,1.832,3.5,9.1,0.21
goods_island-58200-aus-bom,-10.5639,142.1486,54.6,20.6,69.7,41.3,1.477,3.724,10.3,27.8,1.87
goodyear_slough-gys-usa-cdwr,38.118,-122.095,50.4,10.3,27.5,15.5,0.71,2.074,11.2,30.7,3.6
goteborg_torshamnen-2109-swe-smhi,57.6847,11.7906,7.0,1.6,0.4,1.9,0.273,0.218,15.7,46.6,1.4
goteborgklippan-got-swe-cmems,57.6833,11.9,6.2,1.7,0.4,1.8,0.272,0.201,16.5,49.1,1.1
goteborgorsh-819a-swe-uhslc,57.685,11.79,7.1,1.5,0.4,2.0,0.273,0.218,15.6,46.1,1.4
goteborgtorshamnen-got-swe-cmems,57.6847,11.7906,7.1,1.7,0.4,2.0,0.271,0.222,15.7,46.6,1.4
gouda_brug-goudbg-nld-rws,52.0068,4.7206,64.3,14.6,5.4,7.6,0.165,1.837,24.0,72.0,2.07
grand_isle-8761724-usa-noaa,29.263,-89.957,1.5,0.7,11.9,11.7,10.629,0.516,8.5,23.7,1.23
grand_isle_la-765a-usa-uhslc,29.263,-89.957,1.5,0.7,11.9,11.6,11.046,0.514,8.4,23.5,1.2
grand_marais_lake_superior_mn-9099090-usa-noaa,47.7486,-90.3413,1.1,0.5,0.5,0.3,0.535,0.051,3.2,8.6,0.31
grauerort-81-deu-wsv,53.6779,9.4949,127.6,28.8,7.3,9.0,0.104,3.453,36.5,111.5,4.24
green_bay_wi-9087079-usa-noaa,44.5411,-88.0072,4.3,2.2,0.1,0.1,0.03,0.134,10.9,30.2,1.68
greifswald_wiek-gre-deu-bfg,54.0977,13.4572,1.5,0.3,0.7,1.4,1.131,0.081,18.2,51.2,1.45
grena-gre-dnk-cmems,56.4111,10.9306,13.1,3.3,0.2,3.1,0.205,0.395,18.1,54.1,1.69
grenville-16045-can-meds,45.63,-74.61,0.1,0.7,0.9,0.1,1.268,0.036,10.4,27.7,0.97
grondines-3325-can-meds,46.59,-72.04,77.5,16.5,13.9,13.6,0.292,2.429,22.9,64.3,1.78
groote_eylandt-145a-aus-uhslc,-13.86,136.417,5.5,3.9,33.6,27.0,6.5,1.398,10.5,30.6,1.23
gros_cap_ontario-10920-can-meds,46.53,-84.59,1.4,0.5,0.7,0.4,0.557,0.061,6.1,17.2,0.66
guaymas-397-mex-unam,27.9217,-110.8833,13.1,10.1,27.6,18.1,1.975,1.378,5.5,14.5,0.52
guaymas-397a-mex-uhslc,27.933,-110.9,13.4,10.5,27.8,18.4,1.933,1.402,5.4,14.4,0.52
hachijyojima-hd11-jpn-jodc_jcg,33.1303,139.8047,31.6,15.5,19.6,15.0,0.734,1.634,12.5,30.3,1.19
hachinohe-375a-jpn-uhslc,40.533,141.533,30.6,14.1,22.3,17.8,0.899,1.696,6.5,17.3,0.46
hachinohe-ma08-jpn-jodc_jma,40.5317,141.5278,30.6,14.1,22.3,17.8,0.899,1.696,6.7,17.8,0.46
hagestein_beneden-hagsbndn-nld-rws,51.9933,5.1321,47.2,10.6,3.3,5.0,0.144,1.324,37.1,116.6,2.74
haikou-638a-chn-uhslc,20.017,110.283,22.5,13.1,41.0,51.2,2.594,2.557,10.9,27.3,1.99
hakata-hd18-jpn-jodc_jcg,33.6186,130.4078,50.3,24.0,14.9,14.0,0.389,2.064,7.2,19.6,1.3
hakodate-364a-jpn-uhslc,41.783,140.717,21.6,9.9,13.0,10.2,0.735,1.095,7.1,20.1,0.47
hakodate-ma06-jpn-jodc_jma,41.7817,140.7247,21.6,9.9,13.0,10.2,0.736,1.094,7.1,20.1,0.51
halifax-275a-can-uhslc,44.667,-63.583,62.7,13.3,10.6,5.0,0.204,1.83,11.3,32.6,1.11
halifax-490-can-meds,44.67,-63.58,62.5,13.3,10.6,5.0,0.205,1.826,11.5,33.4,1.11
hamada-348a-jpn-uhslc,34.9,132.067,7.9,3.9,7.4,9.0,1.379,0.563,7.5,19.5,0.75
hamada-ma66-jpn-jodc_jma,34.8972,132.0661,7.9,3.9,7.4,8.9,1.378,0.563,7.5,19.6,0.75
hamina-ham-fin-cmems,60.5628,27.1792,1.2,0.4,2.4,2.5,3.149,0.131,14.8,41.7,1.36
hamina_pitajansaari-134254-fin-fmi,60.56,27.18,1.2,0.4,2.5,2.5,3.128,0.131,14.8,41.7,1.36
hammerfest-hft-nor-nhs,70.6646,23.6832,88.6,27.5,8.1,3.2,0.097,2.549,13.1,35.9,0.89
hanasaki-ma03-jpn-jodc_jma,43.2781,145.5678,28.7,13.0,21.5,22.7,1.062,1.72,7.3,20.4,0.7
hanimaadhoo-117b-mdv-uhslc,6.767,73.173,22.9,11.0,18.0,9.1,0.799,1.22,3.0,7.1,0.15
hanko-han-fin-cmems,59.8229,22.9766,1.4,0.5,0.7,0.9,0.857,0.071,9.6,25.0,0.78
hanko_pikku_kolalahti-134253-fin-fmi,59.82,22.98,1.4,0.5,0.7,0.9,0.862,0.071,9.6,25.1,0.78
hansweert-hanswt-nld-rws,51.4456,4.007,196.0,50.9,7.0,10.4,0.07,5.285,27.3,84.5,2.66
harbor_beach_mi-9075014-usa-noaa,43.8464,-82.6431,0.4,0.2,0.2,0.1,0.604,0.019,5.3,13.5,0.56
harburg-3341-deu-wsv,53.4727,9.9918,162.3,37.1,7.4,9.2,0.083,4.32,39.2,117.3,4.68
haringvliet_10-harvt10-nld-rws,51.8631,3.8608,92.4,23.1,7.8,11.0,0.163,2.686,23.3,71.7,2.39
haringvlietsluizen_buiten-harvszbtn-nld-rws,51.8292,4.0448,98.0,24.6,7.5,11.0,0.151,2.823,28.2,90.3,2.64
harlingen-harlgn-nld-rws,53.1756,5.4093,81.2,20.7,7.6,9.6,0.169,2.383,29.3,96.4,2.99
harrington_harbour-2550-can-meds,50.5,-59.48,52.6,17.2,14.5,13.9,0.407,1.963,12.0,34.0,1.09
harrisville_mi-9075059-usa-noaa,44.6593,-83.2863,0.1,0.1,0.3,0.1,1.91,0.012,3.8,9.4,0.35
harstad-har-nor-nhs,68.8013,16.5482,70.3,23.9,6.0,4.2,0.108,2.088,12.4,33.4,0.86
harvest_oil_p_ca-594a-usa-uhslc,34.468,-120.673,47.3,15.5,34.8,22.0,0.905,2.391,4.5,11.3,0.29
harvey-dvhar01-aus-bom,-32.6835,115.6761,1.9,1.8,9.9,7.2,4.665,0.415,11.5,29.8,0.66
havre_de_grace-8574070-usa-noaa,39.5367,-76.09,30.3,3.1,8.2,6.4,0.438,0.959,18.6,47.8,1.71
hay_point-59511-aus-bom,-21.2683,149.3033,177.9,65.9,39.3,19.6,0.242,6.055,11.0,28.5,1.14
hechthausen-83-deu-wsv,53.6405,9.2528,66.1,14.8,4.5,5.4,0.122,1.818,29.9,80.8,2.16
heimsjo-hei-nor-nhs,63.4252,9.1015,78.0,26.9,6.2,5.4,0.111,2.331,14.6,40.6,1.58
helgeroa-hro-nor-nhs,58.9952,9.8564,11.8,2.9,0.2,2.2,0.162,0.34,14.8,43.1,1.22
helgoland-84-deu-wsv,54.1789,7.8899,108.0,28.4,6.9,9.0,0.116,3.044,28.0,87.1,2.6
helsinki-hel-fin-cmems,60.1536,24.9562,0.4,0.1,1.7,1.9,7.405,0.081,11.8,31.8,1.02
helsinki_kaivopuisto-132310-fin-fmi,60.15,24.96,0.4,0.1,1.7,1.8,7.152,0.081,11.8,31.8,1.02
herne_bay-hby-gbr-cco,51.382,1.1155,177.8,50.7,10.8,12.5,0.102,5.036,25.1,74.2,3.29
hesnaes-hes-dnk-cmems,54.8167,12.1333,2.5,0.8,1.7,1.7,0.995,0.134,19.0,49.6,1.39
hetlingen-4876-deu-wsv,53.6094,9.5843,134.6,30.4,7.3,9.0,0.099,3.625,36.6,111.5,4.28
heysham-hey-gbr-bodc,54.0318,-2.9202,314.2,101.5,12.7,11.3,0.058,8.793,22.8,67.4,2.39
heysham-hey-gbr-cmems,54.0333,-2.9167,315.5,101.9,12.9,11.0,0.057,8.826,23.4,66.1,2.34
hillarys-132a-aus-uhslc,-31.825,115.738,5.3,4.5,17.3,12.0,2.98,0.783,11.7,30.7,0.77
hillarys-62237-aus-bom,-31.8256,115.7386,5.3,4.5,17.2,12.1,2.979,0.781,11.7,31.0,0.76
hilo-1617760-usa-noaa,19.7303,-155.06,21.7,9.2,16.3,8.9,0.819,1.121,3.6,9.1,0.55
hilo_hawaii-060a-usa-uhslc,19.733,-155.067,21.7,9.1,16.3,8.9,0.818,1.119,3.5,9.0,0.55
hinkley-hin-gbr-cmems,51.2167,-3.1333,388.5,138.2,7.0,7.3,0.027,10.819,22.0,57.9,2.66
hinkley_point-hin-gbr-bodc,51.2152,-3.1345,387.7,137.7,7.0,7.1,0.027,10.792,25.1,65.7,2.01
hirarako-0151-jpn-jodc_pahb,24.8133,125.2783,48.6,20.9,18.6,15.5,0.491,2.07,5.8,14.5,0.74
hiron_point-134a-bgd-uhslc,21.783,89.467,82.5,34.7,13.3,5.1,0.156,2.711,11.7,36.0,1.62
hiroshima-hd14-jpn-jodc_jcg,34.3531,132.4647,101.6,42.0,30.9,22.6,0.373,3.944,9.1,22.7,2.12
hobart-339a-aus-uhslc,-42.877,147.342,25.8,1.2,22.2,15.0,1.374,1.285,11.3,28.8,0.56
hobart-61220-aus-bom,-42.8773,147.341,25.9,1.2,22.2,15.0,1.372,1.286,11.7,29.9,1.2
hoek_van_holland-hoekvhld-nld-rws,51.9776,4.1199,76.8,18.4,7.6,10.5,0.191,2.268,23.1,73.2,2.27
holland_cut_near_bethel_island-hol-usa-cdwr,38.0164,-121.5819,29.0,4.9,20.0,11.2,0.919,1.302,8.0,23.0,0.85
holland_mi-9087031-usa-noaa,42.7733,-86.2128,1.0,0.5,0.2,0.1,0.199,0.036,5.1,14.9,0.59
holwerd-holwd-nld-rws,53.3954,5.8766,92.1,23.2,7.1,8.5,0.135,2.618,28.9,93.2,2.98
holyhead-hol-gbr-bodc,53.3139,-4.6204,178.5,58.3,10.9,10.1,0.088,5.155,15.2,43.8,1.25
holyhead-hol-gbr-cmems,53.3167,-4.6167,179.0,58.7,10.7,10.0,0.087,5.169,18.9,44.4,8.5
hong_kong-329a-hkg-uhslc,22.3,114.2,38.9,15.5,35.4,28.6,1.175,2.369,11.3,31.1,1.47
hong_kong-329b-hkg-uhslc,22.3,114.217,38.7,15.3,36.2,29.2,1.209,2.387,11.3,30.7,2.02
honiara-009a-slb-uhslc,-9.425,159.957,5.0,7.1,22.9,11.1,2.811,0.924,3.2,7.7,0.25
honiara-009b-slb-uhslc,-9.422,159.955,5.1,7.2,22.6,10.8,2.711,0.913,3.2,8.0,0.18
honiara-56670-slb-bom,-9.4289,159.9554,5.0,7.2,22.5,10.8,2.729,0.912,3.2,7.8,0.25
honningsvag-801a-nor-uhslc,70.983,25.983,88.7,25.6,9.2,3.0,0.107,2.529,11.5,31.3,0.68
honningsvag-hvg-nor-nhs,70.9803,25.9727,87.0,25.1,9.1,2.9,0.108,2.483,13.0,35.8,0.81
honolulu-1612340-usa-noaa,21.3067,-157.867,17.1,5.6,14.9,8.1,1.012,0.915,3.2,7.7,0.88
honolulu_hawaii-057b-usa-uhslc,21.307,-157.867,16.9,5.5,14.9,8.1,1.028,0.911,3.3,8.1,0.61
hornbaek-838a-dnk-uhslc,56.1,12.467,7.8,1.9,0.6,2.6,0.332,0.257,17.8,53.8,1.69
hornbaek-hor-dnk-cmems,56.1,12.4667,7.6,2.0,0.6,2.6,0.338,0.255,17.3,51.5,1.47
hornbaek-hor-dnk-dmi,56.1,12.4667,7.7,2.0,0.6,2.6,0.335,0.257,17.8,53.9,1.87
hosojima-358a-jpn-uhslc,32.417,131.683,50.2,21.7,20.2,15.6,0.498,2.153,7.3,20.1,0.8
hosojima-gs02-jpn-jodc_giaj,32.4286,131.6695,51.6,22.2,20.8,16.1,0.501,2.213,7.1,19.6,0.87
hovell_pile-60721-aus-bom,-38.3271,144.8987,21.0,4.9,10.0,7.0,0.656,0.856,12.9,36.3,0.7
huelva-hue-esp-cmems,37.132,-6.834,104.2,37.4,6.5,5.8,0.087,3.077,7.0,20.9,0.57
huibertgat-huibgt-nld-rws,53.5737,6.3984,100.3,26.5,7.2,8.9,0.127,2.858,26.1,81.5,2.61
humboldt_bay_ca-576a-usa-uhslc,40.767,-124.217,68.7,17.2,39.2,24.2,0.739,2.985,7.9,23.0,0.64
i_295_bridge-8720357-usa-noaa,30.1917,-81.6917,13.4,1.6,2.0,1.6,0.244,0.374,9.3,25.1,1.49
ibis-ibs-usa-cdwr,38.157,-122.113,51.8,10.6,27.8,15.7,0.698,2.118,13.1,35.3,1.92
ibiza-ibi-esp-cmems,38.9111,1.4497,1.8,0.7,3.8,2.3,2.517,0.171,6.0,16.2,0.33
ijmuiden_buitenhaven-ijmdbthvn-nld-rws,52.4623,4.5548,65.0,16.5,8.2,11.1,0.236,2.015,25.2,79.1,2.48
ilfracombe-ilf-gbr-bodc,51.2111,-4.1124,299.9,108.1,6.6,6.6,0.032,8.425,16.4,46.3,1.53
ilfracombe-ilf-gbr-cmems,51.2167,-4.1167,301.8,109.0,6.7,6.7,0.033,8.483,17.6,42.7,1.42
ilha_fiscal_rj-280a-bra-uhslc,-22.897,-43.165,33.2,18.4,6.0,10.8,0.326,1.367,14.0,34.9,1.45
ilmenau_sperrwerk-86-deu-wsv,53.3939,10.1785,119.7,26.9,6.5,7.8,0.098,3.219,35.6,111.4,4.29
immingham-imm-gbr-bodc,53.6304,-0.1875,223.0,73.1,15.3,16.7,0.108,6.561,19.2,56.2,2.39
immingham-imm-gbr-cmems,53.6333,-0.1833,221.8,72.4,15.2,16.7,0.108,6.52,20.7,55.5,2.02
imperia-imp-ita-ispra,43.8783,8.0189,7.3,2.8,3.2,1.6,0.476,0.297,6.7,17.4,0.86
ince_point-58140-aus-bom,-10.575,142.3117,36.4,41.3,54.0,26.4,1.035,3.162,7.9,19.5,0.54
irouzaki-ma78-jpn-jodc_jma,34.6117,138.8492,40.0,18.6,24.4,18.7,0.735,2.036,7.1,19.0,1.15
ishigaki-365a-jpn-uhslc,24.333,124.15,44.8,19.5,19.8,16.9,0.571,2.02,5.4,13.7,0.84
ishigaki-ma45-jpn-jodc_jma,24.3322,124.1636,44.8,19.5,19.8,16.9,0.57,2.019,5.4,13.7,0.84
ishikariko-0145-jpn-jodc_pahb,43.2133,141.3117,4.6,2.2,5.3,5.3,1.535,0.347,8.8,23.5,0.67
italian_slough_headwater_near_byron-ish-usa-cdwr,37.8401,-121.603,29.6,5.0,19.8,11.7,0.91,1.323,9.9,26.4,1.0
ito-gs19-jpn-jodc_giaj,34.8956,139.133,35.5,16.8,23.9,18.5,0.81,1.892,6.8,18.2,0.53
itzehoe-87-deu-wsv,53.9212,9.5014,93.9,20.7,5.8,7.1,0.113,2.548,32.8,92.3,2.7
iwanaiko-0137-jpn-jodc_pahb,42.9872,140.5072,4.7,2.2,5.0,4.8,1.432,0.332,8.3,22.3,0.56
izuhara-hd23-jpn-jodc_jcg,34.1978,129.2917,50.7,24.2,8.3,6.1,0.193,1.787,5.9,14.8,0.96
jackson_bay-65180-nzl-bom,-43.9728,168.6156,82.9,20.9,3.0,3.4,0.062,2.204,10.6,29.4,0.74
jakarta-161a-idn-uhslc,-6.117,106.85,5.3,4.7,25.9,13.3,3.894,0.984,7.7,19.4,0.82
jervis_bay-216470-aus-bom,-35.122,150.7076,47.3,11.0,16.4,9.5,0.444,1.683,7.5,19.2,0.37
johnston-052a-usa-uhslc,16.738,-169.53,26.0,10.0,8.0,3.4,0.317,0.947,4.5,14.8,1.03
johnston_atoll-1619000-usa-noaa,16.7383,-169.53,26.2,10.1,8.0,3.4,0.314,0.955,4.4,14.8,0.7
johor_baharu-321a-mys-uhslc,1.462,103.792,87.9,34.1,31.0,30.9,0.507,3.677,9.3,24.2,0.68
juan_fernandez-021b-chl-uhslc,-33.637,-78.83,32.1,11.3,14.6,9.8,0.562,1.355,5.5,14.3,0.7
juelsminde-jue-dnk-cmems,55.7167,10.0167,18.1,4.0,0.4,3.0,0.154,0.511,16.6,48.4,1.56
juneau-9452210-usa-noaa,58.2988,-134.4106,198.6,68.0,51.7,31.1,0.311,6.986,12.8,34.2,1.34
jurien_bay-jujur01-aus-bom,-30.2872,115.0428,5.4,4.3,16.9,11.8,2.963,0.769,11.4,28.4,0.62
juten_sjov-35101-swe-smhi,58.6328,16.3336,1.0,0.4,1.0,0.6,1.154,0.06,8.9,21.8,0.81
kabelvag-kab-nor-nhs,68.2126,14.4821,93.2,32.7,11.0,3.6,0.116,2.81,13.4,38.8,1.33
kagoshima-ma42-jpn-jodc_jma,31.5925,130.5647,76.9,33.9,25.2,19.6,0.404,3.111,6.7,18.1,1.05
kahului-059a-usa-uhslc,20.9,-156.467,18.4,9.6,17.0,9.5,0.943,1.09,3.4,8.4,0.75
kahului-1615680-usa-noaa,20.895,-156.4767,18.2,9.7,17.0,9.6,0.952,1.09,3.5,8.5,0.74
kainan-gs05-jpn-jodc_giaj,34.1442,135.1914,44.8,21.5,24.0,18.4,0.64,2.172,7.9,21.5,0.78
kalix_storon-2157-swe-smhi,65.6969,23.0961,0.2,0.1,1.1,0.8,7.986,0.044,16.7,45.0,1.27
kalixstoron-kal-swe-cmems,65.6969,23.0961,0.2,0.1,1.1,0.9,7.97,0.044,16.8,45.2,1.27
kamaishi-hd05-jpn-jodc_jcg,39.2733,141.8892,30.2,14.0,23.1,18.8,0.95,1.721,6.7,18.1,0.68
kanazawako-0105-jpn-jodc_pahb,36.6178,136.6028,5.6,2.0,5.3,5.4,1.408,0.366,8.7,22.7,0.45
kanmen-632a-chn-uhslc,28.088,121.282,187.9,68.0,30.0,22.9,0.207,6.176,13.5,38.0,1.65
kanton-013a-kir-uhslc,-2.81,-171.718,35.9,13.1,2.5,2.1,0.094,1.072,3.6,8.8,0.37
kanton-013b-kir-uhslc,-2.81,-171.718,37.7,14.0,2.6,2.2,0.092,1.129,3.4,8.2,0.29
kaohsiung-340a-chn-uhslc,22.615,120.288,18.4,7.0,17.5,16.1,1.326,1.179,5.7,15.5,0.53
kapingamarangi-029a-fsm-uhslc,1.098,154.777,17.4,15.9,19.7,11.9,0.951,1.297,5.1,16.4,0.69
kariya-gs17-jpn-jodc_giaj,33.4731,129.8492,63.9,30.1,18.2,15.8,0.361,2.559,7.6,19.5,1.37
karumba-63580-aus-bom,-17.4917,140.8333,17.6,3.7,90.0,65.5,7.284,3.537,19.7,46.7,2.07
kashimako-0101-jpn-jodc_pahb,35.9295,140.6936,30.1,14.4,23.8,18.8,0.957,1.741,7.8,22.0,0.82
kashiwazaki-gs08-jpn-jodc_giaj,37.3567,138.5086,5.5,2.0,5.4,5.4,1.429,0.367,8.7,24.8,0.67
kaskinen-kas-fin-cmems,62.344,21.2148,0.5,0.2,0.8,0.5,1.75,0.04,11.0,28.7,0.99
kaskinen_adskar-134251-fin-fmi,62.34,21.21,0.5,0.2,0.8,0.5,1.738,0.04,11.1,28.8,0.99
kats_buiten-katsbtn-nld-rws,51.5439,3.8654,151.6,38.2,7.1,10.4,0.092,4.145,24.4,78.8,2.31
katsuura-gs11-jpn-jodc_giaj,35.1294,140.2494,36.2,16.6,22.4,17.4,0.755,1.853,7.4,19.9,0.89
kawaihae-1617433-usa-noaa,20.0366,-155.8294,19.5,6.6,15.8,8.8,0.94,1.013,3.3,7.9,0.6
kawaihae-552a-usa-uhslc,20.033,-155.833,19.3,6.5,15.8,8.8,0.953,1.01,3.3,7.9,0.59
kawasaki-ma59-jpn-jodc_jma,35.5,139.7667,45.5,22.3,24.8,19.5,0.654,2.243,7.8,22.1,0.88
keelung-341a-chn-uhslc,25.155,121.752,23.6,5.9,18.8,15.5,1.164,1.278,6.9,18.5,0.8
keizersveer-keizvr-nld-rws,51.7202,4.8944,11.8,2.4,1.7,2.4,0.283,0.366,17.8,55.3,1.31
kelang-140a-mys-uhslc,3.05,101.358,137.4,69.1,19.1,4.0,0.112,4.591,9.2,22.6,0.71
keling-141a-mys-uhslc,2.215,102.153,61.0,29.7,9.2,21.6,0.339,2.43,6.5,15.9,0.44
kemi-kem-fin-cmems,65.6729,24.5153,0.3,0.1,1.3,1.0,6.005,0.054,18.6,51.7,1.56
kemi_ajos-100539-fin-fmi,65.67,24.52,0.3,0.1,1.3,1.0,5.411,0.053,18.5,51.6,1.56
kerguelen-180a-fra-uhslc,-49.345,70.22,52.7,22.1,8.0,2.0,0.134,1.697,11.4,27.9,0.57
ketchikan-9450460-usa-noaa,55.3319,-131.6261,187.1,62.3,50.9,30.9,0.328,6.625,13.0,35.6,1.65
ketchikan_ak-571a-usa-uhslc,55.333,-131.625,187.2,62.4,51.0,31.1,0.329,6.635,13.0,35.7,1.4
kewaunee_lake_michigan_wi-9087068-usa-noaa,44.464,-87.501,0.2,0.1,0.1,0.0,0.317,0.009,5.3,15.1,0.51
key_colony_beach-8723962-usa-noaa,24.7183,-81.0167,23.6,5.8,6.5,7.1,0.462,0.861,5.1,12.9,0.34
key_west-8724580-usa-noaa,24.5508,-81.8081,17.8,5.0,8.5,8.9,0.765,0.804,4.9,12.5,0.85
key_west_fl-242a-usa-uhslc,24.553,-81.808,17.8,5.0,8.5,8.9,0.766,0.803,4.9,12.5,0.85
kielholtenau-kie-deu-cmems,54.3722,10.1569,4.4,1.3,1.9,1.7,0.647,0.186,20.3,55.6,1.59
killybegs-kil-irl-cmems,54.6364,-8.3949,120.5,44.9,15.6,10.2,0.156,3.825,13.9,39.6,1.14
killybegs_port-kil-irl-mi_c,54.6364,-8.3949,119.5,44.5,15.6,10.3,0.158,3.798,13.8,39.7,1.08
king_cove-9459881-usa-noaa,55.0599,-162.3261,67.5,22.4,41.1,26.3,0.75,3.146,14.5,39.6,1.04
kings_point-8516945-usa-noaa,40.8103,-73.765,114.4,18.7,9.8,6.4,0.122,2.988,17.6,52.1,3.61
kingston_ontario-13988-can-meds,44.22,-76.52,0.6,0.2,0.3,0.2,0.525,0.025,3.6,10.4,0.65
kingsville_ontario-12065-can-meds,42.03,-82.73,1.9,0.4,0.6,0.2,0.384,0.063,10.2,24.2,0.89
kinlochbervie-kin-gbr-bodc,58.4567,-5.0502,142.1,54.2,12.0,8.1,0.103,4.329,17.0,48.2,1.27
kinlochbervie-kin-gbr-cmems,58.4572,-5.0496,141.7,54.1,11.6,8.0,0.1,4.309,25.2,53.0,8.03
kiptopeke-8632200-usa-noaa,37.1652,-75.9884,38.2,6.7,5.7,4.7,0.231,1.105,12.9,37.1,1.03
klagshamn-2095-swe-smhi,55.5222,12.8936,3.6,1.6,1.5,1.1,0.493,0.156,13.5,35.5,1.3
klagshamn-kla-swe-cmems,55.5222,12.8936,3.7,1.6,1.5,1.0,0.474,0.157,13.5,35.6,1.3
knysna-186a-zaf-uhslc,-34.05,23.045,55.6,27.6,6.5,1.8,0.101,1.832,12.9,35.3,0.94
ko_lak-328a-tha-uhslc,11.795,99.817,6.4,1.6,50.3,33.5,10.578,1.835,11.6,30.3,0.94
ko_taphao_noi-148a-tha-uhslc,7.832,98.425,78.8,39.9,13.1,4.9,0.151,2.735,5.7,15.1,0.61
kobe-ma31-jpn-jodc_jma,34.6822,135.1903,28.4,16.1,25.7,19.3,1.01,1.788,8.6,23.3,1.28
kobenhavn-kob-dnk-cmems,55.7,12.6,6.6,2.3,0.3,1.9,0.244,0.222,13.0,40.2,1.04
kochi-ma38-jpn-jodc_jma,33.4992,133.5692,49.3,21.9,21.8,16.8,0.541,2.194,7.5,19.9,0.91
kodiak_isl_alaska-039a-usa-uhslc,57.732,-152.512,96.5,32.4,39.6,25.8,0.507,3.886,11.5,30.5,0.93
kodiak_island-9457292-usa-noaa,57.7303,-152.5139,96.5,32.3,39.5,25.7,0.507,3.882,11.5,30.4,0.74
kolka-kol-lva-cmems,57.7333,22.5833,0.4,0.1,1.4,1.5,6.739,0.067,12.8,34.1,0.83
kollmar-88-deu-wsv,53.732,9.4608,124.5,28.2,7.3,9.0,0.107,3.381,36.1,111.1,3.99
komatsushima-ma36-jpn-jodc_jma,34.0092,134.5878,41.7,20.1,22.2,17.2,0.638,2.024,7.6,20.6,0.94
kop_van_het_land-kopvhld-nld-rws,51.7883,4.7576,12.4,2.5,1.1,2.1,0.215,0.363,16.5,50.1,1.21
kornwerderzand_buiten-kornwdzbtn-nld-rws,53.0699,5.3366,75.9,19.7,8.1,10.1,0.19,2.275,28.4,93.4,2.78
korsor-kor-dnk-cmems,55.3333,11.1333,12.5,2.9,1.1,1.3,0.157,0.356,12.8,36.5,1.06
koserow-kos-deu-cmems,54.0603,14.0008,1.2,0.2,0.6,1.2,1.267,0.065,16.1,46.7,1.51
kota_kinabalu-386a-mys-uhslc,5.983,116.067,23.4,10.2,35.4,31.0,1.978,2.0,5.0,12.9,0.39
kozushima-hd09-jpn-jodc_jcg,34.2092,139.1317,38.2,18.0,22.4,17.5,0.711,1.922,9.8,26.6,0.92
krammer-krammr-nld-rws,51.6663,4.0954,154.1,38.1,6.9,10.4,0.09,4.191,26.3,82.6,2.31
krammersluizen_west-krammszwt-nld-rws,51.6593,4.1443,135.5,33.6,6.9,10.0,0.1,3.721,24.6,77.3,2.5
krautsand-89-deu-wsv,53.754,9.3908,122.9,28.0,7.3,9.0,0.108,3.345,36.2,111.2,3.91
kreekrak_noord-kreekrnd-nld-rws,51.45,4.2298,0.7,0.2,0.1,0.0,0.138,0.019,32.3,104.9,2.83
krimpen_ad_ijssel-krimpadijsl-nld-rws,51.9165,4.5785,61.7,14.1,5.6,7.7,0.176,1.782,21.1,66.5,2.08
krimpen_ad_lek-krimpadlk-nld-rws,51.8907,4.6289,53.4,12.1,4.8,6.7,0.176,1.541,20.2,63.3,1.94
kristiansund-ksu-nor-nhs,63.1139,7.7344,68.1,23.4,6.0,5.8,0.129,2.067,13.4,37.4,1.03
kronstadt-kro-rus-cmems,59.9667,29.75,1.8,0.8,2.7,3.1,2.228,0.168,18.6,51.6,1.5
kruckau_sperrwerk_bp-90-deu-wsv,53.7164,9.5262,124.3,27.6,6.6,8.8,0.102,3.347,37.6,115.2,3.42
kuantan-322a-mys-uhslc,3.975,103.43,53.0,17.6,52.7,36.0,1.258,3.186,8.6,23.4,0.64
kuchinotsu-ma48-jpn-jodc_jma,32.6053,130.1953,98.5,42.3,26.6,20.9,0.338,3.765,7.0,18.6,1.08
kujiko-0111-jpn-jodc_pahb,40.1922,141.7967,30.4,13.9,23.3,18.5,0.945,1.722,6.5,17.1,0.46
kukup-325a-mys-uhslc,1.325,103.443,94.1,43.2,25.9,25.5,0.374,3.773,7.5,18.8,0.89
kumano-ma65-jpn-jodc_jma,33.9258,136.1689,43.4,19.8,22.0,17.1,0.619,2.046,6.8,18.5,0.55
kungsholmsfort-2088-swe-smhi,56.1053,15.5894,0.7,0.2,1.1,1.1,2.289,0.064,11.9,30.8,0.94
kungsholmsfort-kun-swe-cmems,56.1053,15.5894,0.7,0.2,1.1,1.1,2.233,0.063,12.0,30.9,0.94
kungsvik-2130-swe-smhi,58.9967,11.1272,12.0,2.9,0.1,2.3,0.158,0.345,17.3,49.3,1.21
kungsvik-kun-swe-cmems,58.9967,11.1272,12.2,2.9,0.1,2.3,0.158,0.349,17.3,49.4,1.21
kure-gs13-jpn-jodc_giaj,33.3336,133.2433,49.9,22.0,21.6,16.7,0.532,2.201,6.9,18.5,0.86
kure-hd13-jpn-jodc_jcg,34.2405,132.5503,102.9,42.7,31.1,22.8,0.37,3.99,8.1,21.2,1.44
kurihamako-0161-jpn-jodc_pahb,35.2275,139.7211,35.2,17.0,23.3,18.5,0.802,1.88,7.2,19.7,0.73
kushimoto-353a-jpn-uhslc,33.483,135.767,45.7,20.4,21.9,16.5,0.581,2.089,7.7,20.1,0.98
kushimoto-ma26-jpn-jodc_jma,33.4758,135.7733,45.7,20.4,21.9,16.4,0.578,2.089,7.6,20.1,1.0
kushiro-350a-jpn-uhslc,42.967,144.367,29.2,13.5,25.6,18.9,1.044,1.744,7.1,20.0,0.58
kushiro-ma04-jpn-jodc_jma,42.9755,144.3714,29.2,13.5,25.7,18.9,1.045,1.747,7.1,20.0,0.58
kutsugatako-0129-jpn-jodc_pahb,45.1895,141.138,3.7,1.9,5.4,5.3,1.916,0.328,7.9,22.4,0.74
kwajalein-055a-mhl-uhslc,8.733,167.733,46.6,26.4,10.1,6.4,0.227,1.79,3.5,8.6,0.38
kwajalein-1820000-usa-noaa,8.7317,167.7361,46.7,26.4,10.1,6.5,0.228,1.794,3.3,8.0,0.37
la_coruna-830a-esp-uhslc,43.367,-8.4,118.4,41.5,7.4,6.5,0.087,3.477,10.7,29.1,1.35
la_jolla-9410230-usa-noaa,32.8669,-117.2571,50.0,20.4,33.2,21.2,0.773,2.497,4.6,11.5,0.82
la_jolla_ca-554a-usa-uhslc,32.867,-117.257,50.0,20.4,33.1,21.3,0.772,2.494,4.5,11.6,0.66
la_libertad-091a-ecu-uhslc,-2.2,-80.917,77.8,22.8,11.3,2.9,0.141,2.296,5.0,12.6,0.63
la_paz-671-mex-unam,24.2667,-110.3333,24.0,17.9,25.2,17.2,1.012,1.688,4.0,9.8,0.64
la_paz-671a-mex-uhslc,24.162,-110.345,24.0,17.9,25.2,17.2,1.012,1.688,4.0,9.8,0.64
la_prairie-15470-can-meds,45.47,-73.51,0.0,0.1,0.1,0.0,1.196,0.004,9.8,28.6,1.38
la_push-9442396-usa-noaa,47.913,-124.6369,93.3,26.6,42.9,26.3,0.577,3.782,14.6,43.9,3.33
la_salle_ontario-11985-can-meds,42.24,-83.11,0.8,0.1,0.3,0.2,0.534,0.027,7.0,17.9,0.61
la_union-086a-slv-uhslc,13.333,-87.817,119.1,26.5,11.1,5.6,0.115,3.245,6.0,14.2,0.7
lac_saint_pierre-15975-can-meds,46.19,-72.9,2.6,0.8,1.3,1.5,0.803,0.123,16.1,51.7,1.36
lachine-15390-can-meds,45.43,-73.67,0.0,0.1,0.2,0.1,1.495,0.008,11.8,33.3,0.86
lagos_algarve-723a-prt-uhslc,37.098,-8.668,101.9,36.7,7.1,6.2,0.096,3.038,7.8,23.3,0.59
lake_charles-8767816-usa-noaa,30.2236,-93.2217,9.0,2.4,10.9,9.8,1.825,0.642,14.0,35.4,1.1
lakeport_mi-9075002-usa-noaa,43.1417,-82.4933,0.7,0.4,0.3,0.1,0.39,0.03,7.3,19.6,0.96
lakes_entrance_inner_bullock_island-6057a-aus-bom,-37.8852,147.9731,18.5,5.6,10.4,6.4,0.695,0.817,11.7,32.5,0.77
lameshur_bay-9751381-usa-noaa,18.3182,-64.7242,4.7,0.8,8.3,5.9,2.577,0.396,2.5,6.1,0.38
lampedusa-lam-ita-ispra,35.4998,12.6044,7.5,5.0,0.6,0.8,0.111,0.278,6.2,15.7,1.12
lamu-149b-ken-uhslc,-2.272,40.903,98.1,48.4,19.9,11.8,0.216,3.562,4.3,10.5,0.3
landsort-2073-swe-smhi,58.75,17.8667,0.3,0.1,0.5,0.3,1.968,0.024,7.9,19.7,0.56
landsort1-lan-swe-cmems,58.75,17.8667,0.3,0.1,0.5,0.3,1.987,0.024,7.9,19.7,0.56
landsort_norra-2507-swe-smhi,58.7689,17.8589,0.8,0.3,0.7,0.4,0.961,0.046,8.0,19.9,0.38
landsortnorra-lan-swe-cmems,58.7689,17.8589,0.9,0.3,0.7,0.4,0.941,0.046,8.0,20.0,0.4
langkawi-142a-mys-uhslc,6.87,99.77,80.1,44.5,16.8,5.2,0.177,2.931,5.6,14.7,0.41
lapalma-lap-esp-cmems,28.678,-17.768,65.0,25.5,5.9,4.5,0.115,2.019,3.7,10.3,0.24
lark_harbour-2685-can-meds,49.1,-58.37,49.4,15.8,14.2,13.9,0.43,1.867,13.7,38.2,1.12
las_palmas-217d-esp-uhslc,28.133,-15.417,74.7,28.7,6.1,4.8,0.106,2.288,3.8,10.6,0.31
laspalmas-las-esp-cmems,28.141,-15.412,74.9,28.7,6.2,4.9,0.107,2.295,3.9,10.6,0.39
lautoka-402a-fji-uhslc,-17.605,177.438,63.0,14.9,11.2,6.1,0.221,1.904,3.0,7.4,0.51
lautoka-67070-fji-bom,-17.6053,177.4381,62.9,14.9,11.2,6.0,0.221,1.901,3.0,7.4,0.51
lauwersoog-lauwog-nld-rws,53.4087,6.197,101.4,26.6,7.1,8.6,0.123,2.877,28.1,92.2,3.13
lauzon-3250-can-meds,46.83,-71.16,182.7,41.5,23.6,21.9,0.203,5.392,27.3,77.2,3.2
lavaltrie-15793-can-meds,45.88,-73.27,0.6,0.2,0.5,0.5,1.138,0.037,19.3,65.4,1.65
lawma-8764227-usa-noaa,29.4496,-91.3381,8.8,3.1,12.9,11.2,2.029,0.721,12.3,33.2,1.78
le_conquet-152-fra-refmar,48.3591,-4.7808,201.7,73.1,6.7,6.4,0.048,5.759,11.5,32.3,1.38
le_crouesty-185-fra-refmar,47.5427,-2.8952,162.7,58.7,6.2,6.6,0.058,4.684,11.9,34.3,1.02
le_havre-4-fra-refmar,49.4819,0.106,261.2,87.3,9.3,5.3,0.042,7.262,17.1,47.1,1.85
le_pellerin-398-fra-refmar,47.2054,-1.7651,177.1,56.0,5.9,6.5,0.053,4.911,24.1,68.8,2.08
leconquet_60minute-lec-fra-cmems,48.3593,-4.7809,201.7,73.1,6.7,6.4,0.048,5.76,11.5,32.3,1.38
lecrouesty_60minute-lec-fra-cmems,47.5429,-2.8954,162.7,58.8,6.2,6.6,0.058,4.685,11.9,34.3,1.02
legaspi-371a-phl-uhslc,13.145,123.758,53.4,22.4,16.1,11.1,0.359,2.059,5.4,13.2,0.93
lehavre_60minute-leh-fra-cmems,49.4816,0.1056,261.2,87.3,9.3,5.3,0.042,7.263,17.1,47.0,1.85
leith-lei-gbr-bodc,55.9898,-3.1817,177.9,60.6,12.1,14.2,0.11,5.297,16.3,45.1,1.45
leith-lei-gbr-cmems,55.9898,-3.1804,177.6,60.5,12.2,14.3,0.111,5.292,34.4,48.1,10.11
lepellerin_60minute-lep-fra-cmems,47.2054,-1.7651,176.0,55.8,5.9,6.5,0.054,4.883,24.1,68.9,2.05
lerwick-293a-gbr-uhslc,60.155,-1.14,58.0,20.8,7.5,7.8,0.194,1.882,11.9,32.2,0.7
lerwick-ler-gbr-bodc,60.154,-1.1403,57.6,20.6,7.6,7.8,0.196,1.872,12.0,32.3,0.73
lerwick-ler-gbr-cmems,60.1546,-1.1384,56.8,20.4,7.4,7.7,0.196,1.848,12.5,33.5,1.16
les_sables_d_olonne-62-fra-refmar,46.4974,-1.7935,155.6,55.9,6.2,6.9,0.062,4.492,11.8,33.8,1.21
lessablesdolonne_60minute-les-fra-cmems,46.4975,-1.7938,155.6,55.9,6.2,6.9,0.062,4.493,11.8,33.8,1.21
leuchtturm_alte_wese-4094-deu-wsv,53.8633,8.1276,130.8,34.2,7.2,9.3,0.1,3.629,29.5,91.4,2.85
lewes-8557380-usa-noaa,38.7828,-75.1192,58.8,10.5,10.0,8.2,0.263,1.751,15.8,46.6,1.59
lewes_de-747a-usa-uhslc,38.782,-75.12,59.0,10.6,10.1,8.2,0.263,1.759,15.8,46.6,1.59
lewisetta-8635750-usa-noaa,37.9953,-76.4647,18.0,2.6,2.2,1.8,0.192,0.491,13.3,34.6,1.06
liberty_island_rd2068-lir-usa-cdwr,38.3293,-121.694,4.7,0.8,4.2,2.5,1.202,0.245,16.9,60.1,2.12
lichteiland_goeree-lichtelgre-nld-rws,51.9258,3.6697,84.5,20.9,8.0,11.1,0.182,2.49,21.4,67.1,2.3
lime_tree_bay-9751401-usa-noaa,17.6947,-64.7538,1.4,0.7,8.3,6.3,6.873,0.335,2.7,6.6,0.57
limetree_bay-254a-usa-uhslc,17.697,-64.753,1.4,0.7,8.3,6.3,6.827,0.336,2.7,6.5,0.57
little_current_ontario-11195-can-meds,45.98,-81.93,1.9,0.6,0.2,0.0,0.088,0.054,6.3,18.1,0.72
little_potato_slough_at_terminous-lps-usa-cdwr,38.0964,-121.4961,30.6,5.2,20.0,11.1,0.869,1.339,8.6,24.5,0.65
little_river_bc-7993-can-meds,49.74,-124.92,99.1,25.2,90.0,49.7,1.123,5.281,12.4,37.1,1.02
liverpool-liv-gbr-cmems,53.45,-3.0167,301.4,96.7,12.7,11.3,0.06,8.442,19.0,57.9,2.09
liverpool_gladstone_dock-liv-gbr-bodc,53.4497,-3.0181,300.3,96.4,12.9,11.3,0.061,8.419,21.0,61.8,2.1
livorno-liv-ita-ispra,43.5463,10.2993,9.3,3.6,3.5,1.6,0.396,0.361,6.9,19.2,0.5
llandudno-lla-gbr-cmems,53.3148,-3.8237,266.7,86.1,12.1,10.9,0.065,7.516,21.4,50.9,1.35
lobos_de_afuera-084a-per-uhslc,-6.933,-80.717,40.2,13.7,12.5,4.9,0.323,1.425,4.9,13.4,0.57
lombrum-56130-png-bom,-2.0367,147.3753,9.9,4.6,23.4,14.5,2.609,1.05,3.4,8.7,0.19
lombrum_manus_is-400a-png-uhslc,-2.037,147.375,9.9,4.6,23.4,14.7,2.632,1.052,3.4,8.7,0.19
long_sault_dam-14805-can-meds,45.0,-74.86,0.2,0.7,0.7,0.2,1.054,0.036,18.0,58.7,1.17
long_sault_ontario-14800-can-meds,45.03,-74.89,0.2,0.7,0.8,0.2,1.126,0.036,16.4,47.8,1.43
longview-9440422-usa-noaa,46.1061,-122.9542,42.6,9.7,17.5,8.5,0.496,1.567,20.3,65.1,1.88
lord_howe-399b-aus-uhslc,-31.517,159.067,59.5,17.5,13.7,7.6,0.277,1.965,9.1,27.0,0.67
lord_howe_island-57720-aus-bom,-31.5236,159.0582,59.4,17.4,13.7,7.6,0.277,1.962,9.6,28.1,0.7
lorne-60790-aus-bom,-38.5472,143.9888,61.1,19.8,21.0,14.5,0.439,2.328,12.2,34.4,0.77
los_angeles-9410660-usa-noaa,33.7199,-118.2729,51.5,20.4,34.1,21.7,0.777,2.554,4.5,11.8,0.8
los_angeles_ca-567a-usa-uhslc,33.72,-118.272,51.5,20.4,34.1,21.7,0.778,2.554,4.5,11.8,0.5
low_head-60948-aus-bom,-41.0651,146.7947,112.3,13.6,16.7,11.9,0.228,3.09,10.6,31.9,0.81
lower_escuminac-2000-can-meds,47.08,-64.88,25.0,6.2,20.3,19.0,1.261,1.41,15.6,46.3,1.53
lower_iroquois_ontario-14602-can-meds,44.83,-75.31,0.4,0.4,0.3,0.2,0.632,0.025,10.7,31.4,0.98
lowestoft-low-gbr-bodc,52.4731,1.7503,68.0,20.4,11.9,13.4,0.286,2.274,20.1,63.0,2.44
lowestoft-low-gbr-cmems,52.4667,1.75,68.3,20.5,11.9,13.4,0.285,2.282,19.9,61.1,2.15
lucinda_offshore-59200-aus-bom,-18.5217,146.385,70.5,40.7,33.5,16.1,0.446,3.215,8.5,21.9,1.31
luderitz-702a-zaf-uhslc,-26.65,15.15,48.9,19.4,4.9,1.7,0.096,1.496,6.7,15.0,0.78
ludington_mi-9087023-usa-noaa,43.9474,-86.4416,0.2,0.0,0.2,0.1,1.348,0.009,5.0,14.3,0.4
luhort-91-deu-wsv,53.5714,9.6337,140.7,31.8,7.3,9.1,0.095,3.779,36.8,111.5,4.31
lumut-143a-mys-uhslc,4.24,100.613,74.4,34.8,21.5,3.0,0.225,2.675,5.6,14.8,0.32
lusi-633a-chn-uhslc,32.133,121.617,171.1,75.0,15.9,8.7,0.1,5.414,20.7,64.8,1.79
lymington-lym-gbr-cco,50.7403,-1.5071,81.1,24.0,8.8,3.2,0.115,2.343,13.0,35.5,1.08
lyttelton-667a-nzl-uhslc,-43.6,172.717,85.6,5.7,4.6,2.7,0.08,1.971,12.3,30.0,0.65
ma58-ma58-jpn-jodc_jma,27.0939,142.1947,28.2,12.6,16.5,12.1,0.7,1.387,4.5,12.2,0.57
maassluis-maasss-nld-rws,51.9175,4.2498,72.6,17.0,7.4,9.9,0.193,2.138,22.0,70.2,2.15
mackay_outer_harbour-59510-aus-bom,-21.1167,149.2333,166.7,61.1,39.1,19.5,0.257,5.727,12.1,31.6,1.74
mackinaw_city_mi-9075080-usa-noaa,45.8,-84.7211,1.1,0.3,0.1,0.1,0.126,0.033,4.2,11.8,0.46
macquarie_is-680c-aus-uhslc,-54.483,158.967,30.5,8.8,9.4,7.6,0.431,1.126,11.6,28.1,0.49
madang-066a-png-uhslc,-5.2,145.8,9.5,6.0,24.3,14.4,2.503,1.084,3.2,7.4,0.22
madeira-715a-bra-uhslc,-2.565,-44.378,209.8,56.7,9.9,9.2,0.072,5.712,13.8,36.2,2.16
magueyes_island-9759110-usa-noaa,17.9701,-67.0464,0.6,1.0,8.0,5.3,8.031,0.299,2.8,6.7,0.63
magueyes_island_pr-246a-usa-uhslc,17.972,-67.047,0.7,1.1,7.9,5.4,7.686,0.301,2.8,6.6,0.63
maisaka-356a-jpn-uhslc,34.683,137.617,31.9,14.2,17.0,12.5,0.641,1.511,7.9,22.8,1.08
maisaka-ma21-jpn-jodc_jma,34.682,137.6089,31.7,14.1,17.0,12.4,0.642,1.505,8.3,23.5,1.1
maizuru-hd24-jpn-jodc_jcg,35.4514,135.3178,5.6,2.1,5.0,5.1,1.3,0.355,7.7,19.8,0.52
maizuru-ma55-jpn-jodc_jma,35.4767,135.387,6.2,2.3,5.3,5.4,1.268,0.383,7.8,20.1,0.49
majuro-005a-mhl-uhslc,7.107,171.373,52.6,27.9,8.8,5.4,0.176,1.892,3.7,9.0,0.36
majuro-005b-mhl-uhslc,7.108,171.372,52.3,27.8,8.7,5.3,0.175,1.88,3.4,8.2,0.32
majuro-67680-mhl-bom,7.106,171.3728,52.3,27.8,8.7,5.3,0.175,1.881,3.4,8.2,0.32
makurazaki-ma43-jpn-jodc_jma,31.2678,130.293,69.6,30.5,24.6,19.1,0.437,2.877,6.4,17.1,1.01
malaga-mal-esp-cmems,36.712,-4.417,18.8,7.2,3.2,1.9,0.193,0.62,6.1,16.4,0.38
malaga-mala-esp-ieo,36.7127,-4.4154,19.4,7.5,3.2,1.9,0.189,0.64,6.6,17.8,0.52
malakal-007b-plw-uhslc,7.33,134.463,52.5,21.0,20.0,14.8,0.473,2.166,3.9,9.9,0.5
male_hulule-108b-mdv-uhslc,4.19,73.527,23.3,13.8,11.6,6.2,0.481,1.1,3.0,7.3,0.17
malin_head-834a-irl-uhslc,55.367,-7.333,107.5,41.8,9.2,8.2,0.117,3.335,16.5,44.5,2.79
malmo-2098-swe-smhi,55.6167,13.0,4.8,2.2,0.4,1.2,0.239,0.172,13.2,42.2,1.18
malmo-mal-swe-cmems,55.6167,13.0,4.8,2.2,0.4,1.2,0.239,0.172,13.2,42.2,1.18
maloy-802a-nor-uhslc,61.933,5.117,58.1,19.8,4.9,5.0,0.126,1.755,12.4,34.0,0.92
maloy-may-nor-nhs,61.9338,5.1133,58.4,19.9,4.9,5.0,0.126,1.763,12.9,35.4,0.89
mandurah_fishermans_jetty-mhman01-aus-bom,-32.5286,115.7153,3.0,2.7,11.4,8.1,3.466,0.502,10.8,28.6,0.63
manila-370a-phl-uhslc,14.585,120.968,19.2,6.7,30.8,28.0,2.28,1.694,5.8,15.2,1.08
manta-089b-ecu-uhslc,-0.932,-80.722,89.3,25.2,10.5,2.2,0.111,2.545,7.8,21.8,0.87
manzanillo-395-mex-unam,19.0567,-104.3183,14.6,16.9,16.3,12.0,0.897,1.196,5.1,14.1,0.63
manzanillo-395a-mex-uhslc,19.053,-104.33,14.6,16.9,16.3,12.0,0.897,1.197,5.1,14.1,0.63
manzanillo-395b-mex-uhslc,19.063,-104.298,15.2,16.8,16.3,12.0,0.887,1.206,4.9,13.6,0.72
marblehead_oh-9063079-usa-noaa,41.5436,-82.7314,1.5,0.3,0.7,0.2,0.517,0.055,10.7,26.7,0.91
marquette_cg_mi-9099018-usa-noaa,46.5456,-87.3786,0.4,0.2,0.1,0.1,0.274,0.015,3.3,9.0,0.3
marsden_point-398a-nzl-uhslc,-35.833,174.5,88.6,13.6,7.2,1.9,0.089,2.226,7.1,20.7,0.67
marseille-824a-fra-uhslc,43.278,5.353,7.0,2.6,3.7,2.0,0.596,0.307,7.7,23.6,0.88
martinez-mrz-usa-cdwr,38.0276,-122.1405,53.5,11.1,30.5,17.9,0.749,2.262,13.7,32.1,3.79
marviken-2076-swe-smhi,58.5536,16.8372,0.8,0.3,0.9,0.5,1.243,0.053,8.4,21.0,0.52
marviken-mar-swe-cmems,58.5536,16.8372,0.9,0.3,0.9,0.5,1.224,0.053,8.4,21.0,0.62
marysville_mi-9014084-usa-noaa,42.9067,-82.4667,0.6,0.4,0.4,0.2,0.509,0.032,5.7,17.5,0.57
masirah-113a-omn-uhslc,20.687,58.872,60.5,23.4,40.2,21.1,0.731,2.902,4.1,10.1,0.62
massacre_bay_ak-550a-usa-uhslc,52.833,173.2,21.4,3.2,32.9,22.5,2.252,1.602,11.4,30.3,0.84
matarani-094b-per-uhslc,-17.002,-72.108,30.6,8.6,15.7,8.5,0.617,1.269,5.1,13.6,0.58
matsumaeko-0121-jpn-jodc_pahb,41.422,140.0914,7.8,3.4,5.5,5.2,0.962,0.438,8.0,22.2,0.72
matsuyama-ma34-jpn-jodc_jma,33.8589,132.7122,99.2,41.0,30.6,22.5,0.379,3.866,7.3,19.6,1.3
mawson-177a-aus-uhslc,-67.6,62.867,3.2,11.3,23.4,25.2,3.355,1.261,9.7,26.6,0.9
mayport_bar_pilots_dock-8720218-usa-noaa,30.3982,-81.4279,67.1,10.5,8.3,5.9,0.183,1.837,12.0,33.4,1.66
mayport_ferry_depot-8720220-usa-noaa,30.3933,-81.4317,65.2,10.0,8.2,5.8,0.186,1.786,11.6,31.3,1.24
mayport_fl-753a-usa-uhslc,30.395,-81.432,65.3,10.0,8.2,5.8,0.186,1.786,11.5,31.0,1.24
mazatlan-673a-mex-uhslc,23.198,-106.422,34.6,24.1,20.6,14.6,0.599,1.878,5.5,15.6,0.83
mckay_bay_entrance-8726667-usa-noaa,27.9133,-82.425,21.4,7.2,17.1,15.5,1.137,1.224,12.4,32.7,1.39
melbourne_williamstown-60780-aus-bom,-37.8657,144.9165,23.8,5.5,10.0,6.9,0.576,0.924,12.7,35.1,0.75
melilla-mel-esp-cmems,35.291,-2.918,12.7,4.8,3.4,2.0,0.306,0.458,6.1,16.5,0.32
melville_bay_gove_harbour-63480-aus-bom,-12.2067,136.6717,81.9,25.3,26.9,21.6,0.452,3.114,10.1,27.4,1.08
menominee_mi-9087088-usa-noaa,45.0959,-87.5899,2.8,1.4,0.1,0.0,0.024,0.084,6.3,17.4,0.49
mera-352a-jpn-uhslc,34.917,139.817,35.5,16.9,23.3,18.2,0.791,1.878,7.2,19.7,0.58
mera-ma14-jpn-jodc_jma,34.9189,139.825,35.6,17.0,23.2,18.1,0.784,1.877,7.2,19.8,0.92
messina-mes-ita-ispra,38.1963,15.5635,4.7,2.5,0.6,0.9,0.213,0.175,10.6,17.0,2.55
miami_beach-8723170-usa-da_sat,25.7683,-80.1317,36.1,7.1,4.0,3.2,0.167,1.007,6.5,16.3,0.93
michipicoten_ontario-10750-can-meds,47.96,-84.9,1.1,0.4,0.7,0.4,0.656,0.052,4.3,11.6,0.56
middelharnis-middhns-nld-rws,51.7736,4.1924,12.3,2.9,1.3,2.2,0.226,0.373,15.8,48.0,1.31
middle_river_at_howard_road_bridge-mhr-usa-cdwr,37.877,-121.384,15.1,2.3,14.1,8.4,1.301,0.797,11.4,29.7,0.98
middle_river_at_tracy_blvd-mtb-usa-cdwr,37.881,-121.456,20.1,3.2,15.8,8.7,1.051,0.956,11.5,28.6,2.01
middle_river_at_undine_road-mru-usa-cdwr,37.8339,-121.386,13.8,2.3,13.0,8.2,1.314,0.746,12.4,35.1,1.28
midway-050a-usa-uhslc,28.217,-177.367,11.8,2.1,7.5,5.5,0.934,0.537,5.8,19.8,0.87
mikuni-gs12-jpn-jodc_giaj,36.2544,136.1489,5.5,1.9,5.1,5.2,1.391,0.356,8.7,23.7,0.64
milford-mil-gbr-cmems,51.7167,-5.05,219.8,79.5,6.5,6.4,0.043,6.245,16.3,39.6,1.07
milford_haven-mha-gbr-bodc,51.7074,-5.0518,219.3,79.3,6.7,6.3,0.043,6.233,14.0,40.2,1.25
millport-mil-gbr-bodc,55.7498,-4.9063,110.0,28.7,11.1,9.6,0.149,3.188,18.7,55.7,1.61
millport-mil-gbr-cmems,55.7497,-4.9047,110.3,28.8,11.1,9.6,0.149,3.197,18.9,56.7,1.65
milner_bay_groote_eylandt-63511-aus-bom,-13.8601,136.4156,5.4,3.9,33.7,27.1,6.538,1.4,10.8,30.7,1.79
milwaukee_wi-9087057-usa-noaa,43.002,-87.8876,1.0,0.5,0.1,0.1,0.154,0.035,5.9,16.6,0.65
mina_sulman-182a-bhr-uhslc,26.233,50.6,66.5,22.9,11.0,7.4,0.206,2.156,9.3,24.3,0.85
minamiizu-hd12-jpn-jodc_jcg,34.6253,138.8864,39.9,18.5,24.1,18.6,0.732,2.023,7.1,18.9,0.67
minamitorishima-049a-jpn-uhslc,24.3,153.967,8.0,4.8,10.0,7.6,1.38,0.608,16.6,59.7,1.5
minamitorishima-ma70-jpn-jodc_jma,24.2911,153.9775,8.0,4.8,10.0,7.6,1.38,0.608,16.6,59.6,1.51
miner_slough_at_hwy_84_bridge-hwb-usa-cdwr,38.2917,-121.6308,26.3,4.4,17.1,8.9,0.846,1.134,14.2,51.5,1.39
miri-388a-mys-uhslc,4.392,113.972,18.0,8.8,36.8,32.5,2.59,1.922,5.3,14.1,0.52
misumi-ma46-jpn-jodc_jma,32.623,130.4514,118.5,52.1,27.3,21.0,0.283,4.379,8.0,20.8,1.53
miyakejima-357a-jpn-uhslc,34.067,139.482,34.4,16.5,22.1,17.4,0.775,1.807,11.2,28.4,0.73
miyakejima-hd10-jpn-jodc_jcg,34.0672,139.4808,34.2,16.5,21.9,17.3,0.775,1.799,11.1,28.3,0.77
miyakeshima-ma71-jpn-jodc_jma,34.0572,139.5439,36.5,17.0,22.8,17.9,0.76,1.883,10.0,25.6,0.98
miyako-ma09-jpn-jodc_jma,39.6431,141.9753,30.1,14.0,23.8,19.5,0.983,1.747,6.4,17.2,0.43
miyazakiko-0113-jpn-jodc_pahb,31.9028,131.4564,52.2,23.0,22.0,16.7,0.515,2.277,8.2,21.6,0.97
moerdijk-moerdk-nld-rws,51.7047,4.6225,12.0,2.5,1.7,2.4,0.282,0.373,16.6,51.1,1.37
moji-hd17-jpn-jodc_jcg,33.9569,130.9614,67.5,30.3,16.4,13.8,0.309,2.562,7.0,18.7,1.09
mokelumne_r_at_bensons_ferry_nr_thorton-ben-usa-cdwr,38.2551,-121.4401,21.5,3.4,14.9,8.0,0.921,0.954,23.3,89.0,2.78
mokelumne_r_at_san_joaquin_river-mok-usa-cdwr,38.1061,-121.5711,28.4,4.8,19.8,11.0,0.925,1.279,8.1,24.1,0.65
mokuoloe-061a-usa-uhslc,21.433,-157.8,15.8,8.1,17.5,9.8,1.136,1.024,3.3,8.4,0.31
mokuoloe-1612480-usa-noaa,21.4331,-157.79,15.6,8.2,17.6,9.8,1.15,1.024,3.3,8.2,0.3
mombasa-101a-ken-uhslc,-4.07,39.657,104.2,51.4,19.0,11.2,0.194,3.716,4.6,11.5,0.42
mona_island-9759938-usa-noaa,18.0899,-67.9385,2.4,1.2,8.3,6.2,4.003,0.363,4.2,12.7,0.6
monbetsu-hd01-jpn-jodc_jcg,44.355,143.3583,17.7,8.2,21.5,21.1,1.649,1.369,7.9,22.0,1.27
money_point-8639348-usa-noaa,36.7783,-76.3017,40.5,7.1,5.2,4.4,0.201,1.144,15.7,45.5,1.52
monroe_mi-9063087-usa-noaa,41.8983,-83.3617,2.5,0.5,1.0,0.3,0.459,0.087,14.6,34.2,1.06
montauk-8510560-usa-noaa,41.0483,-71.9594,28.5,6.0,6.9,4.9,0.34,0.926,12.6,37.5,1.73
montauk_ny-279a-usa-uhslc,41.048,-71.96,28.5,6.0,6.9,4.8,0.338,0.924,12.5,37.4,1.73
monterey-9413450-usa-noaa,36.605,-121.8881,49.1,13.0,36.6,22.9,0.958,2.432,5.3,15.5,0.52
monterey_ca-555a-usa-uhslc,36.605,-121.888,49.1,13.0,36.6,23.0,0.958,2.434,5.3,15.6,0.52
montreal_jetee_1-15520-can-meds,45.5,-73.55,0.3,0.2,0.2,0.4,1.165,0.022,26.2,92.0,3.64
mooloolaba-59950-aus-bom,-26.6867,153.12,53.4,16.2,19.0,10.5,0.424,1.982,6.5,18.3,0.46
morgans_point-8770613-usa-noaa,29.6817,-94.985,6.0,1.3,13.0,12.6,3.516,0.658,16.4,40.1,1.73
morrisburg_ontario-14660-can-meds,44.89,-75.19,0.3,0.6,0.5,0.2,0.754,0.029,13.4,41.1,0.97
mossel_bay-185a-zaf-uhslc,-34.183,22.133,59.2,29.9,7.3,1.9,0.103,1.967,13.3,34.6,1.06
motril-mot-esp-cmems,36.72,-3.524,15.6,6.1,3.3,1.9,0.239,0.537,5.9,15.8,0.33
mourilyan_harbour-59140-aus-bom,-17.6,146.1167,58.4,33.5,31.7,15.6,0.514,2.783,7.7,19.8,1.01
mouth_of_the_black_river_mi-9014090-usa-noaa,42.9747,-82.4189,0.6,0.3,0.2,0.1,0.313,0.024,6.5,18.0,0.73
mtl_rue_frontenac-15540-can-meds,45.53,-73.54,0.4,0.2,0.3,0.4,1.05,0.026,19.6,64.5,1.75
mumbles-mum-gbr-bodc,51.57,-3.9755,309.0,111.2,6.6,6.8,0.032,8.673,16.9,47.3,1.59
muroran-hd03-jpn-jodc_jcg,42.3447,140.95,33.6,15.6,23.6,19.1,0.869,1.838,8.8,24.4,0.73
murotomisaki-ma37-jpn-jodc_jma,33.2664,134.1644,49.1,21.7,22.0,16.8,0.549,2.193,7.4,19.5,1.39
mutsuogawara-0110-jpn-jodc_pahb,40.9264,141.388,30.1,13.9,22.3,18.1,0.92,1.688,6.6,17.7,0.46
nagasaki-362a-jpn-uhslc,32.733,129.867,80.5,36.1,25.7,20.0,0.391,3.244,6.0,16.1,0.96
nagasaki-ma49-jpn-jodc_jma,32.735,129.8661,80.3,36.0,25.6,20.0,0.392,3.24,6.1,16.6,0.96
nagoya-ma22-jpn-jodc_jma,35.0914,136.8808,64.8,30.4,24.0,17.8,0.439,2.74,8.6,23.9,1.61
naha-355a-jpn-uhslc,26.217,127.667,57.5,24.3,20.7,15.8,0.448,2.367,4.8,13.2,0.49
naha-ma44-jpn-jodc_jma,26.2133,127.6653,57.5,24.3,20.7,15.8,0.446,2.366,4.8,13.2,0.48
nakano_shima-345a-jpn-uhslc,29.842,129.842,58.5,25.3,23.3,18.0,0.493,2.502,8.3,18.5,0.9
nakanoshima-hd28-jpn-jodc_jcg,29.842,129.8478,58.4,25.3,23.3,18.0,0.493,2.501,8.3,18.5,0.91
nakatoshima-hd30-jpn-jodc_jcg,34.118,133.0011,112.0,43.4,32.2,23.3,0.357,4.218,12.2,32.9,1.56
nanaoko-0106-jpn-jodc_pahb,37.0495,136.9683,6.1,2.2,5.3,5.4,1.299,0.38,7.1,17.8,0.43
nantes_usine_brulee-399-fra-refmar,47.1934,-1.6337,172.8,54.3,5.7,6.3,0.053,4.782,29.5,88.1,2.89
nantucket_island-8449130-usa-noaa,41.2853,-70.0964,44.1,4.9,9.3,8.3,0.36,1.33,11.0,34.2,1.29
nantucket_ma-743a-usa-uhslc,41.285,-70.097,44.2,4.9,9.2,8.3,0.358,1.331,10.9,33.9,1.29
napier-668a-nzl-uhslc,-39.483,176.917,67.9,4.1,3.1,2.5,0.077,1.552,8.8,21.7,0.52
naples-8725110-usa-noaa,26.1317,-81.8075,26.9,8.8,14.7,13.5,0.79,1.278,8.8,22.5,1.31
naples_fl-757a-usa-uhslc,26.13,-81.807,26.8,8.8,14.8,13.5,0.795,1.278,8.8,22.6,1.3
napoli-nap-ita-ispra,40.8414,14.2692,11.3,4.2,2.7,0.9,0.231,0.38,6.3,15.9,1.22
nardana_patches-58178-aus-bom,-10.5048,142.2438,34.7,37.3,55.7,28.1,1.164,3.117,7.4,18.6,0.52
narvik-nvk-nor-nhs,68.4283,17.4258,100.3,35.4,11.3,3.3,0.108,3.007,14.2,41.6,1.47
national_steel-nsl-usa-cdwr,38.1221,-121.8881,51.6,10.3,27.0,15.0,0.679,2.078,9.6,25.2,0.89
nauru-004a-nru-uhslc,-0.528,166.905,54.0,30.2,13.6,8.1,0.258,2.117,5.9,20.3,1.0
nauru-004b-nru-uhslc,-0.532,166.91,54.4,30.3,13.6,8.2,0.257,2.131,4.6,14.1,0.72
nauru-67640-nru-bom,-0.5317,166.9101,54.6,30.3,13.7,8.2,0.258,2.137,4.6,13.9,0.72
nawiliwili-058a-usa-uhslc,21.967,-159.35,14.8,5.7,14.7,8.4,1.127,0.87,3.2,8.0,0.49
nawiliwili-1611400-usa-noaa,21.9544,-159.3561,14.9,5.7,14.6,8.4,1.117,0.873,3.2,8.0,0.49
naze-359a-jpn-uhslc,28.4,129.498,56.0,24.4,20.0,15.2,0.438,2.312,5.6,15.3,0.84
naze-hd22-jpn-jodc_jcg,28.3992,129.4978,56.1,24.4,20.0,15.2,0.437,2.313,5.4,14.6,0.79
neah_bay-9443090-usa-noaa,48.3703,-124.6019,77.8,22.9,49.1,30.4,0.789,3.604,12.0,34.4,1.45
neah_bay_wa-558a-usa-uhslc,48.368,-124.617,78.0,22.9,49.2,30.4,0.789,3.611,12.0,34.4,1.24
nelson-077a-nzl-uhslc,-41.267,173.267,133.6,41.3,5.7,1.8,0.043,3.648,9.8,25.6,0.83
nes-nes-nld-rws,53.4299,5.7589,93.7,24.5,7.1,8.9,0.135,2.683,27.4,89.8,2.88
neuville-3280-can-meds,46.7,-71.57,149.8,30.9,19.2,18.3,0.208,4.365,25.5,73.4,2.62
new_canal_station-8761927-usa-noaa,30.0272,-90.1133,0.3,0.2,4.0,3.9,16.497,0.167,14.6,41.2,1.51
new_haven-8465705-usa-noaa,41.2833,-72.9083,88.4,13.9,9.0,5.9,0.146,2.346,14.7,42.6,2.57
new_london-8461490-usa-noaa,41.3614,-72.09,36.1,6.4,7.0,5.0,0.282,1.09,12.8,37.0,1.77
new_london_ct-744a-usa-uhslc,41.355,-72.087,36.1,6.4,7.0,4.9,0.281,1.089,12.8,36.9,1.77
new_westminster_bc-7654-can-meds,49.2,-122.91,63.4,14.8,61.1,31.7,1.186,3.421,15.6,44.6,1.63
new_york_ny-745a-usa-uhslc,40.7,-74.015,67.1,12.9,10.1,5.1,0.19,1.903,16.1,45.7,2.6
newbold-8548989-usa-noaa,40.1373,-74.7519,108.1,12.0,11.1,8.6,0.164,2.795,22.4,60.8,2.64
newcastle-60310-aus-bom,-32.9238,151.7889,50.1,12.6,16.3,9.2,0.406,1.763,7.6,19.8,0.8
newhaven-new-gbr-cmems,50.7833,0.0667,222.8,71.9,7.5,1.0,0.029,6.063,13.6,38.0,1.12
newhaven-nha-gbr-bodc,50.7818,0.057,221.3,71.3,7.5,1.0,0.029,6.024,15.1,41.1,1.22
newlyn-new-gbr-bodc,50.103,-5.5427,169.1,56.3,6.4,5.3,0.052,4.741,11.9,33.6,1.05
newlyn_cornwall-294a-gbr-uhslc,50.102,-5.542,170.9,57.2,6.4,5.3,0.051,4.795,12.0,33.5,1.05
newport-8452660-usa-noaa,41.5043,-71.3261,50.7,10.9,6.2,4.8,0.179,1.451,11.9,34.3,2.48
newport-new-gbr-cmems,51.5496,-2.986,413.7,146.6,7.1,7.1,0.025,11.49,27.9,72.3,2.12
newport-npo-gbr-bodc,51.55,-2.9874,411.3,144.7,6.9,6.9,0.025,11.396,28.0,71.8,2.17
newport_beach-9410580-usa-noaa,33.6033,-117.883,50.7,20.4,33.7,21.4,0.775,2.523,4.2,11.7,0.4
newport_ri-253a-usa-uhslc,41.505,-71.327,50.6,10.9,6.2,4.8,0.179,1.45,11.9,34.2,1.59
nezugaseki-gs07-jpn-jodc_giaj,38.5633,139.5461,5.1,1.9,5.3,5.3,1.5,0.351,8.4,22.6,0.91
nice-339-fra-refmar,43.6955,7.2853,7.7,3.0,3.5,1.7,0.493,0.319,6.1,16.9,0.32
nice_60minute-nic-fra-cmems,43.6956,7.2855,7.7,3.0,3.5,1.8,0.495,0.319,6.0,16.8,0.32
nieuwe_statenzijl-nieuwstzl-nld-rws,53.2316,7.2074,123.7,29.5,7.2,8.6,0.103,3.379,37.3,106.7,3.74
niigatakonishiko-0103-jpn-jodc_pahb,37.9406,139.0611,5.6,2.0,5.3,5.4,1.42,0.367,7.7,19.7,0.45
nikiski-9455760-usa-noaa,60.6833,-151.3981,245.0,84.5,63.1,37.6,0.305,8.603,19.3,54.4,1.82
nikolski-9462450-usa-noaa,52.9406,-168.8713,26.4,1.6,40.1,27.0,2.398,1.902,12.3,31.6,0.74
nishinoomote-363a-jpn-uhslc,30.735,130.992,58.5,25.6,23.0,18.0,0.486,2.501,6.5,17.1,1.03
nishinoomote-hd21-jpn-jodc_jcg,30.735,130.9922,58.5,25.7,23.0,17.9,0.486,2.501,6.6,17.3,1.03
nome-9468756-usa-noaa,64.4946,-165.4396,11.5,1.4,9.0,6.5,1.199,0.568,30.9,85.0,2.78
nome_ak-595a-usa-uhslc,64.5,-165.43,11.5,1.4,9.0,6.4,1.198,0.565,30.5,83.9,2.78
noordwijk_meetpost-noordwmpt-nld-rws,52.2739,4.2961,66.6,16.3,8.2,11.4,0.236,2.051,24.9,77.9,2.23
nordenham-4106-deu-wsv,53.4645,8.488,174.8,44.3,7.4,9.4,0.077,4.719,34.4,106.2,4.06
nordrerose-nor-dnk-cmems,55.6361,12.6867,5.8,2.0,0.6,1.7,0.302,0.202,12.0,35.4,1.16
norfolk_island-57700-aus-bom,-29.0584,167.9533,52.4,15.6,10.1,4.1,0.208,1.643,5.7,16.6,0.45
north_shields-nsh-gbr-bodc,55.0074,-1.4398,158.5,53.0,12.0,13.8,0.122,4.746,15.3,45.3,1.67
north_spit-9418767-usa-noaa,40.7663,-124.2172,68.7,17.2,39.2,24.1,0.738,2.983,7.7,22.5,0.64
north_sydney-612-can-meds,46.22,-60.25,36.6,10.6,7.5,8.2,0.333,1.26,11.9,32.6,0.95
northshields-nor-gbr-cmems,55.0,-1.4333,156.6,52.5,12.5,13.7,0.125,4.705,30.8,54.2,9.83
noto-ma80-jpn-jodc_jma,37.5008,137.1553,5.6,2.0,5.4,5.4,1.416,0.368,10.6,32.4,0.95
noumea-019a-fra-uhslc,-22.242,166.417,41.2,14.5,14.1,6.6,0.371,1.526,4.9,12.3,0.59
noumeanumbo_60minute-nou-fra-cmems,-22.2421,166.4162,41.2,14.4,14.1,6.5,0.37,1.524,4.7,11.6,0.46
nuku_alofa-038a-ton-uhslc,-21.14,-175.18,51.2,5.7,6.7,3.6,0.18,1.342,3.1,8.3,0.33
nuku_hiva-031a-fra-uhslc,-8.93,-140.082,48.5,8.3,5.3,3.0,0.147,1.301,2.8,6.7,0.48
nukualofa-66600-ton-bom,-21.1368,-175.1807,51.2,5.7,6.6,3.6,0.179,1.341,3.1,8.2,0.42
numbo_noumea-659-fra-refmar,-22.242,166.4162,41.2,14.5,14.1,6.5,0.37,1.526,4.7,11.7,0.46
ny_alesund-nya-nor-nhs,78.9285,11.938,45.7,17.1,6.3,2.2,0.136,1.427,8.9,24.9,0.59
nylesund-823a-nor-uhslc,78.938,11.938,45.7,17.1,6.3,2.2,0.136,1.427,8.7,24.1,0.56
ocean_city-8570280-usa-noaa,38.3267,-75.0833,48.4,9.4,8.6,8.3,0.292,1.493,14.3,39.4,1.2
ocean_city_inlet-8570283-usa-noaa,38.3283,-75.0911,28.8,5.1,5.2,4.8,0.297,0.878,13.6,39.8,1.03
odomari-hd20-jpn-jodc_jcg,31.0236,130.6892,68.6,30.0,25.1,19.6,0.454,2.867,7.2,20.0,0.97
ofunato-351a-jpn-uhslc,39.017,141.75,30.5,14.2,23.4,18.6,0.941,1.733,6.3,17.1,0.44
ofunato-ma10-jpn-jodc_jma,39.0197,141.7533,30.5,14.1,23.4,18.6,0.942,1.733,6.3,17.2,0.44
oga-gs14-jpn-jodc_giaj,39.9422,139.7033,5.1,2.0,5.4,5.4,1.526,0.357,8.6,25.6,1.06
ogdensburg_ny-8311030-usa-noaa,44.7017,-75.494,0.8,0.2,0.3,0.2,0.517,0.03,6.4,19.1,0.77
ogi-gs20-jpn-jodc_giaj,37.8147,138.2811,5.5,2.0,5.4,5.4,1.438,0.365,6.5,17.1,0.35
oil_platform_harvest-9411406-usa-noaa,34.4692,-120.6819,47.2,15.5,34.8,21.9,0.906,2.389,4.6,11.1,0.61
oita-hd16-jpn-jodc_jcg,33.2661,131.6867,58.3,24.2,25.6,19.3,0.544,2.546,7.0,18.9,0.97
okada-ma17-jpn-jodc_jma,34.7895,139.3914,34.2,16.3,23.0,18.0,0.813,1.829,6.6,17.7,0.59
okinawa-gs21-jpn-jodc_giaj,26.1794,127.8247,56.3,23.3,21.7,16.2,0.476,2.351,5.4,15.0,1.22
okushiri-gs24-jpn-jodc_giaj,42.0786,139.4895,5.2,2.2,5.0,4.6,1.272,0.34,7.5,20.9,0.57
olandsnorraudde-ola-swe-cmems,57.3661,17.0972,0.4,0.2,0.8,0.5,2.317,0.037,9.5,26.5,0.82
olcott_ny-9052076-usa-noaa,43.3384,-78.7273,0.4,0.2,0.2,0.1,0.534,0.018,2.5,6.1,0.23
old_port_tampa-8726607-usa-noaa,27.8578,-82.5528,20.0,6.1,16.8,15.4,1.231,1.166,11.4,29.9,1.24
old_river_as_quimbly_is_near_bethel_is-orq-usa-cdwr,38.0272,-121.5645,29.4,5.1,20.1,11.3,0.909,1.317,8.1,23.0,0.68
old_river_at_bacon_island-obi-usa-cdwr,37.9694,-121.5722,30.1,5.0,20.0,11.3,0.89,1.328,8.0,23.5,0.62
old_river_at_byron-orb-usa-cdwr,37.89,-121.57,29.6,5.0,19.6,11.3,0.896,1.309,10.2,27.8,1.13
old_river_at_clifton_court_intake-ori-usa-cdwr,37.828,-121.5526,28.1,5.0,19.6,11.8,0.949,1.29,11.9,30.7,1.06
old_river_at_coney_island-cis-usa-cdwr,37.8459,-121.538,29.0,5.1,19.5,11.5,0.91,1.304,9.9,26.3,0.74
old_river_near_dmc_above_dam-oad-usa-cdwr,37.8103,-121.5421,17.5,3.0,14.9,8.7,1.151,0.881,13.4,33.5,1.19
old_river_near_dmc_below_dam-obd-usa-cdwr,37.811,-121.5439,27.4,4.7,19.0,11.5,0.952,1.25,12.8,31.0,1.39
old_river_near_tracy-old-usa-cdwr,37.8048,-121.4496,17.8,2.9,14.8,8.8,1.144,0.885,13.5,34.6,1.13
old_river_near_tracy-olr-usa-cdwr,37.805,-121.449,18.8,3.1,15.3,8.4,1.081,0.912,14.7,36.0,1.02
omaezaki-ma20-jpn-jodc_jma,34.6083,138.2222,40.7,18.9,23.2,17.8,0.689,2.012,7.2,19.7,0.74
ominato-hd04-jpn-jodc_jcg,41.2564,141.145,19.8,9.2,5.7,3.9,0.333,0.772,8.9,25.1,0.83
onahama-ma12-jpn-jodc_jma,36.9375,140.892,30.3,14.4,21.8,17.3,0.873,1.675,6.4,18.0,0.6
onisaki-gs09-jpn-jodc_giaj,34.9036,136.8239,62.2,29.2,23.9,17.7,0.455,2.663,8.7,24.0,1.36
onslow_beadon_creek-62470-aus-bom,-21.6497,115.1315,59.4,32.3,20.8,13.2,0.371,2.514,7.5,18.7,1.32
ontonagon_mi-9099044-usa-noaa,46.8744,-89.3242,0.7,0.3,0.3,0.2,0.519,0.03,2.8,7.7,0.74
oregon_inlet_marina-8652587-usa-noaa,35.795,-75.5481,10.8,1.6,2.5,1.9,0.356,0.337,11.1,30.8,1.87
ortona-ort-ita-ispra,42.3559,14.4149,6.6,4.6,8.7,2.8,1.027,0.454,8.0,22.8,0.64
osaka-ma30-jpn-jodc_jma,34.6581,135.4328,29.9,16.8,26.0,19.5,0.975,1.846,9.0,24.4,1.49
oscarsborg-osc-nor-nhs,59.6781,10.6049,14.1,3.4,0.3,2.3,0.149,0.403,17.7,50.9,1.52
oshoro-gs04-jpn-jodc_giaj,43.2094,140.8583,4.6,2.1,5.3,5.3,1.571,0.348,8.1,22.0,0.72
oskarshamn-2085-swe-smhi,57.275,16.4781,0.6,0.3,0.9,0.6,1.81,0.049,9.7,26.0,0.86
oskarshamn-osk-swe-cmems,57.275,16.4781,0.6,0.3,0.9,0.6,1.797,0.049,9.7,26.0,0.86
oslebshausen-4883-deu-wsv,53.1198,8.7122,174.6,43.5,6.9,8.8,0.072,4.677,33.4,97.8,4.43
oslo-osl-nor-nhs,59.9086,10.7345,14.7,3.6,0.4,2.3,0.151,0.422,18.1,52.2,1.68
osteriff-92-deu-wsv,53.8552,9.0296,128.4,32.0,7.2,9.1,0.102,3.535,36.0,110.7,3.71
oswego_ny-9052030-usa-noaa,43.4642,-76.5118,0.5,0.2,0.2,0.1,0.46,0.021,3.5,9.5,0.35
otaru-ma77-jpn-jodc_jma,43.2067,141.0053,4.7,2.2,5.2,5.3,1.53,0.349,8.2,22.5,0.54
otaruko-0138-jpn-jodc_pahb,43.1833,141.0336,4.7,2.2,5.2,5.3,1.528,0.347,8.2,22.2,0.52
otranto-otr-ita-ispra,40.1472,18.4971,6.9,4.0,2.3,1.0,0.298,0.283,6.4,17.6,0.34
oudeschild-oudsd-nld-rws,53.0388,4.8502,60.8,16.4,7.7,10.2,0.232,1.9,24.6,77.8,2.5
oulu-oul-fin-cmems,65.0403,25.4182,0.4,0.1,1.6,1.1,5.112,0.065,17.8,49.3,1.47
oulu_toppila-134248-fin-fmi,65.04,25.42,0.4,0.1,1.5,1.1,5.198,0.064,17.8,49.3,1.47
oura-ma47-jpn-jodc_jma,32.9767,130.2206,148.5,66.1,28.7,22.0,0.236,5.306,9.4,24.0,1.9
over-94-deu-wsv,53.4287,10.1011,134.1,30.0,6.8,8.4,0.093,3.587,36.1,110.6,4.46
owase-ma24-jpn-jodc_jma,34.0764,136.2072,43.7,19.8,22.2,17.1,0.62,2.055,7.1,19.4,0.72
oyster_landing_n_inlet_estuary-8662245-usa-noaa,33.3517,-79.1867,60.9,9.4,10.1,8.0,0.258,1.77,14.3,38.6,1.63
pago_bay-1631428-usa-noaa,13.4283,144.7969,13.6,2.5,14.5,10.2,1.533,0.813,5.1,14.0,0.76
pago_bay_guam-037a-usa-uhslc,13.428,144.797,13.6,2.4,14.5,10.2,1.547,0.815,5.1,14.1,0.76
pago_pago-056a-asm-uhslc,-14.283,-170.683,37.3,6.1,4.3,2.8,0.165,1.01,3.0,7.3,0.48
pago_pago-1770000-usa-noaa,-14.2767,-170.6894,37.4,6.0,4.3,2.8,0.165,1.012,2.9,7.0,0.5
paita-678b-per-uhslc,-5.083,-81.167,53.7,17.3,11.9,4.0,0.224,1.738,6.4,17.6,1.04
paldiski-pal-est-cmems,59.3349,24.0796,1.1,0.5,1.0,1.2,1.416,0.078,11.4,28.6,0.62
palermo-pal-ita-ispra,38.1214,13.3713,11.0,4.0,2.8,1.0,0.256,0.377,5.5,14.6,0.46
palinuro-pal-ita-ispra,40.0299,15.2753,11.9,4.5,2.9,0.8,0.225,0.401,5.5,14.0,1.22
palma-palm-esp-ieo,39.5524,2.6389,2.7,1.0,3.6,2.2,1.56,0.19,5.8,16.3,0.38
palmeira-235a-cpv-uhslc,16.755,-22.983,30.5,11.7,5.1,4.1,0.218,1.029,2.5,6.0,0.26
panama_city-8729108-usa-noaa,30.1523,-85.7,2.9,1.1,14.1,13.5,6.835,0.632,10.2,28.8,0.92
panama_city_beach-761a-usa-uhslc,30.213,-85.88,3.4,1.6,14.3,14.0,5.581,0.667,10.7,30.8,1.23
panama_city_beach-8729210-usa-noaa,30.2133,-85.8783,3.4,1.6,14.3,13.9,5.564,0.666,10.8,30.9,1.23
papeete-015b-fra-uhslc,-17.525,-149.567,6.7,7.0,0.7,1.6,0.165,0.32,2.9,7.4,0.53
papeete-383-fra-refmar,-17.5331,-149.5727,6.5,7.0,0.6,1.6,0.162,0.314,3.0,7.5,0.58
papeete_60minute-pap-fra-cmems,-17.5331,-149.5727,6.7,7.0,0.6,1.6,0.164,0.32,3.0,7.5,0.58
parnu-par-est-cmems,58.3889,24.4868,0.4,0.4,1.7,1.9,4.508,0.089,17.2,51.3,1.31
parry_sound_ontario-11375-can-meds,45.34,-80.04,1.1,0.4,0.3,0.3,0.413,0.041,7.7,23.8,0.87
pascagoula_noaa_lab-8741533-usa-noaa,30.3678,-88.5631,3.0,1.7,15.2,14.4,6.262,0.686,11.9,33.9,1.44
patonga-212440-aus-bom,-33.551,151.2746,50.1,12.3,14.7,9.4,0.387,1.731,7.0,18.3,0.52
patricia_bay_bc-7277-can-meds,48.65,-123.45,60.5,14.8,76.2,43.0,1.583,3.891,10.9,32.6,0.8
pauillac-192-fra-refmar,45.1997,-0.7442,183.3,54.4,6.2,7.2,0.056,5.023,16.8,45.5,1.81
peel_inlet-plpee01-aus-bom,-32.5922,115.7139,1.3,1.0,8.5,6.0,6.305,0.336,11.1,29.6,0.64
penang-144a-mys-uhslc,5.422,100.347,61.1,36.1,19.8,5.1,0.256,2.441,5.9,15.5,0.58
penrhyn-024a-cok-uhslc,-8.977,-158.053,9.5,2.3,2.8,1.3,0.341,0.315,3.6,10.5,0.49
pensacola-8729840-usa-noaa,30.4044,-87.2112,1.9,0.6,12.9,12.6,10.488,0.558,9.8,27.3,1.75
pensacola_fl-762a-usa-uhslc,30.403,-87.213,1.8,0.6,12.9,12.6,10.513,0.558,9.8,27.3,1.75
perth_barrack_street_jetty-6223a-aus-bom,-31.9597,115.8573,3.7,3.1,15.7,10.9,3.899,0.668,11.7,30.4,0.65
petten_zuid-pettzd-nld-rws,52.7727,4.6497,66.6,18.5,8.0,10.7,0.219,2.075,25.4,76.4,2.45
philadelphia-8545240-usa-noaa,39.9333,-75.1417,82.6,9.1,10.3,8.2,0.201,2.203,18.8,48.7,1.58
philadelphia_pier_11_north-8545530-usa-noaa,39.9533,-75.1383,82.7,10.1,9.7,8.0,0.192,2.21,20.0,49.9,2.86
pietarsaari-pie-fin-cmems,63.7086,22.6896,0.3,0.2,1.1,0.7,4.145,0.046,13.5,35.5,0.86
pietarsaari_leppaluoto-134250-fin-fmi,63.71,22.69,0.3,0.1,1.1,0.7,4.321,0.045,13.5,35.6,0.86
pilots_station_east-8760922-usa-noaa,28.9322,-89.4075,1.6,1.1,13.1,13.0,9.711,0.575,7.6,21.6,1.71
pinnau_sperrwerk_bp-95-deu-wsv,53.6712,9.558,125.5,27.6,6.8,8.5,0.1,3.37,35.4,102.3,3.34
pisco-683b-per-uhslc,-13.417,-76.133,22.3,6.6,14.8,7.5,0.772,1.023,5.9,15.0,1.02
pluz-pluz-esp-ieo,28.1467,-15.4076,73.7,28.4,6.1,4.8,0.107,2.261,5.4,16.1,0.46
plymouth-ply-gbr-cmems,50.3684,-4.1852,167.5,60.2,7.6,5.5,0.058,4.818,12.2,33.5,0.86
pohnpei-001b-fsm-uhslc,6.987,158.243,27.4,19.6,16.2,9.7,0.552,1.457,4.4,12.4,0.4
pohnpei-001c-fsm-uhslc,6.978,158.197,27.5,18.9,16.1,9.8,0.558,1.447,4.2,12.2,0.32
pohnpei-67950-fsm-bom,6.9867,158.2433,27.5,18.9,16.1,9.8,0.559,1.446,4.2,12.3,0.32
point_atkinson_bc-7795-can-meds,49.34,-123.25,91.8,23.4,86.4,47.9,1.165,4.99,12.1,35.6,0.96
point_edward_ontario-11940-can-meds,42.99,-82.42,0.6,0.3,0.2,0.1,0.329,0.024,6.4,18.2,0.75
point_iroquois_mi-9099004-usa-noaa,46.4845,-84.6309,1.4,0.5,0.6,0.4,0.547,0.059,6.1,16.9,0.64
point_lonsdale-60730-aus-bom,-38.2919,144.6139,45.0,13.1,14.9,10.5,0.437,1.669,12.0,33.0,0.86
point_pelee_ontario-12120-can-meds,41.97,-82.53,1.4,0.3,0.5,0.2,0.387,0.046,8.2,20.0,0.55
point_reyes-9415020-usa-noaa,37.9942,-122.9736,54.7,13.7,38.0,23.4,0.896,2.597,7.2,21.6,1.05
point_richards_corio_bay-60757-aus-bom,-38.1,144.65,24.8,5.9,10.2,7.1,0.563,0.96,12.1,34.1,0.72
point_tupper-576-can-meds,45.6,-61.37,59.2,14.4,6.9,4.7,0.157,1.702,12.2,32.8,2.12
pointe_a_pitre-125-fra-refmar,16.2244,-61.5315,8.9,3.5,7.7,6.3,1.131,0.528,3.0,7.4,0.44
pointe_au_pere-2980-can-meds,48.52,-68.47,127.1,40.9,23.7,21.4,0.268,4.261,16.3,43.7,1.37
pointe_aux_trembles-15630-can-meds,45.63,-73.49,0.3,0.1,0.3,0.4,1.518,0.022,19.8,68.4,1.58
pointe_claire-15330-can-meds,45.43,-73.82,0.0,0.0,0.1,0.0,3.721,0.005,10.8,31.6,0.82
pointe_des_cascades-15220-can-meds,45.33,-73.96,0.0,0.0,0.2,0.0,3.603,0.005,11.0,31.5,0.81
pointe_des_galets-110-fra-refmar,-20.9349,55.2851,17.4,9.5,5.3,3.4,0.323,0.713,4.1,10.1,0.46
pointe_pitre-272a-fra-uhslc,16.225,-61.532,8.9,3.5,7.7,6.2,1.116,0.527,3.1,7.5,0.44
pointeapitre_60minute-poi-fra-cmems,16.23,-61.53,8.9,3.5,7.7,6.3,1.128,0.528,3.0,7.4,0.44
ponta_delgada-211a-prt-uhslc,37.735,-25.672,48.3,17.5,4.3,2.5,0.104,1.453,5.5,15.5,0.36
pori-por-fin-cmems,61.5944,21.4634,0.6,0.3,0.6,0.4,1.175,0.037,10.0,26.0,0.79
pori_mantyluoto_kallo-134266-fin-fmi,61.59,21.46,0.6,0.3,0.6,0.4,1.182,0.037,10.0,26.0,0.79
port_adelaide_inner_harbor-61610-aus-bom,-34.85,138.5,54.0,54.2,26.1,17.6,0.403,3.036,20.0,60.5,1.64
port_adelaide_outer_harbor-61600-aus-bom,-34.7798,138.4807,51.5,51.6,25.5,17.2,0.413,2.916,19.3,58.2,1.63
port_alberni_bc-8575-can-meds,49.23,-124.81,94.8,27.6,39.0,24.7,0.52,3.72,12.1,35.5,0.94
port_alexander-9451054-usa-noaa,56.2466,-134.6477,124.1,41.0,46.4,28.5,0.454,4.799,11.0,30.4,0.55
port_alfred-3460-can-meds,48.33,-70.87,177.3,56.8,24.3,22.1,0.198,5.611,21.2,56.0,1.62
port_alma-59690-aus-bom,-23.585,150.8667,148.1,55.1,31.0,16.3,0.232,5.009,9.3,23.7,1.23
port_angeles-9444090-usa-noaa,48.125,-123.44,51.4,14.7,66.7,39.0,1.6,3.435,10.8,32.1,0.8
port_angeles_wa-584a-usa-uhslc,48.125,-123.44,51.4,14.6,66.8,39.1,1.603,3.439,11.0,32.7,0.8
port_aux_basques-665-can-meds,47.57,-59.13,43.4,12.7,7.8,8.8,0.296,1.455,11.7,33.3,0.92
port_bloc-15-fra-refmar,45.5685,-1.0616,150.8,49.4,6.0,7.1,0.065,4.264,15.2,46.6,1.36
port_canaveral_fl-774a-usa-uhslc,28.415,-80.593,50.0,8.0,9.7,7.4,0.296,1.503,9.3,24.2,1.23
port_chalmers-669a-nzl-uhslc,-45.817,170.65,77.9,9.9,2.7,2.9,0.064,1.867,10.5,25.8,0.47
port_chicago-9415144-usa-noaa,38.056,-122.0395,49.4,9.8,27.9,16.0,0.741,2.064,7.7,22.7,0.84
port_colborne_ontario-12865-can-meds,42.87,-79.25,1.4,0.5,0.8,0.3,0.591,0.059,12.9,45.3,1.99
port_douglas-59040-aus-bom,-16.4833,145.4667,56.4,33.2,30.9,15.1,0.513,2.713,7.8,19.9,0.63
port_dover_ontario-12710-can-meds,42.78,-80.2,1.5,0.4,0.6,0.2,0.399,0.055,9.3,31.1,1.51
port_elizabeth-184a-zaf-uhslc,-33.96,25.63,52.0,27.2,6.0,1.6,0.095,1.736,11.9,30.3,0.91
port_ellen_islay-isl-gbr-bodc,55.6276,-6.1899,15.5,13.9,9.3,8.4,0.6,0.941,16.7,47.8,1.29
port_eri_isle_of_man-iom-gbr-bodc,54.0852,-4.7681,181.0,54.8,11.4,10.2,0.091,5.148,16.0,45.8,1.14
port_fourchon-8762075-usa-noaa,29.1142,-90.1993,1.8,0.7,13.5,12.8,10.316,0.576,8.1,22.4,1.22
port_giles-61685-aus-bom,-35.0218,137.7683,44.0,43.2,24.6,16.7,0.474,2.571,17.1,51.4,1.36
port_hardy_bc-8408-can-meds,50.72,-127.49,133.0,42.4,49.9,30.0,0.455,5.108,10.6,29.5,0.74
port_hedland-169a-aus-uhslc,-20.318,118.575,169.7,102.8,24.2,14.8,0.143,6.23,7.3,19.2,1.55
port_hedland-62590-aus-bom,-20.3176,118.5744,169.7,102.8,24.2,14.8,0.143,6.23,8.7,23.7,1.94
port_inland_mi-9087096-usa-noaa,45.9699,-85.8715,1.5,0.5,0.3,0.2,0.236,0.052,5.9,17.2,0.77
port_isabel-8779770-usa-noaa,26.0612,-97.2155,6.2,1.9,12.8,13.0,3.205,0.676,8.3,21.6,1.4
port_isabel_tx-772a-usa-uhslc,26.06,-97.215,6.3,1.8,13.0,13.2,3.231,0.686,8.3,21.6,1.4
port_jefferson-8514560-usa-noaa,40.95,-73.0767,95.3,15.6,9.3,6.1,0.139,2.528,15.3,44.1,1.64
port_kembla-342a-aus-uhslc,-34.473,150.912,49.1,11.8,16.6,10.5,0.446,1.761,6.9,17.5,0.34
port_kembla-60420-aus-bom,-34.475,150.91,49.0,11.8,16.6,10.5,0.446,1.76,7.2,18.3,0.53
port_lambton_ontario-11950-can-meds,42.66,-82.51,0.2,0.1,0.0,0.1,0.333,0.008,5.4,20.5,0.63
port_lincoln-61900-aus-bom,-34.7159,135.8701,23.4,25.5,24.2,16.9,0.841,1.802,14.5,42.0,1.31
port_louis-103c-mus-uhslc,-20.155,57.495,15.5,9.9,6.3,4.3,0.418,0.718,3.8,9.3,0.48
port_macquarie-207420-aus-bom,-31.4268,152.911,42.1,10.7,14.8,9.2,0.453,1.533,8.5,23.5,1.39
port_manatee-8726384-usa-noaa,27.6383,-82.5625,15.9,5.2,15.6,14.3,1.418,1.019,10.5,26.5,2.37
port_nolloth-701a-zaf-uhslc,-29.25,16.867,55.6,23.6,5.4,1.8,0.091,1.729,8.4,21.5,0.73
port_orford-9431647-usa-noaa,42.739,-124.4983,74.5,19.7,42.7,26.4,0.734,3.269,9.9,29.2,0.94
port_orford_or-557a-usa-uhslc,42.74,-124.497,74.6,19.8,42.8,26.5,0.734,3.272,10.0,29.6,0.94
port_pirie-61800-aus-bom,-33.1776,138.0117,49.5,52.9,43.3,28.5,0.701,3.483,22.6,71.6,2.93
port_saint_francois-3365-can-meds,46.27,-72.62,5.5,1.6,2.1,2.1,0.587,0.227,19.3,58.5,1.66
port_san_luis-9412110-usa-noaa,35.1688,-120.7542,49.1,14.9,35.6,22.2,0.904,2.437,5.7,15.7,1.1
port_san_luis_ca-565a-usa-uhslc,35.177,-120.76,49.1,14.8,35.6,22.3,0.905,2.436,5.6,15.5,1.1
port_stanley-290b-gbr-uhslc,-51.75,-57.933,43.8,15.3,12.5,14.7,0.458,1.726,10.2,23.8,0.44
port_stanley_ontario-12400-can-meds,42.66,-81.21,0.5,0.1,0.1,0.1,0.331,0.015,4.5,13.1,0.72
port_stanvac-100a-aus-uhslc,-35.108,138.467,43.1,42.7,24.4,16.6,0.478,2.537,18.6,57.1,1.43
port_stanvac-61583-aus-bom,-35.1086,138.467,43.1,42.7,24.4,16.6,0.478,2.537,18.6,57.2,1.44
port_townsend-9444900-usa-noaa,48.1129,-122.7595,68.2,16.9,76.3,44.8,1.423,4.121,10.4,30.7,0.75
port_tudy-71-fra-refmar,47.6443,-3.4459,149.7,54.2,6.1,6.4,0.061,4.327,11.2,31.4,0.84
port_vendres-75-fra-refmar,42.5199,3.1075,5.8,2.0,3.5,2.2,0.722,0.27,7.7,22.2,0.59
port_vila-046b-vut-uhslc,-17.762,168.293,36.4,10.9,16.3,8.4,0.523,1.441,3.4,8.3,0.55
port_vila-57320-vut-bom,-17.7614,168.2928,36.4,10.9,16.4,8.4,0.523,1.441,3.4,8.3,0.55
port_weller_ontario-13030-can-meds,43.24,-79.22,0.6,0.3,0.3,0.2,0.529,0.028,2.7,6.9,0.79
portbloc_60minute-por-fra-cmems,45.5684,-1.0616,150.8,49.4,6.0,7.1,0.066,4.265,15.2,46.7,1.36
portellen-por-gbr-cmems,55.6274,-6.1901,15.6,14.0,9.3,8.4,0.595,0.945,16.8,48.4,1.28
porterin-por-gbr-cmems,54.0854,-4.7681,182.9,55.9,11.1,10.2,0.089,5.201,15.4,44.2,1.11
portland-61410-aus-bom,-38.3514,141.6197,12.8,13.9,18.0,13.1,1.163,1.157,10.5,28.3,0.73
portland-8418150-usa-noaa,43.6581,-70.2442,137.2,20.7,14.3,11.2,0.162,3.668,12.8,36.4,2.42
portland_me-252a-usa-uhslc,43.657,-70.247,137.5,20.7,14.3,11.2,0.161,3.676,12.5,35.8,2.2
portland_victoria-129a-aus-uhslc,-38.343,141.613,12.9,13.9,18.0,13.1,1.163,1.158,10.3,28.1,0.52
portneuf-3300-can-meds,46.68,-71.88,138.1,28.1,18.0,17.4,0.213,4.031,25.7,72.9,2.39
porto_empedocle-por-ita-ispra,37.2858,13.5268,4.6,3.3,1.7,1.2,0.361,0.218,6.8,14.4,1.28
porto_torres-por-ita-ispra,40.8422,8.4039,7.2,2.8,3.6,1.6,0.516,0.306,6.2,17.2,0.35
portpatrick-por-gbr-bodc,54.8426,-5.12,132.0,36.8,11.2,9.8,0.124,3.796,16.9,49.1,1.46
portpatrick-por-gbr-cmems,54.8424,-5.1189,133.1,37.1,11.2,9.9,0.124,3.824,16.8,49.5,1.44
portrush-por-gbr-cmems,55.2,-6.6667,53.3,23.4,9.5,8.5,0.234,1.893,16.1,43.5,7.51
portrush-pru-gbr-bodc,55.2068,-6.6568,53.3,23.4,9.5,8.6,0.236,1.896,14.9,42.3,1.1
portsmouth-por-gbr-cmems,50.8004,-1.1102,139.1,42.8,8.6,2.6,0.062,3.862,14.8,39.9,1.92
portsmouth-ptm-gbr-bodc,50.8022,-1.1113,139.2,42.8,8.7,2.7,0.062,3.868,14.4,40.1,1.23
portsmouth-ptm-gbr-da_idh,50.8022,-1.1113,141.7,44.0,8.8,2.7,0.062,3.947,14.1,37.4,0.95
porttudy_60minute-por-fra-cmems,47.6443,-3.446,149.6,54.2,6.1,6.3,0.061,4.325,11.2,31.4,0.84
portvendres_60minute-por-fra-cmems,42.5201,3.1073,5.8,2.0,3.5,2.2,0.722,0.27,7.7,22.3,0.59
prescott_ontario-14500-can-meds,44.71,-75.52,0.8,0.1,0.2,0.3,0.498,0.028,6.2,18.2,0.66
prince_rupert-540a-can-uhslc,54.317,-130.323,194.8,64.7,51.2,31.1,0.317,6.834,12.9,35.2,1.5
prince_rupert_bc-9354-can-meds,54.32,-130.32,194.7,64.6,51.1,31.0,0.317,6.829,12.8,35.1,0.94
progreso-402-mex-unam,21.3033,-89.6667,5.6,1.5,17.0,16.3,4.737,0.806,9.1,24.3,1.52
providence-8454000-usa-noaa,41.8071,-71.4012,59.6,12.6,6.6,5.0,0.16,1.676,13.4,37.7,2.38
prudhoe_bay-9497645-usa-noaa,70.4114,-148.5317,6.3,2.9,2.4,3.4,0.628,0.298,14.0,37.4,1.11
prudhoe_bay_ak-579a-usa-uhslc,70.4,-148.527,6.2,2.8,2.3,3.3,0.615,0.292,13.9,37.2,1.11
pt_la_rue-121a-syc-uhslc,-4.672,55.528,39.6,17.6,18.3,10.3,0.499,1.716,3.1,7.3,0.15
puerto_angel-672a-mex-uhslc,15.657,-96.493,41.5,6.3,9.8,7.2,0.356,1.297,8.0,19.0,0.78
puerto_armuelles-304b-pan-uhslc,8.273,-82.86,110.1,28.7,11.4,3.5,0.107,3.072,9.6,24.1,2.81
puerto_cortes-780a-hnd-uhslc,15.833,-87.95,6.1,2.3,3.0,2.5,0.647,0.277,3.7,9.1,0.27
puerto_montt-684a-chl-uhslc,-41.485,-72.962,188.2,79.1,23.2,15.5,0.145,6.122,12.3,32.5,0.88
puerto_princesa-380a-phl-uhslc,9.75,118.733,29.4,16.2,34.5,30.0,1.412,2.202,5.7,14.3,0.46
pulpit_harbor-8414888-usa-da_sat,44.1565,-68.8862,147.2,23.3,14.1,11.1,0.148,3.913,11.9,33.4,0.88
queen_charlotte_city-9850-can-meds,53.25,-132.07,198.4,65.8,51.3,31.6,0.313,6.941,11.2,31.8,1.28
queenscliff-60732-aus-bom,-38.2728,144.6626,26.3,7.4,11.3,8.4,0.585,1.068,11.8,33.2,0.69
quepos-087a-cri-uhslc,9.4,-84.167,98.8,23.6,10.5,3.6,0.115,2.73,5.6,13.7,1.22
quonset_point-8454049-usa-noaa,41.5869,-71.41,53.5,11.4,6.3,4.9,0.173,1.522,11.8,34.9,1.21
raahe-raa-fin-cmems,64.6659,24.4071,0.1,0.1,1.4,0.9,14.685,0.051,15.9,42.6,1.06
raahe_lapaluoto-100540-fin-fmi,64.67,24.41,0.1,0.0,1.4,1.0,16.447,0.05,15.9,42.6,1.06
rabaul-010a-png-uhslc,-4.2,152.175,3.6,8.8,24.3,12.6,2.971,0.985,3.2,7.9,0.22
rak_noord-raknd-nld-rws,51.695,4.4216,13.1,2.8,1.7,2.5,0.263,0.401,16.0,49.7,1.33
rak_zuid-rakzd-nld-rws,51.6824,4.3974,0.7,0.2,0.0,0.1,0.098,0.018,22.9,83.4,2.84
rarotonga-023a-cok-uhslc,-21.207,-159.775,27.1,7.1,2.8,2.6,0.157,0.79,4.0,10.5,1.15
rarotonga-023b-cok-uhslc,-21.2,-159.787,26.9,7.0,2.6,2.6,0.154,0.783,3.2,8.1,0.42
rarotonga_avarua_harbour-65980-cok-bom,-21.2048,-159.7848,26.9,7.0,2.6,2.6,0.154,0.782,3.2,8.1,0.42
ratan-2056-swe-smhi,63.9861,20.895,0.3,0.2,0.9,0.5,3.093,0.039,12.7,32.7,0.91
ratan-rat-swe-cmems,63.9861,20.895,0.3,0.2,0.9,0.5,3.018,0.039,12.8,32.8,0.91
rauma-rau-fin-cmems,61.1335,21.4258,0.6,0.3,0.4,0.4,0.887,0.035,9.8,25.3,0.82
rauma_ulko_petajas-134224-fin-fmi,61.13,21.43,0.7,0.3,0.5,0.4,0.902,0.036,9.8,25.4,0.82
ravenna-rav-ita-ispra,44.4921,12.2829,16.8,9.9,16.1,5.1,0.793,0.958,11.2,34.2,1.3
rechtenfleth-4108-deu-wsv,53.3812,8.5006,171.8,42.9,7.2,9.1,0.076,4.62,33.0,100.6,3.95
red_dog_dock-9491094-usa-noaa,67.5758,-164.0644,8.1,1.5,2.2,0.9,0.324,0.257,25.2,64.7,1.72
redwood_city-9414523-usa-noaa,37.5067,-122.21,88.6,20.2,40.6,24.0,0.593,3.466,6.6,18.6,0.69
reedy_point-8551910-usa-noaa,39.5583,-75.5733,76.0,9.9,8.9,6.8,0.182,2.031,17.7,45.2,1.59
reggio_calabria-reg-ita-ispra,38.1217,15.6489,6.2,3.1,1.4,1.0,0.259,0.232,5.5,14.0,0.59
repentigny-15668-can-meds,45.74,-73.44,0.3,0.1,0.3,0.4,1.369,0.022,20.7,71.9,1.39
resolute-5560-can-meds,74.66,-94.88,45.1,18.2,19.4,11.0,0.481,1.874,9.8,25.0,0.74
reunion-164a-fra-uhslc,-20.935,55.285,17.4,9.5,5.4,3.4,0.327,0.714,4.2,10.5,0.46
reykjavik-288a-isl-uhslc,64.15,-21.933,132.2,51.6,11.0,6.9,0.098,4.035,13.3,34.8,0.93
richards_bay-188a-zaf-uhslc,-28.8,32.083,59.9,33.9,4.9,1.7,0.07,2.007,9.8,23.4,1.67
richmond-9414863-usa-noaa,37.923,-122.4096,60.6,13.7,36.5,22.2,0.789,2.658,6.4,20.4,0.59
rikitea-016a-fra-uhslc,-23.125,-134.953,26.4,9.2,2.4,1.8,0.118,0.795,3.1,8.2,0.19
rimouski-2985-can-meds,48.48,-68.51,126.2,40.1,23.4,21.3,0.269,4.223,15.6,41.3,1.31
ringhals-2105-swe-smhi,57.2497,12.1125,4.5,1.0,0.5,2.1,0.466,0.161,14.7,43.7,1.21
ringhals-rin-swe-cmems,57.2497,12.1125,4.8,1.0,0.4,2.2,0.444,0.168,14.8,44.0,1.25
riviere_au_renard-2330-can-meds,49.0,-64.38,49.7,14.2,18.9,17.8,0.575,2.013,13.3,36.5,1.36
roaring_river-ror-usa-cdwr,38.0931,-121.8875,46.3,9.6,26.1,14.9,0.734,1.94,14.1,35.7,2.22
robbensudsteert-4110-deu-wsv,53.6392,8.4452,157.8,40.6,7.4,9.4,0.085,4.304,32.7,102.3,3.53
rochester_ny-9052058-usa-noaa,43.269,-77.6257,0.1,0.1,0.0,0.0,0.367,0.005,2.7,6.5,0.3
rock_cut_mi-9076024-usa-noaa,46.2648,-84.1912,1.9,0.5,0.2,0.3,0.242,0.059,6.2,15.6,0.53
rock_slough_ab_contra_costa_canal-rsl-usa-cdwr,37.9763,-121.6376,27.7,4.6,19.8,11.3,0.963,1.267,9.0,24.8,1.33
rockport-8774770-usa-noaa,28.0217,-97.0467,0.7,0.2,2.9,3.1,6.632,0.14,8.7,22.5,1.33
rockport_tx-769a-usa-uhslc,28.022,-97.047,0.7,0.2,2.9,3.1,6.512,0.139,8.7,22.4,1.32
rodby-rod-dnk-cmems,54.65,11.35,3.5,0.3,1.9,1.7,0.957,0.15,19.6,50.9,1.45
rodrigues-105a-mus-uhslc,-19.668,63.418,39.5,24.8,5.4,3.6,0.14,1.465,3.9,9.4,0.72
rodvig-rod-dnk-cmems,55.2542,12.3728,1.9,1.1,1.6,1.5,1.052,0.122,17.5,45.0,1.43
ronne-ron-dnk-cmems,55.1,14.6833,0.0,0.2,1.1,1.2,11.303,0.049,13.9,36.6,1.26
roompot_binnen-roompbnn-nld-rws,51.6191,3.6864,116.2,28.5,6.6,9.7,0.113,3.222,22.3,71.2,2.31
roompot_buiten-roompbtn-nld-rws,51.6196,3.6821,132.9,34.8,7.1,10.5,0.105,3.706,23.7,74.9,2.61
rorvik-803a-nor-uhslc,64.867,11.25,81.6,28.1,7.6,4.8,0.113,2.444,12.8,36.0,1.02
rorvik-rvk-nor-nhs,64.8595,11.2301,79.2,27.3,7.4,4.7,0.113,2.372,13.8,38.2,1.02
roscoff-54-fra-refmar,48.7184,-3.9657,269.2,100.2,8.3,7.3,0.042,7.7,12.3,33.0,0.88
roscoff_60minute-ros-fra-cmems,48.7184,-3.9659,269.2,100.2,8.3,7.3,0.042,7.701,12.3,33.1,0.88
rosslyn_bay-330a-aus-uhslc,-23.162,150.79,131.2,49.4,30.3,15.8,0.255,4.536,8.1,21.6,0.62
rosslyn_bay-59670-aus-bom,-23.1667,150.7917,131.1,49.4,30.3,15.8,0.256,4.532,8.1,21.7,0.66
rossport_ontario-10220-can-meds,48.83,-87.52,0.3,0.1,0.1,0.1,0.438,0.012,2.9,7.6,0.94
rothera-832a-gbr-uhslc,-67.567,-68.133,12.1,18.7,30.3,24.4,1.78,1.709,11.5,27.5,0.68
rothera-rot-gbr-noc,-67.5713,-68.1298,11.9,18.5,30.2,24.4,1.795,1.699,11.5,27.5,0.49
rotterdam-rottdm-nld-rws,51.92,4.4998,71.0,16.6,6.7,9.1,0.179,2.066,22.2,69.8,2.2
rough_and_ready_island-rri-usa-cdwr,37.963,-121.365,34.8,5.9,20.8,11.5,0.793,1.46,12.6,30.8,2.5
rumoiko-0132-jpn-jodc_pahb,43.9505,141.635,4.5,2.1,5.2,5.1,1.548,0.339,8.5,23.7,0.62
rustico-1915-can-meds,46.47,-63.28,15.1,4.1,16.8,16.2,1.71,1.044,14.3,42.6,1.28
sabine_pass_n_tx-766a-usa-uhslc,29.73,-93.87,11.1,3.4,12.4,11.6,1.648,0.77,12.8,30.9,3.46
sabine_pass_north-8770570-usa-noaa,29.7284,-93.8701,11.1,3.5,12.4,11.6,1.644,0.772,12.8,31.0,3.11
sacramento_r_at_snodgrass-sgx-usa-cdwr,38.3497,-121.5336,17.0,2.7,13.2,7.0,1.022,0.799,27.2,104.6,2.31
sacramento_river_at_bryte-bry-usa-cdwr,38.602,-121.533,7.7,1.3,7.7,4.7,1.384,0.428,45.4,164.1,3.39
sacramento_river_at_freeport-fpt-usa-cdwr,38.45,-121.5,14.5,2.1,11.4,6.3,1.066,0.684,36.0,136.6,2.98
sacramento_river_at_i_street_bridge-ist-usa-cdwr,38.5887,-121.505,8.9,1.4,8.1,4.7,1.25,0.461,46.8,176.3,3.53
sacramento_river_at_mallard_island-mal-usa-cdwr,38.0428,-121.9201,43.5,8.8,25.6,14.9,0.775,1.858,10.4,27.2,1.67
sacramento_river_at_rio_vista_bridge-rvb-usa-cdwr,38.1597,-121.6864,35.8,6.5,22.5,12.4,0.825,1.543,11.6,30.3,1.9
sacramento_river_at_verona-von-usa-cdwr,38.7742,-121.5981,0.8,0.2,1.2,0.5,1.771,0.053,50.1,199.5,4.15
sacramento_river_below_georgiana_slough-ges-usa-cdwr,38.2389,-121.5234,21.0,3.3,15.0,7.9,0.942,0.944,15.8,59.1,1.51
sado-ma79-jpn-jodc_jma,38.3186,138.5172,5.5,2.0,5.4,5.5,1.456,0.367,7.0,18.5,0.35
sagunto-sag-esp-cmems,39.634,-0.206,1.9,0.5,3.8,2.5,2.704,0.172,6.4,18.5,0.49
saigo-ma54-jpn-jodc_jma,36.2014,133.3311,5.7,2.0,5.0,5.6,1.384,0.364,6.8,17.1,0.41
sainildas_60minute-sai-fra-cmems,47.1404,-2.2464,169.7,61.5,6.2,6.8,0.056,4.886,12.9,36.6,1.24
saint_francois_io-3100-can-meds,47.0,-70.81,201.5,48.3,24.9,23.1,0.192,5.955,25.6,74.2,2.83
saint_gildas-36-fra-refmar,47.1404,-2.2464,169.7,61.5,6.2,6.8,0.056,4.886,12.9,36.7,1.24
saint_jean_de_luz_socoa-95-fra-refmar,43.3952,-1.6816,132.9,46.3,6.2,7.1,0.074,3.851,8.6,23.7,0.65
saint_john-65-can-meds,45.25,-66.06,298.4,46.4,15.3,11.6,0.078,7.435,16.9,41.3,2.66
saint_joseph_de_la_rive-3057-can-meds,47.45,-70.37,200.4,57.6,26.2,23.8,0.194,6.16,21.9,61.0,1.93
saint_malo-410-fra-refmar,48.6408,-2.0281,367.1,143.1,9.5,8.1,0.035,10.556,16.6,42.6,1.16
saint_nazaire-37-fra-refmar,47.2669,-2.2016,175.3,62.7,6.4,6.9,0.056,5.026,14.2,41.6,1.67
sainte_anne_de_bellevue-16005-can-meds,45.4,-73.96,0.0,0.2,0.2,0.0,0.784,0.01,13.8,44.6,1.06
sainte_anne_des_monts-2935-can-meds,49.13,-66.49,92.2,28.5,21.2,19.9,0.341,3.236,17.3,47.9,1.59
saintmalo_60minute-sai-fra-cmems,48.6411,-2.0276,367.1,143.1,9.5,8.2,0.035,10.558,16.6,42.5,1.16
saintnazaire_60minute-sai-fra-cmems,47.27,-2.2,175.3,62.7,6.4,6.9,0.056,5.026,14.0,40.9,1.67
saipan-028b-usa-uhslc,15.227,145.742,19.4,4.9,16.0,11.2,1.121,1.033,3.9,9.8,1.13
sakai-ma53-jpn-jodc_jma,35.5478,133.2431,5.5,2.0,4.9,4.6,1.261,0.34,8.0,20.6,0.52
sakatako-0102-jpn-jodc_pahb,38.9175,139.8236,5.1,2.0,5.3,5.2,1.493,0.35,9.0,24.3,0.9
salalah-114a-omn-uhslc,16.935,54.007,31.2,12.3,36.3,18.6,1.26,1.97,3.8,9.2,0.51
saldahna_bay-703a-zaf-uhslc,-33.017,17.95,50.9,22.1,5.8,1.6,0.1,1.608,9.8,23.4,1.01
salerno-sal-ita-ispra,40.6766,14.7508,11.6,4.3,2.8,0.9,0.229,0.391,5.4,15.5,0.44
salina_cruz-394-mex-unam,16.3183,-95.1967,46.9,7.9,10.2,6.9,0.311,1.437,8.7,19.7,1.11
salina_cruz-394a-mex-uhslc,16.16,-95.203,47.6,8.0,10.3,6.9,0.309,1.456,8.7,19.7,1.11
salvador-708b-bra-uhslc,-12.973,-38.517,79.1,31.1,3.9,6.4,0.094,2.411,3.8,9.7,0.19
san_andres-737a-col-uhslc,12.57,-81.702,7.0,1.4,9.3,5.2,1.743,0.459,5.3,14.1,0.49
san_carlos-674a-mex-uhslc,24.79,-112.12,55.9,30.9,27.0,17.9,0.518,2.635,8.5,24.1,0.91
san_diego-9410170-usa-noaa,32.7142,-117.1736,54.3,22.4,33.7,21.4,0.719,2.637,4.9,12.5,0.71
san_diego_ca-569a-usa-uhslc,32.713,-117.173,54.3,22.5,33.8,21.5,0.72,2.642,4.8,12.4,0.71
san_felix-035a-chl-uhslc,-26.292,-80.108,26.6,7.0,14.5,8.8,0.693,1.137,4.2,10.4,0.56
san_francisco-9414290-usa-noaa,37.8063,-122.4659,57.4,13.6,36.8,22.9,0.841,2.614,6.6,19.7,0.87
san_francisco_ca-551a-usa-uhslc,37.807,-122.465,57.4,13.6,36.9,22.9,0.843,2.615,6.5,19.5,0.87
san_joaquin_r_at_brandt_bridge-bdt-usa-cdwr,37.865,-121.3231,24.7,4.1,15.5,8.4,0.832,1.054,11.2,34.8,0.86
san_joaquin_r_at_prisoners_pt_near_termino-pri-usa-cdwr,38.0594,-121.5572,29.5,5.0,20.0,11.1,0.902,1.312,8.9,24.1,1.57
san_joaquin_r_at_rindge_pump-rgp-usa-cdwr,37.9973,-121.4194,33.7,5.7,20.6,11.5,0.816,1.432,9.5,26.8,1.23
san_joaquin_river_at_antioch-anh-usa-cdwr,38.0178,-121.803,37.4,7.3,23.4,13.3,0.819,1.627,8.6,25.0,1.19
san_joaquin_river_at_garwood_bridge-sjg-usa-cdwr,37.935,-121.329,32.1,5.4,19.3,10.6,0.797,1.348,9.8,27.8,0.73
san_joaquin_river_at_jersey_point-sjj-usa-cdwr,38.052,-121.689,29.5,5.4,20.8,11.8,0.933,1.35,8.2,23.0,0.67
san_joaquin_river_at_venice_island-vni-usa-cdwr,38.0502,-121.4967,31.1,5.3,20.3,11.4,0.871,1.36,8.6,24.8,1.2
san_jose-675a-gtm-uhslc,13.917,-90.833,72.4,14.1,9.8,5.6,0.178,2.038,5.6,13.8,0.55
san_juan-096a-per-uhslc,-15.367,-75.2,25.7,6.9,15.5,8.2,0.726,1.125,6.9,18.9,0.77
san_juan-9755371-usa-noaa,18.4592,-66.1164,15.3,2.2,8.6,7.6,0.926,0.675,3.2,7.8,0.43
san_juan_pr-245a-usa-uhslc,18.46,-66.117,15.3,2.1,8.6,7.5,0.926,0.671,3.2,7.7,0.43
sand_island-1619910-usa-noaa,28.2117,-177.36,11.8,2.1,7.5,5.5,0.934,0.537,5.8,19.8,1.04
sand_point-9459450-usa-noaa,55.3317,-160.5043,73.3,24.5,41.5,26.7,0.697,3.318,13.7,36.6,0.78
sand_point_ak-574a-usa-uhslc,55.337,-160.502,73.2,24.5,41.6,26.7,0.699,3.319,13.7,36.4,0.8
sandakan-389a-mys-uhslc,5.81,118.067,41.2,23.0,35.9,32.2,1.061,2.646,5.7,11.1,1.41
sandown_pier-sdp-gbr-cco,50.6511,-1.1532,123.6,37.8,8.6,2.7,0.07,3.455,12.2,33.6,0.9
sandy_hook-8531680-usa-noaa,40.4669,-74.0094,67.9,13.0,10.2,5.2,0.19,1.926,16.0,46.0,2.43
sanfrancisco_fort_point-9414920-usa-da_sat,37.8091,-122.4704,52.4,12.1,37.4,23.8,0.95,2.515,6.4,18.9,0.53
santa_barbara-9411340-usa-noaa,34.4031,-119.6928,49.6,17.7,35.3,22.3,0.857,2.499,4.6,12.3,0.52
santa_barbara_ca-577a-usa-uhslc,34.408,-119.685,49.6,17.7,35.3,22.4,0.857,2.501,4.6,12.2,0.52
santa_cruz-030a-ecu-uhslc,-0.755,-90.313,64.7,19.0,9.0,1.6,0.127,1.886,3.0,7.2,0.2
santa_monica-9410840-usa-noaa,34.0083,-118.5,50.6,20.1,34.2,21.8,0.792,2.534,4.6,12.7,0.58
santa_monica_ca-578a-usa-uhslc,34.008,-118.5,50.7,20.1,34.2,21.8,0.79,2.536,4.7,12.9,0.66
santander-san-esp-cmems,43.461,-3.791,132.0,45.9,6.5,7.0,0.076,3.826,8.7,23.3,0.58
sasebo-hd19-jpn-jodc_jcg,33.1581,129.7239,81.3,36.8,24.4,19.1,0.368,3.232,6.9,18.6,1.56
sassnitz-sas-deu-cmems,54.5108,13.6431,1.0,0.4,0.7,1.3,1.478,0.07,14.7,40.6,1.16
sault_ste_marie_ontario-10980-can-meds,46.51,-84.37,1.6,0.6,0.6,0.5,0.479,0.066,8.9,24.4,0.97
sault_ste_marie_ontario-11010-can-meds,46.51,-84.34,0.8,0.5,0.3,0.3,0.424,0.039,7.1,17.5,0.57
sausalito-9414806-usa-da_sat,37.849,-122.4802,49.1,11.0,35.8,22.2,0.966,2.361,6.5,19.7,0.58
scheveningen-schevngn-nld-rws,52.099,4.2636,73.0,17.5,8.2,11.2,0.214,2.198,24.5,76.7,2.5
schiermonnikoog-schiermnog-nld-rws,53.4689,6.2029,100.5,26.4,7.0,8.6,0.123,2.849,27.7,89.4,2.97
schopfstelle_pegel_hpa-3343-deu-wsv,53.5084,10.0616,158.2,36.0,7.3,9.0,0.084,4.211,39.2,116.8,4.72
schulau-96-deu-wsv,53.5685,9.7033,143.5,32.5,7.3,9.0,0.092,3.845,37.2,112.4,4.48
scott_base-663a-nzl-uhslc,-77.85,166.767,3.7,3.6,24.4,22.7,6.444,1.088,8.4,21.3,0.57
scruz_d_palma-206b-esp-uhslc,28.683,-17.75,64.8,25.4,5.8,4.7,0.116,2.013,5.3,14.8,0.82
seattle-9447130-usa-noaa,47.6019,-122.3392,106.7,26.7,83.0,45.9,0.966,5.249,10.6,30.6,1.14
seavey_island-8419870-usa-noaa,43.0797,-70.7411,121.5,17.8,13.3,10.7,0.172,3.265,12.0,34.5,1.66
sedili-324a-mys-uhslc,1.932,104.115,54.9,16.1,34.8,30.5,0.92,2.725,8.6,23.6,0.75
seemannshoft_pegel_hpa-3345-deu-wsv,53.5401,9.8808,156.7,35.8,7.4,9.2,0.086,4.181,38.1,116.4,4.66
seldovia-9455500-usa-noaa,59.4405,-151.7199,222.4,83.2,55.9,34.3,0.295,7.915,13.7,36.2,1.51
seldovia_ak-561a-usa-uhslc,59.44,-151.72,222.6,83.3,56.1,34.4,0.296,7.926,13.8,36.4,1.53
sendaiko-0112-jpn-jodc_pahb,38.2728,141.0039,33.2,15.4,24.3,19.5,0.901,1.847,8.3,21.4,1.16
sept_iles-2780-can-meds,50.19,-66.38,90.6,27.7,21.1,19.6,0.343,3.178,15.0,41.4,1.33
settlement_point-257a-bhs-uhslc,26.71,-78.997,40.1,6.7,6.6,4.5,0.237,1.159,4.5,12.1,0.42
settlement_point-257b-bhs-uhslc,26.69,-78.983,33.6,4.9,6.6,4.9,0.298,1.0,5.2,15.5,1.79
seward-9455090-usa-noaa,60.12,-149.4267,119.8,41.1,46.2,28.8,0.466,4.719,13.3,35.8,0.88
seward_ak-560c-usa-uhslc,60.12,-149.427,119.8,41.1,46.3,28.8,0.466,4.722,13.3,35.8,0.93
sewells_point-8638610-usa-noaa,36.9467,-76.33,35.1,6.3,5.0,4.1,0.221,1.012,14.8,42.1,1.85
sf_mokelumne_river_at_new_hope_bridge-msm-usa-cdwr,38.2253,-121.4908,26.1,4.3,18.1,9.5,0.906,1.161,13.1,41.1,2.68
shanwei-641a-chn-uhslc,22.75,115.35,27.6,10.7,32.4,26.3,1.532,1.941,12.6,34.0,1.11
shediac_bay-1805-can-meds,46.23,-64.55,16.0,4.0,24.9,22.9,2.383,1.356,18.9,56.4,2.27
sheerness-she-gbr-bodc,51.4456,0.7434,200.2,57.3,11.2,12.6,0.093,5.627,23.8,67.4,2.42
sheerness-she-gbr-cmems,51.45,0.75,196.9,56.1,11.6,13.1,0.098,5.553,30.5,76.1,9.1
shibaura-hd07-jpn-jodc_jcg,35.6369,139.7536,48.2,23.8,25.1,19.7,0.622,2.334,8.2,23.6,1.17
shibushiko-0114-jpn-jodc_pahb,31.475,131.1089,55.8,24.4,22.5,17.5,0.499,2.403,7.5,19.2,0.86
shijiusuo-642a-chn-uhslc,35.383,119.55,147.2,43.6,28.2,22.2,0.264,4.822,15.9,40.4,1.17
shimizuminato-ma19-jpn-jodc_jma,35.0117,138.5175,38.8,18.3,21.0,15.5,0.64,1.872,7.3,19.9,0.55
shimokita-ma74-jpn-jodc_jma,41.3647,141.2381,28.6,13.3,19.8,15.1,0.831,1.535,7.0,19.4,0.5
shimonoseki-ma51-jpn-jodc_jma,33.925,130.9278,58.2,26.6,15.1,13.5,0.337,2.269,7.3,19.3,1.21
ship_john_shoal-8537121-usa-noaa,39.305,-75.375,81.1,12.0,10.7,8.3,0.204,2.242,17.6,46.9,1.39
shirahama-ma27-jpn-jodc_jma,33.6836,135.3753,47.5,21.6,21.9,16.9,0.562,2.159,7.5,20.0,0.64
shute_harbour-59410-aus-bom,-20.2833,148.7833,102.2,36.6,36.3,18.0,0.391,3.862,8.4,22.0,1.13
sibolga-122a-idn-uhslc,1.75,98.767,28.3,13.4,10.5,6.3,0.401,1.169,5.9,15.8,0.59
simons_town-221a-zaf-uhslc,-34.183,18.433,51.3,23.1,5.9,1.6,0.101,1.637,8.6,20.7,1.26
simrishamn-2320-swe-smhi,55.5575,14.3578,0.8,0.2,1.3,1.2,2.454,0.071,13.5,35.4,1.02
simrishamn-sim-swe-cmems,55.5575,14.3578,0.8,0.2,1.3,1.2,2.369,0.071,13.6,35.7,1.03
sitka-9451600-usa-noaa,57.0517,-135.342,110.5,35.7,46.3,28.0,0.509,4.409,11.9,32.3,1.4
sitka_ak-559a-usa-uhslc,57.052,-135.342,110.5,35.7,46.3,28.0,0.509,4.41,11.9,32.3,0.79
sjaellandsodde-sja-dnk-cmems,55.975,11.3722,8.6,2.0,0.7,2.7,0.318,0.28,14.9,45.6,1.42
skagen-ska-dnk-cmems,57.7194,10.5858,13.7,3.3,0.3,2.6,0.166,0.397,17.1,49.5,1.35
skagsudde-2321-swe-smhi,63.1906,19.0125,0.3,0.1,0.4,0.4,2.166,0.024,10.1,26.2,0.61
skagsudde-ska-swe-cmems,63.1906,19.0125,0.3,0.1,0.4,0.4,2.139,0.025,10.1,26.2,0.61
skagway-9452400-usa-noaa,59.4508,-135.328,202.4,69.7,52.7,31.6,0.31,7.13,14.6,37.3,1.43
skamokawa-9440569-usa-noaa,46.2703,-123.4565,83.0,19.7,32.0,18.0,0.487,3.054,13.5,40.7,1.41
skanor-30488-swe-smhi,55.4167,12.8294,3.2,1.4,1.8,1.5,0.724,0.158,16.7,41.5,1.36
skanor-ska-swe-cmems,55.4167,12.8294,3.2,1.4,1.7,1.5,0.694,0.158,16.8,41.7,1.4
slipshavn-sli-dnk-cmems,55.2833,10.8333,13.6,3.1,0.9,1.9,0.168,0.391,14.5,42.2,1.2
smogen-2111-swe-smhi,58.3536,11.2178,11.2,2.7,0.2,2.2,0.172,0.324,16.0,46.3,1.34
smogen-smo-swe-cmems,58.3536,11.2178,11.4,2.7,0.2,2.2,0.172,0.331,16.0,46.4,1.34
socoa_60minute-soc-fra-cmems,43.3984,-1.6731,132.9,46.3,6.2,7.1,0.074,3.852,8.6,23.7,0.65
solomons_island-8577330-usa-noaa,38.3172,-76.4508,16.8,2.5,2.7,2.3,0.261,0.486,13.6,34.3,0.83
soma-gs18-jpn-jodc_giaj,37.8306,140.9617,33.1,15.4,24.4,19.6,0.907,1.85,7.2,20.0,0.79
sorel-15930-can-meds,46.05,-73.12,1.4,0.4,0.8,0.9,0.941,0.071,18.0,56.9,1.17
south_beach-9435380-usa-noaa,44.6254,-124.0449,88.5,24.1,43.2,26.3,0.618,3.642,11.1,33.2,1.58
south_beach_or-592a-usa-uhslc,44.625,-124.043,88.6,24.1,43.3,26.4,0.618,3.646,11.2,33.4,1.58
south_pass-8760551-usa-noaa,28.99,-89.14,1.7,1.0,13.8,13.4,9.846,0.598,7.7,21.8,0.69
south_trees-h052026a-aus-bom,-23.85,151.3,114.7,41.2,26.5,13.7,0.258,3.924,7.8,20.5,0.92
southbank_riverwalk-8720226-usa-noaa,30.3205,-81.6591,27.3,3.6,2.8,2.1,0.158,0.716,9.6,25.0,1.54
southport_north_carolina-8659084-usa-da_sat,33.915,-78.0183,59.6,10.2,8.9,6.8,0.225,1.709,9.7,24.8,0.81
spijkenisse-spijknse-nld-rws,51.8617,4.334,65.7,15.5,6.3,8.5,0.182,1.92,20.9,66.0,2.02
spikarna-2061-swe-smhi,62.3633,17.5311,0.5,0.3,0.6,0.6,1.416,0.039,10.1,25.3,0.78
spikarna-spi-swe-cmems,62.3633,17.5311,0.5,0.3,0.6,0.6,1.422,0.039,10.1,25.4,0.78
spodsbjerg-spo-dnk-cmems,54.9333,10.8333,7.9,2.1,1.7,1.5,0.316,0.263,15.8,46.6,1.47
spring_bay-335a-aus-uhslc,-42.547,147.932,29.1,3.1,13.7,9.4,0.72,1.106,10.1,25.1,0.46
spring_bay-61170-aus-bom,-42.5486,147.9283,29.1,3.1,13.7,9.4,0.719,1.105,10.2,25.3,0.45
springmaid_pier-8661070-usa-noaa,33.655,-78.9183,73.0,12.4,10.2,7.5,0.207,2.062,12.6,31.5,1.08
st_clair_shores_mi-9034052-usa-noaa,42.4732,-82.8792,0.1,0.0,0.1,0.0,0.853,0.006,4.8,13.6,0.4
st_clair_state_police_mi-9014080-usa-noaa,42.8122,-82.4856,0.4,0.3,0.1,0.1,0.231,0.016,6.0,20.7,0.68
st_helens-9439201-usa-noaa,45.8633,-122.7962,26.0,5.7,12.7,6.3,0.601,1.014,26.1,87.8,2.33
st_helier_jersey-jer-gbr-bodc,49.1833,-2.1167,330.5,128.6,9.4,7.8,0.038,9.526,16.0,42.6,1.19
st_johns-276a-can-uhslc,47.567,-52.7,35.2,14.4,7.8,7.1,0.299,1.291,12.9,34.8,0.91
st_johns-276b-can-uhslc,47.567,-52.7,35.2,14.5,7.8,7.0,0.298,1.289,13.2,35.1,0.83
st_johns-905-can-meds,47.57,-52.72,35.2,14.4,7.8,7.1,0.3,1.291,13.2,35.2,0.95
st_lambert_amont-15505-can-meds,45.49,-73.52,0.0,0.1,0.1,0.1,2.006,0.006,17.2,61.1,1.24
st_lambert_aval-15507-can-meds,45.5,-73.52,0.2,0.1,0.2,0.4,1.981,0.017,22.1,77.1,1.76
st_petersburg-8726520-usa-noaa,27.7606,-82.6269,17.2,5.3,15.9,14.7,1.357,1.061,10.9,28.4,1.1
st_petersburg_fl-759a-usa-uhslc,27.76,-82.627,17.0,5.3,15.8,14.8,1.365,1.058,10.9,28.5,1.1
stadersand-98-deu-wsv,53.6296,9.5267,131.3,29.6,7.3,9.0,0.101,3.543,36.5,111.4,4.21
stanley-sta-gbr-noc,-51.6924,-57.8205,43.4,15.2,12.4,14.6,0.462,1.712,10.1,23.6,0.44
stavanger-svg-nor-nhs,58.9743,5.7301,15.8,7.0,1.7,1.7,0.147,0.522,12.0,33.3,0.95
stavenisse-stavnse-nld-rws,51.5954,4.006,132.3,32.8,6.9,10.0,0.102,3.638,24.7,77.9,2.39
steamboat_slough_btw_sac_r_and_sutter_sl-sss-usa-cdwr,38.285,-121.587,20.2,3.3,14.6,7.7,0.949,0.915,19.9,73.5,1.8
stenungsund-2110-swe-smhi,58.0933,11.8325,11.3,2.7,0.4,2.0,0.167,0.326,17.5,51.4,1.5
stenungsund-ste-swe-cmems,58.0933,11.8325,11.4,2.8,0.4,2.0,0.167,0.331,17.5,51.3,1.52
steveston_bc-7607-can-meds,49.13,-123.18,86.7,21.6,82.4,45.5,1.181,4.724,12.4,36.3,0.85
sthelier-sth-gbr-cmems,49.1833,-2.1167,332.7,129.7,9.4,7.9,0.037,9.593,15.9,42.0,1.19
stmarys-stm-gbr-cmems,49.9179,-6.3156,173.1,59.4,5.6,4.9,0.045,4.859,15.6,30.6,6.67
stockholm-2069-swe-smhi,59.3242,18.0817,1.0,0.4,0.7,0.5,0.9,0.052,8.5,21.7,0.67
stockholm-826a-swe-uhslc,59.325,18.082,1.0,0.3,0.7,0.5,0.964,0.052,8.6,21.8,0.67
stockholm-sto-swe-cmems,59.3242,18.0817,1.0,0.3,0.7,0.5,0.899,0.052,8.5,21.7,0.67
stockton_california-9414883-usa-da_sat,37.9583,-121.29,36.8,6.2,21.6,11.7,0.774,1.527,10.9,31.2,1.2
stor_sperrwerk_bp-99-deu-wsv,53.8261,9.4014,117.0,26.5,6.9,8.8,0.109,3.183,35.0,102.5,3.06
stornoway-295a-gbr-uhslc,58.208,-6.388,138.7,54.4,13.2,9.3,0.116,4.313,14.6,40.1,0.88
stornoway-sto-gbr-bodc,58.2077,-6.3889,137.8,54.0,13.2,9.3,0.117,4.287,15.1,41.4,1.01
stornoway-sto-gbr-cmems,58.2167,-6.3833,138.5,54.3,13.3,9.3,0.117,4.308,14.8,41.0,0.89
stpetersburg-stp-rus-cmems,59.9333,30.2667,1.9,1.0,2.9,2.9,2.007,0.173,19.8,57.5,1.73
streefkerk-streefkk-nld-rws,51.9076,4.7513,50.2,11.5,3.8,5.9,0.157,1.428,20.9,65.8,1.68
sturgeon_bay_canal_wi-9087072-usa-noaa,44.7956,-87.3143,0.8,0.3,0.1,0.0,0.096,0.024,5.0,14.1,0.45
sturgeon_point_ny-9063028-usa-noaa,42.6913,-79.0473,1.4,0.5,0.7,0.3,0.578,0.059,13.4,48.3,2.01
summerstown_ontario-14940-can-meds,45.06,-74.55,0.1,0.2,0.1,0.0,0.445,0.008,4.4,12.2,0.34
sumoto-ma32-jpn-jodc_jma,34.3467,134.9011,28.9,16.3,23.4,17.8,0.91,1.727,8.0,21.6,0.83
sunrise_club-snc-usa-cdwr,38.185,-122.083,50.2,9.6,26.7,15.1,0.7,2.032,14.2,38.2,2.12
surabaya-160a-idn-uhslc,-7.208,112.725,33.9,20.9,46.4,26.0,1.322,2.546,9.8,23.1,1.5
susa-gs16-jpn-jodc_giaj,34.6275,131.6047,12.2,6.2,9.2,10.6,1.074,0.765,7.2,19.4,0.58
sutter_slough_at_courtland-sut-usa-cdwr,38.3286,-121.5772,17.2,2.6,13.0,6.8,1.0,0.794,21.4,77.5,2.03
suva-018a-fji-uhslc,-18.132,178.427,56.6,9.1,9.4,4.7,0.214,1.596,4.3,11.7,0.46
suva-018b-fji-uhslc,-18.133,178.428,56.0,9.4,9.5,4.6,0.216,1.591,3.8,9.9,0.38
suva-67050-fji-bom,-18.1342,178.4236,56.3,9.3,9.5,4.6,0.216,1.596,3.9,10.0,0.38
sw_pier_st_marys_river_mi-9076070-usa-noaa,46.5011,-84.3726,1.6,0.6,0.7,0.4,0.493,0.066,9.0,24.6,0.96
sydney_fort_denison-60370-aus-bom,-33.8547,151.2258,50.0,12.3,14.8,9.7,0.393,1.735,7.3,18.5,0.52
sydney_port_jackson-213470-aus-bom,-33.8254,151.2585,48.8,12.0,14.8,9.7,0.403,1.703,7.0,18.0,0.39
syowa_antarctica-127a-ata-uhslc,-69.0,39.6,25.0,20.2,22.3,24.6,1.04,1.841,8.9,24.0,0.57
syowa_station_antarctica-hd50-ata-jodc_jcg,-69.0078,39.5703,25.1,20.2,22.2,24.5,1.032,1.84,9.4,24.9,0.95
tacoma-9446484-usa-noaa,47.27,-122.413,113.2,28.1,83.5,46.3,0.919,5.422,10.2,30.1,0.79
tago-gs22-jpn-jodc_giaj,34.8072,138.7639,40.1,18.9,20.9,16.1,0.628,1.92,7.3,19.7,0.6
tajiri-gs10-jpn-jodc_giaj,35.5936,134.3161,6.0,2.2,5.1,5.2,1.261,0.371,8.7,22.2,0.51
takamatsu-ma35-jpn-jodc_jma,34.3514,134.057,66.6,20.8,30.8,22.7,0.612,2.819,8.2,22.1,0.97
talara-092a-per-uhslc,-4.582,-81.282,58.0,18.3,11.7,3.9,0.204,1.837,4.1,10.4,0.45
talara-092b-per-uhslc,-4.582,-81.282,57.3,18.2,11.7,3.8,0.205,1.82,6.5,18.3,0.76
tallinn-tal-est-cmems,59.4444,24.7637,0.7,0.3,1.4,1.7,3.061,0.083,11.9,30.6,0.67
tampico_madero-406-mex-unam,22.2617,-97.795,7.0,2.2,12.8,12.8,2.783,0.696,6.8,17.3,1.14
tanegashima-ma75-jpn-jodc_jma,30.4636,130.9644,55.2,23.9,21.7,16.5,0.482,2.347,6.2,16.0,1.16
tanjong_pagar-699a-sgp-uhslc,1.262,103.853,79.5,32.1,30.6,30.0,0.542,3.445,7.8,21.0,0.6
tannowa-ma29-jpn-jodc_jma,34.3389,135.1781,31.8,17.4,25.3,19.1,0.904,1.874,8.1,22.0,0.93
tappi-hd27-jpn-jodc_jcg,41.2425,140.3814,13.0,6.1,6.1,5.0,0.581,0.602,7.9,22.2,0.67
taranaki-076a-nzl-uhslc,-39.05,174.033,118.4,33.3,6.1,1.4,0.049,3.185,11.3,30.1,0.83
taranto-tar-ita-ispra,40.4756,17.2238,6.5,3.4,2.0,0.9,0.292,0.257,6.4,17.2,0.88
tarawa_betio-002d-kir-uhslc,1.363,172.93,59.2,30.9,9.5,6.0,0.173,2.113,4.0,10.2,0.29
tarawa_betio-67590-kir-bom,1.3651,172.933,59.2,30.8,9.5,6.0,0.173,2.112,4.0,10.2,0.29
tarifa-tari-esp-ieo,36.0086,-5.6026,41.0,15.5,2.6,0.5,0.055,1.191,7.1,18.8,0.88
tauranga-073a-nzl-uhslc,-37.65,176.183,70.3,8.8,5.4,1.3,0.084,1.716,7.1,19.8,0.6
tawau-385a-mys-uhslc,4.233,117.883,86.2,52.4,21.1,15.9,0.267,3.512,5.9,14.4,0.82
tecumseh_ontario-11975-can-meds,42.34,-82.93,0.1,0.0,0.1,0.1,1.268,0.006,5.3,14.6,0.39
tejn-tej-dnk-cmems,55.25,14.8333,0.5,0.1,0.8,1.1,3.184,0.05,12.5,33.3,0.95
tenerife-228a-esp-uhslc,28.478,-16.24,70.7,27.1,6.3,4.7,0.112,2.175,3.8,10.3,0.33
tenerife-ten-esp-cmems,28.48,-16.24,70.6,27.1,6.3,4.7,0.112,2.174,3.7,10.1,0.33
tenerife-ten-esp-da_mm,28.48,-16.24,69.6,26.9,6.1,4.6,0.111,2.144,7.8,24.1,4.45
terneuzen-ternzn-nld-rws,51.3362,3.8198,184.1,48.8,6.9,10.3,0.074,5.003,26.3,81.9,2.84
terschelling_noordzee-terslnze-nld-rws,53.4425,5.333,86.7,24.3,7.3,9.2,0.148,2.549,23.1,69.8,2.28
texel_noordzee-texnze-nld-rws,53.1206,4.7332,74.8,21.7,7.6,10.0,0.183,2.282,23.2,69.7,2.19
the_battery-8518750-usa-noaa,40.7006,-74.0142,67.1,12.8,10.1,5.2,0.191,1.903,16.0,45.4,2.59
thessalon_ontario-11070-can-meds,46.25,-83.55,1.7,0.5,0.3,0.2,0.234,0.055,4.8,12.4,0.44
thevenard-128a-aus-uhslc,-32.15,133.64,29.6,37.0,19.5,13.9,0.501,1.998,19.0,58.7,1.58
thevenard-62000-aus-bom,-32.1489,133.6413,29.6,37.0,19.5,13.9,0.501,1.999,19.1,57.4,1.58
three_mile_slough_at_san_joaquin_r-sr3-usa-cdwr,38.0901,-121.6868,28.5,5.2,20.4,11.5,0.947,1.311,9.1,25.7,1.63
threemile_slough_at_san_joaquin_river-tsl-usa-cdwr,38.1033,-121.6861,30.3,5.5,20.9,11.8,0.914,1.37,10.3,27.8,1.49
thunder_bay_ontario-10050-can-meds,48.41,-89.22,0.6,0.3,0.3,0.2,0.498,0.028,3.3,8.6,0.41
thursday_island-58170-aus-bom,-10.5863,142.2216,35.5,36.1,57.6,29.8,1.221,3.178,8.1,21.3,0.86
thursday_island-h057022b-aus-bom,-10.57,142.22,35.1,35.7,57.4,29.7,1.23,3.159,7.4,19.2,0.51
tioman-323a-mys-uhslc,2.807,104.14,59.3,18.4,45.9,34.5,1.033,3.161,8.3,22.5,0.7
toba-ma23-jpn-jodc_jma,34.4853,136.8247,54.4,25.4,23.2,17.3,0.507,2.405,8.0,22.2,1.2
tobermory-tob-gbr-bodc,56.6231,-6.0642,128.8,52.5,6.6,6.2,0.07,3.881,17.0,48.3,1.25
tobermory-tob-gbr-cmems,56.6231,-6.0631,129.7,52.8,6.6,6.1,0.07,3.904,16.3,47.0,1.25
tobermory_ontario-11690-can-meds,45.26,-81.66,0.6,0.2,0.1,0.0,0.198,0.018,4.9,13.4,0.39
tobishima-gs25-jpn-jodc_giaj,39.1855,139.5478,5.2,2.0,5.4,5.4,1.494,0.361,7.2,19.5,0.43
tofino-542a-can-uhslc,49.153,-125.913,98.4,28.3,38.9,24.7,0.501,3.804,11.6,33.9,1.01
tofino_bc-8615-can-meds,49.15,-125.91,98.3,28.2,38.8,24.7,0.502,3.801,11.6,33.8,0.84
tokachiko-0122-jpn-jodc_pahb,42.297,143.3222,29.4,13.6,22.7,18.8,0.967,1.69,7.6,21.6,0.69
tokaikaitei-ma63-jpn-jodc_jma,33.7667,137.5833,37.5,17.2,19.4,14.8,0.624,1.776,3.8,9.8,0.79
toke_point-9440910-usa-noaa,46.7075,-123.9669,97.0,26.3,42.4,25.8,0.553,3.83,15.4,47.2,1.67
tokuyama-hd15-jpn-jodc_jcg,34.0408,131.8028,88.0,37.7,28.4,21.1,0.393,3.502,7.7,20.7,1.55
tokyo-ma15-jpn-jodc_jma,35.6486,139.77,47.7,23.7,25.1,19.6,0.626,2.322,8.8,25.5,1.33
tolchester_beach-8573364-usa-noaa,39.2134,-76.2445,16.5,2.4,6.6,5.5,0.642,0.622,15.6,38.4,1.81
toledo_oh-9063085-usa-noaa,41.6936,-83.4723,2.6,0.6,1.2,0.3,0.498,0.095,18.0,44.1,1.52
tom_paine_slough_abv_the_mouth-tps-usa-cdwr,37.7905,-121.4186,17.2,2.8,14.2,8.6,1.142,0.855,11.2,30.2,0.89
tomakomaihigashiko-0146-jpn-jodc_pahb,42.6058,141.8172,31.0,14.5,23.3,18.3,0.915,1.739,8.1,23.5,0.64
tomakomainishiko-0136-jpn-jodc_pahb,42.6297,141.6211,31.1,14.6,23.4,18.4,0.914,1.75,8.5,24.0,1.04
topolobampo-676a-mex-uhslc,25.6,-109.048,29.4,20.9,25.5,17.3,0.85,1.863,6.3,16.8,0.66
toronto_ontario-13320-can-meds,43.64,-79.38,0.7,0.3,0.3,0.2,0.547,0.031,3.3,8.4,0.29
tosashimizu-ma39-jpn-jodc_jma,32.7792,132.9589,51.3,22.6,22.1,17.1,0.531,2.262,6.8,17.8,0.96
toulon-68-fra-refmar,43.1172,5.9131,6.9,2.7,3.5,1.9,0.562,0.298,6.3,17.7,0.39
toulon_60minute-tou-fra-cmems,43.1228,5.9146,6.9,2.7,3.5,1.9,0.562,0.298,6.3,17.8,0.39
townsville-334a-aus-uhslc,-19.25,146.833,74.9,42.8,34.0,16.4,0.428,3.362,8.7,22.0,2.1
townsville-59250-aus-bom,-19.25,146.8333,74.8,42.8,34.0,16.4,0.428,3.36,9.3,23.6,2.91
toyama-349a-jpn-uhslc,36.767,137.233,5.8,2.1,5.3,5.2,1.342,0.368,6.9,17.4,0.43
toyama-ma56-jpn-jodc_jma,36.7622,137.2247,5.8,2.1,5.3,5.2,1.348,0.368,6.9,17.4,0.43
travemuende-tra-deu-cmems,53.9581,10.8722,6.0,1.2,1.3,1.9,0.453,0.21,19.9,54.7,1.54
travemunde-tra-deu-bfg,53.958,10.8722,6.0,1.3,1.3,1.9,0.449,0.211,20.6,57.2,1.96
tregde-804a-nor-uhslc,58.0,7.567,9.4,2.4,0.4,1.6,0.168,0.275,11.9,33.9,1.04
tregde-trg-nor-nhs,58.0064,7.5548,9.4,2.4,0.5,1.6,0.173,0.277,11.7,33.6,1.05
trident_pier-8721604-usa-noaa,28.4158,-80.5931,49.9,7.9,9.7,7.5,0.297,1.5,9.3,24.4,1.23
trieste-tri-ita-ispra,45.6494,13.7579,26.1,15.7,17.6,5.2,0.544,1.29,24.4,44.7,4.19
trois_rivieres-3360-can-meds,46.34,-72.54,7.6,2.2,2.5,2.5,0.512,0.296,19.6,59.8,1.62
tromso-tos-nor-nhs,69.6461,18.9548,84.3,27.5,7.1,3.8,0.098,2.455,12.7,34.5,0.8
trondheim-trd-nor-nhs,63.4365,10.3917,92.6,32.3,6.6,5.2,0.094,2.736,12.4,34.9,0.93
tsushima-ma72-jpn-jodc_jma,34.2596,129.3222,49.1,23.4,7.6,5.4,0.18,1.71,5.9,15.5,0.6
tumaco-303a-col-uhslc,1.817,-78.73,120.8,32.6,10.8,2.2,0.085,3.327,10.3,30.2,2.01
turku-tur-fin-cmems,60.4283,22.1005,1.9,0.7,0.4,0.4,0.331,0.07,9.7,25.8,0.86
turku_ruissalo_saaronniemi-134225-fin-fmi,60.43,22.1,1.9,0.7,0.5,0.5,0.349,0.07,9.7,26.0,0.86
turner_cut_near_holt-trn-usa-cdwr,37.9928,-121.4542,32.5,5.5,20.4,11.3,0.832,1.393,8.7,24.2,1.15
turtle_head-58180-aus-bom,-10.5212,142.2133,32.8,29.3,62.9,35.1,1.577,3.202,9.1,23.0,0.97
uchiura-ma18-jpn-jodc_jma,35.0172,138.8903,40.6,18.7,20.4,15.0,0.597,1.895,7.6,20.5,0.57
uetersen-100-deu-wsv,53.6783,9.6773,90.3,19.2,5.7,7.1,0.117,2.446,31.0,88.4,2.46
ullapool-ull-gbr-bodc,57.8952,-5.1581,148.8,57.7,11.0,7.6,0.09,4.502,16.9,48.2,1.06
ullapool-ull-gbr-cmems,57.8955,-5.1568,148.7,57.5,10.9,7.7,0.09,4.496,19.7,48.7,2.55
ulukhaktok-6380-can-meds,70.74,-117.76,16.9,5.3,5.4,3.2,0.386,0.615,10.2,25.7,0.67
unalaska-9462620-usa-noaa,53.8792,-166.5403,26.9,2.5,33.4,22.6,1.909,1.708,11.8,29.6,0.56
uno-ma33-jpn-jodc_jma,34.4886,133.9495,67.5,21.7,30.1,22.1,0.586,2.826,8.2,22.4,1.01
uragami-ma25-jpn-jodc_jma,33.5583,135.8964,45.5,20.4,21.4,16.4,0.573,2.074,7.1,19.4,0.84
urakawa-hd02-jpn-jodc_jcg,42.1642,142.7742,30.5,14.2,23.5,19.6,0.963,1.757,7.9,22.5,0.61
urangan-59850-aus-bom,-25.2983,152.9083,105.5,34.9,24.0,12.0,0.256,3.528,7.6,18.6,0.78
us_slip_mi-9076060-usa-noaa,46.5008,-84.3404,0.8,0.5,0.5,0.3,0.582,0.042,7.1,17.4,0.55
ushuaia-600a-arg-uhslc,-54.805,-68.295,55.6,5.8,19.9,15.6,0.579,1.939,16.3,38.5,0.8
uwajima-ma40-jpn-jodc_jma,33.2272,132.5511,57.2,24.5,24.6,18.7,0.53,2.5,6.6,17.8,0.62
vaasa-vaa-fin-cmems,63.0815,21.5712,0.5,0.3,1.0,0.7,2.137,0.049,11.8,30.1,0.95
vaasa_vaskiluoto-134223-fin-fmi,63.08,21.57,0.5,0.2,1.0,0.6,2.154,0.048,11.8,30.2,0.95
vaca_key-8723970-usa-noaa,24.711,-81.1065,6.0,1.6,7.3,7.5,1.939,0.447,5.2,14.1,1.5
valdez-9454240-usa-noaa,61.1242,-146.3631,139.0,47.8,49.2,30.1,0.425,5.323,13.1,35.5,1.39
valdez_ak-562a-usa-uhslc,61.125,-146.362,139.0,47.9,49.3,30.1,0.425,5.328,13.1,35.7,1.38
valencia-val-esp-cmems,39.46,-0.33,1.8,0.5,3.8,2.5,2.801,0.17,6.5,18.5,0.48
valparaiso-081a-chl-uhslc,-33.027,-71.627,43.4,14.9,15.4,10.1,0.438,1.676,4.8,12.0,0.88
vancouver-9440083-usa-noaa,45.6317,-122.697,21.7,4.6,11.2,6.0,0.656,0.87,30.5,103.4,2.57
vancouver_bc-7735-can-meds,49.29,-123.11,93.9,23.6,86.3,47.6,1.139,5.027,12.0,35.6,1.01
varberg-2104-swe-smhi,57.1,12.2167,4.3,1.0,0.5,2.1,0.489,0.157,14.9,44.7,1.22
varberg1-var-swe-cmems,57.1,12.2167,4.3,1.0,0.5,2.1,0.489,0.157,14.9,44.7,1.22
vardo-805a-nor-uhslc,70.333,31.1,104.5,29.0,12.4,2.5,0.112,2.969,12.5,33.5,0.76
vardo-vaw-nor-nhs,70.375,31.104,102.4,28.4,12.2,2.4,0.112,2.908,14.2,38.7,0.9
varennes-15660-can-meds,45.68,-73.44,0.5,0.3,0.4,0.5,1.098,0.034,19.1,61.1,1.51
vegesack-4112-deu-wsv,53.1694,8.6195,167.9,41.6,6.8,8.7,0.074,4.499,31.9,94.9,4.33
venezia-ven-ita-ispra,45.4182,12.4265,23.2,13.8,17.4,5.3,0.615,1.196,13.7,40.5,2.05
venezia-vene-ita-cv,45.4188,12.4257,23.6,13.6,17.2,5.1,0.599,1.19,10.9,33.5,1.26
venice_island-vne-usa-cdwr,38.05,-121.496,31.5,5.3,20.4,10.9,0.849,1.363,10.7,27.2,1.24
veracruz-250-mex-unam,19.1917,-96.1233,8.3,2.5,14.9,14.9,2.761,0.811,6.7,19.7,1.3
veracruz_ver-250a-mex-uhslc,19.2,-96.133,8.3,2.5,15.0,15.0,2.767,0.816,6.7,19.8,0.49
vercheres-15720-can-meds,45.78,-73.36,0.5,0.2,0.4,0.5,1.344,0.031,19.2,63.4,1.31
vernadsky-ver-ukr-noc,-65.25,-64.2667,17.9,17.3,31.4,28.5,1.702,1.903,12.3,29.7,1.0
victor_harbor-61490-aus-bom,-35.5625,138.6354,13.0,14.9,20.4,14.0,1.233,1.245,16.5,47.8,1.12
victoria_bc-543a-can-uhslc,48.425,-123.37,37.0,10.6,63.7,37.5,2.125,2.976,10.7,31.1,0.91
victoria_canal_near_byron-vcu-usa-cdwr,37.8717,-121.5283,29.4,5.0,19.5,11.3,0.893,1.303,9.7,26.9,0.63
victoria_harbour_bc-7120-can-meds,48.42,-123.37,37.0,10.6,63.5,37.5,2.121,2.973,10.6,31.0,0.78
vieste-vie-ita-ispra,41.8881,16.177,9.3,5.9,5.1,1.8,0.451,0.441,7.4,20.7,0.54
vigo-208a-esp-uhslc,42.233,-8.733,108.5,37.9,7.1,6.3,0.091,3.196,9.8,28.2,0.79
vigo-vig-esp-cmems,42.243,-8.726,109.9,38.4,7.3,6.4,0.092,3.239,8.9,25.8,0.75
viken-2228-swe-smhi,56.1422,12.5792,7.5,1.9,0.4,2.4,0.298,0.244,15.1,47.2,1.62
viken-vik-swe-cmems,56.1422,12.5792,7.6,2.0,0.4,2.4,0.292,0.248,15.2,47.6,1.62
viker-vik-nor-nhs,59.036,10.9498,12.2,2.9,0.1,2.3,0.156,0.349,16.9,48.0,1.18
villagarcia-vil-esp-cmems,42.601,-8.77,113.9,39.7,7.4,6.4,0.09,3.349,9.4,27.3,0.66
village_cove-9464212-usa-noaa,57.1253,-170.2853,25.1,0.4,28.8,19.5,1.9,1.476,10.2,25.7,0.76
virginia_key-8723214-usa-noaa,25.7317,-80.1617,29.3,5.0,3.2,2.8,0.173,0.806,6.1,15.4,1.06
virginia_key_fl-755a-usa-uhslc,25.732,-80.162,29.2,5.0,3.2,2.8,0.175,0.805,6.1,15.3,1.06
visby-2080-swe-smhi,57.6392,18.2844,0.6,0.3,0.4,0.3,0.878,0.031,7.8,19.6,0.57
visby-vis-swe-cmems,57.6392,18.2844,0.6,0.3,0.4,0.3,0.887,0.031,7.9,19.8,0.56
vlaardingen-vlaardgn-nld-rws,51.8996,4.349,72.3,17.0,7.0,9.5,0.185,2.116,21.9,69.5,2.18
vlieland_haven-vlielhvn-nld-rws,53.2961,5.0915,77.6,20.9,6.8,8.9,0.16,2.283,23.7,75.9,2.4
vlietepolder-vlietpdr-nld-rws,51.5993,3.7518,137.9,35.4,7.0,10.4,0.1,3.814,23.8,77.6,1.97
volanti-vol-usa-cdwr,38.181,-122.046,53.2,11.0,28.5,16.2,0.695,2.177,10.9,30.2,2.2
vung_tau-383a-vnm-uhslc,10.34,107.072,76.7,29.5,59.6,44.7,0.983,4.208,12.5,28.6,2.45
vuren-vurn-nld-rws,51.8221,5.0165,13.8,3.1,1.4,2.1,0.207,0.41,28.2,104.0,2.12
wachapreague-8631044-usa-noaa,37.6078,-75.6858,54.4,9.6,7.9,8.0,0.249,1.597,15.8,47.0,1.3
wajima-gs03-jpn-jodc_giaj,37.4058,136.9006,5.7,2.1,5.4,5.5,1.404,0.373,9.0,24.8,0.82
wakayama-ma28-jpn-jodc_jma,34.2217,135.1455,43.9,21.2,24.0,18.4,0.652,2.151,7.8,21.2,0.78
wake-051a-usa-uhslc,19.283,166.617,27.3,14.2,6.1,4.9,0.266,1.049,3.9,9.2,1.49
wake_island-1890000-usa-noaa,19.2906,166.6175,27.3,14.2,6.1,4.9,0.266,1.05,3.9,9.2,1.49
wakkanai-360a-jpn-uhslc,45.4,141.683,2.2,2.0,6.4,6.3,3.044,0.337,8.3,23.1,0.66
wakkanai-ma01-jpn-jodc_jma,45.4078,141.6853,2.2,1.9,6.4,6.2,3.047,0.336,8.3,23.0,0.66
wallaroo-61780-aus-bom,-33.926,137.6152,16.4,16.1,33.4,22.4,1.716,1.765,18.6,58.7,1.79
warnemuende-war-deu-cmems,54.1697,12.1033,4.7,1.0,1.3,1.7,0.528,0.173,17.3,48.4,1.49
warnemunde-war-deu-bfg,54.1697,12.1034,4.9,1.0,1.3,1.8,0.519,0.179,17.6,50.1,1.46
washington-8594900-usa-noaa,38.873,-77.0217,39.3,5.3,4.3,3.2,0.167,1.042,18.7,46.1,3.06
wauna-9439099-usa-noaa,46.1617,-123.4089,76.7,17.9,29.1,15.9,0.476,2.792,14.5,43.5,1.41
wehr_geesthacht_up-101-deu-wsv,53.4233,10.3348,99.1,22.8,5.9,6.9,0.105,2.697,38.9,124.6,4.09
weipa_humbug_point-63620-aus-bom,-12.67,141.8633,36.7,11.2,45.2,30.8,1.585,2.477,11.9,33.2,1.12
wellington-071a-nzl-uhslc,-41.283,174.783,48.7,2.5,2.6,3.3,0.114,1.14,9.4,24.3,0.86
wells-8419317-usa-noaa,43.32,-70.5633,131.6,19.9,13.9,11.1,0.165,3.53,11.9,36.7,1.25
werkendam_binnen_steurgat-werkdbnn-nld-rws,51.8039,4.8768,13.8,2.9,1.3,2.3,0.217,0.407,18.0,54.8,1.39
werkendam_buiten-werkdbtn-nld-rws,51.806,4.8768,14.9,3.3,1.5,2.3,0.214,0.441,18.4,58.1,1.31
west_bank_1-8762482-usa-noaa,29.7886,-90.4203,0.1,0.2,1.2,1.2,10.567,0.053,10.0,25.2,0.57
west_channel_pile-60739-aus-bom,-38.1944,144.7552,21.2,5.1,9.9,6.9,0.64,0.861,12.3,34.7,0.68
west_neebish_island_mi-9076027-usa-noaa,46.2833,-84.205,1.3,0.3,0.1,0.3,0.253,0.04,5.8,15.0,0.45
west_ste_modeste-2595-can-meds,51.6,-56.7,28.9,11.0,8.6,6.2,0.369,1.095,12.2,32.8,0.91
west_terschelling-westtslg-nld-rws,53.363,5.22,77.2,20.4,7.0,9.0,0.164,2.272,24.6,78.3,2.43
western_port_stony_point-60710-aus-bom,-38.3739,145.2228,88.1,22.1,22.4,15.3,0.341,2.957,14.0,40.3,1.21
westkapelle-westkple-nld-rws,51.5214,3.44,151.0,41.5,6.7,10.3,0.088,4.189,23.5,72.9,2.28
westport-9441102-usa-noaa,46.9043,-124.1051,98.1,26.9,42.4,25.9,0.547,3.865,12.9,37.7,1.26
wexford_harbour-wex-irl-mi_c,52.3385,-6.4589,46.1,20.0,5.7,6.1,0.178,1.558,23.1,40.3,5.18
weymouth-wey-gbr-bodc,50.6085,-2.4479,59.7,31.1,8.9,4.8,0.15,2.089,12.4,33.9,0.94
weymouth-wey-gbr-cmems,50.6079,-2.4465,60.0,31.3,8.9,4.8,0.15,2.1,12.2,33.5,0.87
whitby-whi-gbr-bodc,54.49,-0.6147,164.2,55.1,13.0,14.4,0.125,4.933,17.0,49.8,1.81
whitby-whi-gbr-cmems,54.4833,-0.6167,165.1,55.4,12.7,14.2,0.122,4.948,16.0,48.3,2.4
whyalla-61840-aus-bom,-33.0128,137.5904,43.0,46.1,42.5,27.9,0.79,3.19,21.2,67.2,2.17
wick-wic-gbr-bodc,58.441,-3.0864,100.5,34.3,11.0,11.4,0.166,3.145,14.5,41.0,1.05
wick-wic-gbr-cmems,58.4333,-3.0833,101.0,34.5,11.1,11.4,0.166,3.161,14.9,41.5,5.8
wierumergronden-wiermgdn-nld-rws,53.5158,5.9583,92.7,25.0,7.2,8.9,0.137,2.676,24.7,76.8,2.44
willapa_bay_wa-564a-usa-uhslc,46.708,-123.965,96.7,26.2,42.4,25.8,0.555,3.821,15.7,47.8,1.69
willets_point-8516990-usa-noaa,40.7933,-73.7817,113.2,18.9,10.1,6.5,0.125,2.973,18.5,53.7,2.75
wilmington-8658120-usa-noaa,34.2275,-77.9536,64.3,8.2,8.4,6.5,0.205,1.748,10.6,28.1,1.45
wilmington_nc-750a-usa-uhslc,34.227,-77.953,64.2,8.3,8.4,6.4,0.204,1.746,10.6,28.1,1.45
winchelsea_is_bc-7935-can-meds,49.3,-124.09,95.8,24.1,88.5,49.0,1.147,5.148,11.2,33.1,0.83
windmill_point-8636580-usa-noaa,37.6161,-76.29,16.9,2.9,2.9,2.3,0.264,0.501,12.7,33.9,0.81
windmill_point_mi-9044049-usa-noaa,42.3575,-82.93,0.1,0.1,0.2,0.0,2.021,0.007,5.4,14.6,0.36
winter_harbour_bc-8735-can-meds,50.51,-128.03,100.2,29.7,43.3,27.2,0.542,4.009,11.9,33.1,0.7
wladyslawowo-wla-pol-eseas,54.7967,18.4186,1.1,0.5,0.4,0.5,0.559,0.052,12.2,34.6,1.0
woods_hole-8447930-usa-noaa,41.5236,-70.6711,23.1,5.5,6.8,6.2,0.453,0.833,11.3,33.4,1.7
woods_hole_ma-742a-usa-uhslc,41.523,-70.672,23.2,5.6,6.8,6.2,0.451,0.834,11.3,33.3,1.7
workington-wor-gbr-bodc,54.6507,-3.5672,270.5,85.9,12.6,11.0,0.066,7.599,21.0,61.7,1.91
workington-wor-gbr-cmems,54.65,-3.5667,272.3,86.6,12.6,10.9,0.066,7.648,19.9,59.0,1.8
wrightsville_beach-8658163-usa-noaa,34.2133,-77.7867,59.0,10.2,9.5,7.1,0.239,1.716,11.8,30.5,1.12
wyandotte_mi-9044030-usa-noaa,42.2023,-83.1475,1.0,0.2,0.5,0.2,0.545,0.035,7.7,19.2,0.73
wyndham-165a-aus-uhslc,-15.453,128.102,227.1,95.8,64.6,33.6,0.304,8.422,15.2,36.9,1.46
wyndham-63090-aus-bom,-15.4533,128.101,226.6,95.4,64.5,33.4,0.304,8.397,16.0,39.0,1.73
xiamen-376a-chn-uhslc,24.45,118.067,185.8,54.1,33.9,27.4,0.256,6.025,17.0,48.3,1.76
yaizu-gs23-jpn-jodc_giaj,34.8706,138.3275,40.5,18.9,23.0,17.3,0.678,1.994,7.3,20.0,0.61
yakutat-9453220-usa-noaa,59.5483,-139.7331,112.6,36.7,45.7,28.2,0.494,4.462,13.7,36.2,2.91
yakutat_ak-570a-usa-uhslc,59.548,-139.735,112.7,36.6,45.6,28.2,0.495,4.463,13.6,36.3,1.68
yamba-60130-aus-bom,-29.429,153.3621,46.1,13.0,15.4,9.3,0.418,1.676,7.8,21.7,0.77
yap-008b-fsm-uhslc,9.508,138.128,40.1,14.0,19.4,12.0,0.58,1.712,4.1,10.0,0.99
yokohama-ma16-jpn-jodc_jma,35.4667,139.6333,44.3,21.7,24.6,19.3,0.665,2.198,7.7,21.5,0.89
yokohamashinko-hd29-jpn-jodc_jcg,35.4542,139.6442,44.0,21.7,24.5,19.2,0.666,2.189,7.6,21.5,0.94
yokosuka-hd08-jpn-jodc_jcg,35.288,139.6514,40.7,20.0,24.0,18.9,0.707,2.072,7.4,20.5,0.75
yonaguni-ma76-jpn-jodc_jma,24.4522,122.9419,44.8,19.1,20.1,16.6,0.575,2.012,6.0,15.2,0.79
yorktown_uscg_training_center-8637689-usa-noaa,37.2265,-76.4788,32.6,5.8,4.7,3.7,0.219,0.936,13.9,38.6,1.04
yoshioka-hd26-jpn-jodc_jcg,41.4445,140.2383,14.7,6.6,10.9,9.4,0.953,0.832,7.2,20.2,0.44
ystad-2093-swe-smhi,55.4167,13.8167,1.1,0.5,1.4,1.5,1.81,0.09,15.4,39.3,1.36
ystad-yst-swe-cmems,55.4167,13.8167,1.1,0.5,1.4,1.5,1.81,0.09,15.4,39.3,1.36
zanzibar-151a-tza-uhslc,-6.155,39.19,120.2,60.9,18.4,11.1,0.163,4.214,4.4,10.4,0.31
zhapo-635a-chn-uhslc,21.583,111.833,64.6,27.9,41.1,34.4,0.815,3.359,12.5,34.3,2.06
zierikzee-zierze-nld-rws,51.6422,3.9108,141.3,35.5,6.9,10.2,0.096,3.876,25.6,80.5,2.21
zollenspieker-102-deu-wsv,53.3987,10.1854,119.0,26.7,6.5,7.9,0.099,3.202,35.8,112.2,4.24
