name,lat,lon,cluster,source,max_abs
aarhus-aar-dnk-cmems,56.15,10.2167,861,cmems,1.539487580537544
abashiri-347a-jpn-uhslc,44.017,144.283,227,uhslc,0.5807341727131615
abashiri-ma02-jpn-jodc_jma,44.0194,144.2858,227,jodc_jma,0.5759448993496745
aberdeen-abe-gbr-bodc,57.144,-2.0802,721,bodc,1.2463550721202863
aberdeen-abe-gbr-cmems,57.15,-2.0833,721,cmems,1.6991401508444803
aburatsu-354a-jpn-uhslc,31.583,131.417,488,uhslc,0.8885255633329132
aburatsu-ma41-jpn-jodc_jma,31.577,131.4094,488,jodc_jma,0.8953598356640282
aburatsubo-gs01-jpn-jodc_giaj,35.16,139.6155,701,jodc_giaj,1.2128575649294864
acajutla-082a-slv-uhslc,13.583,-89.833,249,uhslc,0.6021257438128623
acapulco-316-mex-unam,16.8383,-99.9033,335,unam,0.7129205635096089
acapulco_gro-316a-mex-uhslc,16.84,-99.912,335,uhslc,1.0071528762737163
adak_alaska-040a-usa-uhslc,51.863,-176.632,498,uhslc,0.9021685513299108
adak_island-9461380-usa-noaa,51.8633,-176.632,498,noaa,1.864938859306472
ajaccio_aspretto-300-fra-refmar,41.9228,8.7628,33,refmar,0.3109668265646025
akune-gs15-jpn-jodc_giaj,32.0175,130.1911,553,jodc_giaj,0.973945290829306
alameda-9414750-usa-noaa,37.7717,-122.3,273,noaa,0.6393821250932197
albany-62120-aus-bom,-35.0337,117.8926,226,bom,0.5755869900505469
alert_bay_bc-8280-can-meds,50.59,-126.93,774,meds,1.355619904205252
alesund-aes-nor-nhs,62.4694,6.1519,618,nhs,1.0702946776192088
alexandria-ale-egy-noc,31.2167,29.9167,102,noc,0.4462034612888119
alexandria_bay_ny-8311062-usa-noaa,44.3311,-75.9345,220,noaa,0.5740710023690383
algeciras-alge-esp-ieo,36.117,-5.4333,547,ieo,0.9671846370757852
algonac_mi-9014070-usa-noaa,42.6211,-82.5267,139,noaa,0.4903371461128183
alicante_i-ali-esp-da_mm,38.3383,-0.4779,182,da_mm,0.5428166657286491
alitak-9457804-usa-noaa,56.8974,-154.248,349,noaa,0.7236754315406058
almeria-alm-esp-cmems,36.83,-2.478,34,cmems,0.3118682943312407
alpena_mi-9075065-usa-noaa,45.063,-83.4286,69,noaa,0.380656015338641
amami-ma73-jpn-jodc_jma,28.3228,129.5342,500,jodc_jma,0.903684414555422
american_falls_ny-9063009-usa-noaa,43.0811,-79.0614,257,noaa,0.6071022042878403
amherstburg_ontario-11995-can-meds,42.14,-83.11,563,meds,0.9961883587706434
anchorage-9455920-usa-noaa,61.2375,-149.8904,1012,noaa,2.156812102782133
ancona-anx-ita-ispra,43.6248,13.5065,683,ispra,1.1810315434438572
andenes-800a-nor-uhslc,69.317,16.15,336,uhslc,0.7143777020316937
andenes-anx-nor-nhs,69.3261,16.1348,336,nhs,0.716304108762079
annapolis-8575512-usa-noaa,38.9833,-76.4816,885,noaa,1.6082953891243508
antofagasta-080a-chl-uhslc,-23.653,-70.405,379,uhslc,0.7632961044802673
aomoriko-0104-jpn-jodc_pahb,40.8353,140.7639,194,jodc_pahb,0.5569702148605774
apalachicola-8728690-usa-noaa,29.7244,-84.9806,903,noaa,1.7178421083479072
apalachicola_fl-760a-usa-uhslc,29.727,-84.982,903,uhslc,1.651267978262353
apia-401a-wsm-uhslc,-13.817,-171.75,18,uhslc,0.3971780187696641
apia-401b-wsm-uhslc,-13.82,-171.757,18,uhslc,0.2662965375030703
apia-66840-wsm-bom,-13.8268,-171.7613,18,bom,0.2663176050743344
apra_harbor-1630000-usa-noaa,13.4434,144.6564,320,noaa,0.6967393017687298
apra_harbor_guam-053a-usa-uhslc,13.433,144.65,320,uhslc,0.6921757847860697
arena_cove-9416841-usa-noaa,38.9146,-123.7111,565,noaa,0.9988248174829054
arena_cove_ca-573a-usa-uhslc,38.913,-123.708,565,uhslc,0.9992229751243196
argentia-835-can-meds,47.3,-53.98,760,meds,1.3230170163820876
arica-083a-chl-uhslc,-18.467,-70.333,104,uhslc,0.4476776668679036
arklowharbour-ark-irl-cmems,52.792,-6.1452,912,cmems,1.6662395606924023
arrecife-205a-esp-uhslc,28.95,-13.567,228,uhslc,0.5778966628443107
arrecife-arre-esp-ieo,28.9718,-13.53,869,ieo,1.5685842902986291
asamushi-gs06-jpn-jodc_giaj,40.8975,140.8592,546,jodc_giaj,0.9668724910898948
ascension-291a-gbr-uhslc,-7.917,-14.417,1,uhslc,0.1582720675837897
ascension-asc-gbr-noc,-7.8928,-14.3857,72,noc,0.3864542574913722
astoria-9439040-usa-noaa,46.2073,-123.7683,617,noaa,1.064790419226806
astoria_downtown-9439040-usa-da_sat,46.1901,-123.8292,943,da_sat,1.763471896112648
astoria_or-572a-usa-uhslc,46.208,-123.767,617,uhslc,2.0583803375161707
atka-9461710-usa-noaa,52.232,-174.1726,151,noaa,0.5030009311490671
atlantic_city-8534720-usa-noaa,39.3567,-74.4181,845,noaa,1.5079092917482977
atlantic_city_nj-264a-usa-uhslc,39.355,-74.418,845,uhslc,1.5087001067335448
avonmouth-avo-gbr-cmems,51.5071,-2.7114,1113,cmems,3.032289935236184
awashima-hd25-jpn-jodc_jcg,38.4678,139.255,253,jodc_jcg,0.6037983008440225
awayuki-ma69-jpn-jodc_jma,33.7711,134.5922,367,jodc_jma,0.7445968401662879
ayukawa-ma11-jpn-jodc_jma,38.2967,141.5053,130,jodc_jma,0.4772304375894327
bagenkop-bag-dnk-cmems,54.7528,10.6778,847,cmems,1.5115788413660376
bahia_los_angeles-310a-mex-uhslc,28.958,-113.55,103,uhslc,0.4473634637670023
baie_comeau-2840-can-meds,49.23,-68.13,816,meds,1.4423641060601158
bakar-bak-hrv-uz,45.3,14.533,408,uz,0.7969984274736908
bake_a-3611-deu-wsv,53.9844,8.3151,1111,wsv,3.00688200579999
bake_c_scharhorn-3905-deu-wsv,53.9699,8.468,1125,wsv,3.318732134864854
ballen-bal-dnk-cmems,55.8167,10.6444,801,cmems,1.409652067353983
baltimore-8574680-usa-noaa,39.2669,-76.5794,980,noaa,1.9964259209715824
baltra-003b-ecu-uhslc,-0.437,-90.285,473,uhslc,0.8697708831974014
bamfield_bc-8545-can-meds,48.84,-125.14,383,meds,0.7702846797736065
bangor-ban-gbr-bodc,54.6647,-5.6695,640,bodc,1.1062612601017707
bangor-ban-gbr-cmems,54.665,-5.6692,640,cmems,1.104889494097121
bar_harbor-8413320-usa-noaa,44.3922,-68.2043,754,noaa,1.3079536947117212
bar_point_ontario-12005-can-meds,42.06,-83.11,812,meds,1.436762891004808
barcelona-bar-esp-cmems,41.342,2.163,157,cmems,0.5099892917362758
bari-bar-ita-ispra,41.1402,16.866,578,ispra,1.0175204953186603
barmouth-bar-gbr-bodc,52.7193,-4.045,969,bodc,2.0478958685307727
barmouth-bar-gbr-cmems,52.7167,-4.0333,969,cmems,1.864530456083726
barseback-bar-swe-cmems,55.7564,12.9033,782,cmems,1.3655259588697208
base_prat-730a-chl-uhslc,-62.483,-59.633,161,uhslc,0.5179341761547399
batemans_bay_princess_jetty-216410-aus-bom,-35.7049,150.1779,256,bom,0.6060349744873368
bath-bath-nld-rws,51.3991,4.21,1112,rws,3.018303898323048
batiscan-3345-can-meds,46.5,-72.25,897,meds,1.6343762335101355
bay_waveland_yacht_club-8747437-usa-noaa,30.325,-89.325,1086,noaa,2.714623725612898
bayonne_boucau-94-fra-refmar,43.5273,-1.5148,513,refmar,0.9197682920032496
bayonneboucau_60minute-bay-fra-cmems,43.5273,-1.5154,513,cmems,0.9202368663376476
beaufort-8656483-usa-noaa,34.72,-76.67,821,noaa,1.4597464912128275
beauharnois_amont-15260-can-meds,45.3,-73.93,627,meds,1.0857672181307338
beauharnois_aval-15262-can-meds,45.32,-73.92,421,meds,0.8139595771381308
becancour-3353-can-meds,46.4,-72.38,823,meds,1.4632633869868144
beihai-636a-chn-uhslc,21.483,109.083,775,uhslc,1.3558924948726174
beldon_landing-bdl-usa-cdwr,38.1869,-121.9708,1123,cdwr,3.294224402652688
bella_bella_bc-8976-can-meds,52.16,-128.14,446,meds,0.8407868574581288
belum-1263-deu-wsv,53.8228,9.0371,1146,wsv,3.943120037952948
benoa-163a-idn-uhslc,-8.745,115.21,510,uhslc,0.9164571344985664
bergen-bgo-nor-nhs,60.398,5.3205,660,nhs,1.1265906899765803
bergen_point_west_reach-8519483-usa-noaa,40.6391,-74.1463,1059,noaa,2.466732759949717
bergse_diepsluis_west-bergsdswt-nld-rws,51.5113,4.1657,1070,rws,2.5809747920529187
bermagui-219470-aus-bom,-36.4263,150.0715,328,bom,0.701034524053978
bermuda-259a-gbr-uhslc,32.373,-64.703,174,uhslc,0.5304497049576306
bermuda-259b-gbr-uhslc,32.373,-64.703,174,uhslc,0.5375736019073265
bermuda-2695540-usa-noaa,32.3733,-64.7033,174,noaa,0.555184500123829
berwick-8764044-usa-noaa,29.6675,-91.2376,799,noaa,1.4082222337224748
bhv_alter_leuchtturm-4098-deu-wsv,53.545,8.5682,1150,wsv,4.026441237874487
bilbao-bil-esp-cmems,43.357,-3.05,846,cmems,1.510299759595242
bintulu-387a-mys-uhslc,3.217,113.067,236,uhslc,0.5855852680524831
bishops_head-8571421-usa-noaa,38.2204,-76.0387,477,noaa,0.8739639245722071
bjorn-2067-swe-smhi,60.6333,17.9667,497,smhi,0.9008068911055948
bjorn-bjo-swe-cmems,60.6333,17.9667,497,cmems,0.9008068911061158
blacklock_ne1-bll-usa-cdwr,38.1801,-121.9069,1109,cdwr,2.9844860992485818
bluff-072a-nzl-uhslc,-46.6,168.35,286,uhslc,0.6529304980216055
bob_hall_pier-8775870-usa-noaa,27.5808,-97.2164,649,noaa,1.6196077753372464
bodo-boo-nor-nhs,67.2923,14.3998,686,nhs,1.1861272965387395
bonanza-bon-esp-cmems,36.8,-6.34,419,cmems,0.8117826895857017
booby_island-336a-aus-uhslc,-10.603,141.91,528,uhslc,0.9406122493080382
booby_island-58230-aus-bom,-10.6026,141.9101,528,bom,1.9133475362770855
borkum_fischerbalje-bor-deu-bfg,53.5574,6.7478,1106,bfg,2.939353318796069
boston-8443970-usa-noaa,42.3548,-71.0534,769,noaa,1.348923078304597
boston_ma-741a-usa-uhslc,42.355,-71.052,769,uhslc,1.3498369928227696
botany_bay-60390-aus-bom,-33.9684,151.2204,125,bom,0.4674932115066853
bournemouth-bou-gbr-bodc,50.7143,-1.8749,579,bodc,1.0176757912951242
bournemouth-bou-gbr-cmems,50.7136,-1.8747,579,cmems,1.2006469979000212
boutiliers_point-482-can-meds,44.65,-63.95,958,meds,1.8099813329608263
bowen-59320-aus-bom,-20.025,148.25,653,bom,1.1168434174367108
brake-4096-deu-wsv,53.2953,8.4853,1142,wsv,3.872173444361741
bremer_bay-bbbre01-aus-bom,-34.4248,119.3987,145,bom,0.49884811099823
bremervorde-71-deu-wsv,53.4841,9.1548,961,wsv,1.8146474979415368
breskens-bresks-nld-rws,51.3991,3.5646,998,rws,2.0972690875284443
brest-3-fra-refmar,48.3829,-4.495,862,refmar,1.6413726759625908
brest-822a-fra-uhslc,48.383,-4.495,862,uhslc,1.54802445585687
brest_60minute-bre-fra-cmems,48.3829,-4.4951,862,cmems,1.6507854376883295
bridgeport-8467150-usa-noaa,41.1733,-73.1817,1087,noaa,2.7255492470125118
brisbane-331a-aus-uhslc,-27.367,153.167,404,uhslc,0.8198930185373379
brisbane_bar-59980-aus-bom,-27.3608,153.1719,404,bom,0.7949645951077672
britannia_ontario-16125-can-meds,45.36,-75.81,211,meds,0.5663877648799563
brockville_ontario-14400-can-meds,44.59,-75.68,247,meds,0.5998965129687936
brokdorf-72-deu-wsv,53.8627,9.316,1141,wsv,3.822291587217879
broome-166a-aus-uhslc,-18.002,122.218,1022,uhslc,2.224709458818782
broome-62650-aus-bom,-18.0008,122.2186,1022,bom,2.243768388353262
brouwershavensche_gat_08-brouwhvsgt08-nld-rws,51.7508,3.8115,1101,rws,2.8360630357474483
brunsbuttel_mole_4_pegel-73-deu-wsv,53.8875,9.1258,1135,wsv,3.615572232291343
brunswick_heads-202403-aus-bom,-28.5368,153.5521,702,bom,1.2133479207523272
bryte_lab-byl-usa-cdwr,38.6001,-121.5395,1132,cdwr,3.541454204031382
buenaventura-085a-col-uhslc,3.89,-77.062,1145,uhslc,3.941669758178791
buenos_aires-285a-arg-uhslc,-34.667,-58.5,1154,uhslc,4.1307478067678725
buffalo_ny-9063020-usa-noaa,42.8774,-78.8905,1040,noaa,2.3682398341465443
bunbury-62190-aus-bom,-33.3234,115.66,724,bom,1.2518462733898337
bundaberg-332a-aus-uhslc,-24.767,152.38,1073,uhslc,2.598381979551052
bundaberg_burnett_heads-59820-aus-bom,-24.7667,152.3833,1073,bom,2.5963443409287885
burghsluis-burghss-nld-rws,51.6758,3.7564,989,rws,2.0387577832160746
burlington_ontario-13150-can-meds,43.3,-79.79,217,meds,0.5727941212204818
burnie-344a-aus-uhslc,-41.05,145.915,321,uhslc,0.6937201810736695
burnie-60910-aus-bom,-41.0528,145.9111,321,bom,1.552979601418766
busselton_port_geographe-bsgeo01-aus-bom,-33.6304,115.3944,453,bom,0.855185714191237
cabo_san_lucas-034-mex-unam,22.88,-109.9083,230,unam,0.5805231654261706
cabo_san_lucas-034a-mex-uhslc,22.88,-109.908,230,uhslc,0.5805231654261706
caddadup-dvcad01-aus-bom,-32.6094,115.6431,199,bom,0.5611777119835082
cadzand-cadzd-nld-rws,51.3793,3.3763,1062,rws,2.488313249602768
cagliari-cag-ita-ispra,39.2102,9.1143,96,ispra,0.4394173969557317
cairns-59060-aus-bom,-16.9267,145.78,515,bom,0.9239871835279704
calais-55-fra-refmar,50.9694,1.8677,1024,refmar,2.235788648972965
calais_60minute-cal-fra-cmems,50.9695,1.8677,1024,cmems,2.2359953234086145
calcasieu_pass-8768094-usa-noaa,29.7682,-93.3429,1092,noaa,2.778704950566314
caldera-088a-chl-uhslc,-27.067,-70.833,40,uhslc,0.3217515446485879
callao-093a-per-uhslc,-12.05,-77.15,539,uhslc,0.959059939562412
callao-093b-per-uhslc,-12.068,-77.167,137,uhslc,0.4896372957199042
calumet_harbor_il-9087044-usa-noaa,41.7297,-87.5383,470,noaa,0.866642755109452
cambridge-8571892-usa-noaa,38.5725,-76.0617,807,noaa,1.4251895648531934
cambridge_bay-6240-can-meds,69.12,-105.07,85,meds,0.4161090235504354
cananeia-281a-bra-uhslc,-25.017,-47.925,860,uhslc,1.5375732736117484
cape_bouvard-dvbvd01-aus-bom,-32.6014,115.63,199,bom,0.6681426943134672
cape_ferguson-343a-aus-uhslc,-19.277,147.058,940,uhslc,1.78672181557248
cape_ferguson-59260-aus-bom,-19.2767,147.0583,940,bom,1.7780159296092282
cape_ferguson-h033007a-aus-bom,-19.27,147.05,940,bom,1.756850658589013
cape_hatteras_fishing_pier-8654400-usa-noaa,35.2233,-75.635,776,noaa,1.3572960401166518
cape_may-8536110-usa-noaa,38.9678,-74.9597,788,noaa,1.382867387300383
cape_may_nj-746a-usa-uhslc,38.968,-74.96,788,uhslc,1.384456548143587
cape_town-704a-zaf-uhslc,-33.9,18.433,377,uhslc,0.7624969903549953
cape_vincent_ny-9052000-usa-noaa,44.1303,-76.332,216,noaa,0.57231775157245
cardwell-h035012a-aus-bom,-18.25,146.03,1035,bom,2.309005519226489
carillon_amont-16033-can-meds,45.57,-74.38,795,meds,1.3933752694314343
carillon_aval-16032-can-meds,45.57,-74.38,795,meds,1.4507211521528998
carloforte-car-ita-ispra,39.148,8.3095,124,ispra,0.4651541411807232
carnarvon-167a-aus-uhslc,-24.898,113.652,479,uhslc,0.8761784226282875
carnarvon-62370-aus-bom,-24.8987,113.651,479,bom,1.339338444539053
cartagena-265a-col-uhslc,10.383,-75.533,68,uhslc,0.3803428497781217
cartagena-265b-col-uhslc,10.39,-75.532,68,uhslc,0.6561882555807195
cascais-209a-prt-uhslc,38.692,-9.417,296,uhslc,0.6676627870548779
castletownbere-cas-irl-cmems,51.6496,-9.9034,406,cmems,4.707154439360435
castletownbere_port-cas-irl-mi_c,51.6496,-9.9034,406,mi_c,0.7963790854803096
catania-cat-ita-ispra,37.4981,15.0938,39,ispra,0.3213242797609674
cebu-379a-phl-uhslc,10.3,123.917,237,uhslc,0.5860311221385166
cedar_key-8727520-usa-noaa,29.135,-83.0317,1095,noaa,2.797747347023603
cendering-320a-mys-uhslc,5.265,103.187,309,uhslc,0.6776798181745889
ceuta-207a-esp-uhslc,35.9,-5.317,94,uhslc,0.4391497207900382
ceuta-ceta-esp-ieo,35.89,-5.314,94,ieo,0.6774330378614885
chaleix_noumea-16-fra-refmar,-22.2915,166.4367,59,refmar,0.3590207279808689
chaleixnoumea_60minute-cha-fra-cmems,-22.2915,166.4367,59,cmems,0.3590916058763715
champlain-3350-can-meds,46.44,-72.34,831,meds,1.4800749818974666
charchanga-138a-bgd-uhslc,22.217,91.05,982,uhslc,2.0097529527204947
charleston-8665530-usa-noaa,32.7808,-79.9236,965,noaa,1.8816602186363625
charleston-9432780-usa-noaa,43.345,-124.322,439,noaa,0.8341677661456555
charleston_or-575a-usa-uhslc,43.345,-124.322,439,uhslc,0.8340323352911929
charleston_sc-261b-usa-uhslc,32.782,-79.925,965,uhslc,1.8537538256318864
charlotte_amalie-255a-usa-uhslc,18.335,-64.92,184,uhslc,0.609383061305816
charlotte_amalie-9751639-usa-noaa,18.3472,-64.9258,184,noaa,0.5457145788501061
charlottetown-1700-can-meds,46.23,-63.12,906,meds,1.6524743061476368
cherbourg-13-fra-refmar,49.6514,-1.6355,673,refmar,1.155108246673034
cherbourg_60minute-che-fra-cmems,49.6513,-1.6355,673,cmems,1.1547788009287048
cherry_point-9449424-usa-noaa,48.8633,-122.758,1133,noaa,3.583124655598009
chesapeake_bay_bridge_tunnel-8638863-usa-noaa,36.9667,-76.1133,726,noaa,1.253727588770567
chesapeake_bbt-749a-usa-uhslc,36.967,-76.113,726,uhslc,1.252157027337661
chesapeake_city-8573927-usa-noaa,39.5267,-75.81,815,noaa,1.440770418749229
chiba-hd06-jpn-jodc_jcg,35.568,140.0455,766,jodc_jcg,1.3338331528283456
chichijima-047a-jpn-uhslc,27.1,142.183,212,uhslc,0.5672066412869803
choshigyoko-ma64-jpn-jodc_jma,35.7445,140.8583,375,jodc_jma,0.7577943066035454
christiansted_harbor-9751364-usa-noaa,17.7477,-64.6984,183,noaa,0.5445259145246455
christmas-011a-kir-uhslc,1.985,-157.477,13,uhslc,0.252694687297868
christmas-011b-aus-uhslc,1.982,-157.472,13,uhslc,0.2700512800466185
churchill-274a-can-uhslc,58.767,-94.183,1015,uhslc,2.179345529157406
churchill-5010-can-meds,58.77,-94.18,1015,meds,2.2206053426391827
chuuk-054a-fsm-uhslc,7.45,151.85,23,uhslc,0.2868816816259375
chuuk-1840000-usa-noaa,7.4467,151.847,23,noaa,0.2874037126433135
ciudad_del_carmen-403-mex-unam,18.6367,-91.8367,308,unam,0.6771917849468185
ciudad_del_carmen-779a-mex-uhslc,18.533,-91.833,307,uhslc,0.6770952721973973
civitavecchia-civ-ita-ispra,42.094,11.7896,669,ispra,1.1493943438835712
clearwater_bch_fl-773a-usa-uhslc,27.977,-82.832,632,uhslc,1.0921842054839404
clearwater_beach-8726724-usa-noaa,27.9783,-82.8317,632,noaa,1.1452120624445978
cleveland_oh-9063063-usa-noaa,41.5409,-81.6355,635,noaa,1.0971791709417786
clump_point-59168-aus-bom,-17.8515,146.1053,610,bom,1.0591979762901842
coast_guard_sector_mobile-8736897-usa-noaa,30.6483,-88.0583,762,noaa,1.3292006304396309
coatzacoalcos-405-mex-unam,18.1433,-94.4117,916,unam,1.674051021237546
cocos-171a-aus-uhslc,-12.117,96.892,48,uhslc,0.33353538656213
coffs_harbour-205470-aus-bom,-30.3029,153.1461,140,bom,0.491085035362817
collingwood_ontario-11500-can-meds,44.51,-80.22,315,meds,0.6861389693012379
colonial_beach-8635150-usa-noaa,38.2517,-76.96,688,noaa,1.1962850593886434
concarneau-160-fra-refmar,47.8735,-3.9072,485,refmar,0.8827294093596105
concarneau_60minute-con-fra-cmems,47.8738,-3.9076,485,cmems,0.882927463918957
conimicut_light-8452944-usa-noaa,41.7167,-71.3433,889,noaa,1.6148106668239206
contrecoeur-15790-can-meds,45.86,-73.24,937,meds,1.742269706922796
contrecoeur_ioc-15780-can-meds,45.83,-73.28,811,meds,1.4355591229466274
cooktown-58940-aus-bom,-15.4667,145.25,261,bom,0.7169078567204902
cooktown-h066003a-aus-bom,-15.45,145.25,261,bom,0.6188603684586121
cordemais-397-fra-refmar,47.2772,-1.8898,968,refmar,1.862476745745147
cordemais_60minute-cor-fra-cmems,47.2772,-1.8898,968,cmems,1.861801744717894
cordova-9454050-usa-noaa,60.5583,-145.755,552,noaa,0.9737890848844324
cordova_alaska-583b-usa-uhslc,60.558,-145.753,552,uhslc,1.247567849569431
cornwall_ontario-14870-can-meds,45.01,-74.71,201,meds,0.5624601311769072
corpus_cristi_tx-770a-usa-uhslc,27.58,-97.217,649,uhslc,1.115220813388758
coruna-cor-esp-cmems,43.357,-8.389,108,cmems,0.4493493923647745
cote_ste_catherine-15450-can-meds,45.41,-73.57,460,meds,0.8578025205746708
coteau_du_lac-15140-can-meds,45.3,-74.17,530,meds,0.943279498095174
coteau_landing-15110-can-meds,45.25,-74.21,21,meds,0.2703130391927387
cranz-76-deu-wsv,53.5358,9.7915,1168,wsv,4.765449236197469
crescent_city-9419750-usa-noaa,41.7456,-124.1844,841,noaa,1.8528847600533347
crescent_city_ca-556a-usa-uhslc,41.745,-124.183,841,uhslc,1.5023261285877791
cristobal-266a-pan-uhslc,9.355,-79.915,44,uhslc,0.3249975694249934
cromer-cro-gbr-bodc,52.9342,1.3016,1000,bodc,2.112399312828801
cromer-cro-gbr-cmems,52.9333,1.3,1000,cmems,2.2512580992584885
crookhaven_heads-215408-aus-bom,-34.9066,150.7592,476,bom,0.8732881977967638
crotone-cro-ita-ispra,39.0836,17.1371,883,ispra,1.595021547059165
cruz-cruz-esp-ieo,28.6722,-17.768,11,ieo,0.3799081566092596
culebra-9752235-usa-noaa,18.3009,-65.3025,177,noaa,0.5370151225324221
cutler_naval_base-8411250-usa-noaa,44.6417,-67.2967,730,noaa,1.2594372737755748
cuxhaven-825a-deu-uhslc,53.867,8.717,1128,uhslc,3.782454472535248
cuxhaven_steubenhoft-77-deu-wsv,53.8677,8.7174,1128,wsv,3.3695308338373136
cuxhaven_steubenhoft-cux-deu-bfg,53.8677,8.7173,1128,bfg,3.782499497613183
dakar-223e-sen-uhslc,14.677,-17.42,54,uhslc,0.3499796835572138
dalian-630a-chn-uhslc,38.925,121.658,747,uhslc,1.2971808436738876
darwin-168a-aus-uhslc,-12.472,130.847,582,uhslc,1.0208262316661176
darwin-63230-aus-bom,-12.4718,130.8459,582,bom,2.278775405953445
daugavgriva-dau-lva-cmems,57.05,24.0167,670,cmems,1.150679905141959
dauphin_island-8735180-usa-noaa,30.25,-88.075,920,noaa,1.6818196642736918
dauphin_island_al-763a-usa-uhslc,30.25,-88.075,920,uhslc,1.6813980552934875
davao-372b-phl-uhslc,7.153,125.663,333,uhslc,0.7090866664681628
davis-173a-aus-uhslc,-68.45,77.967,165,uhslc,0.5229885012191208
de_tour_village_mi-9075099-usa-noaa,45.9925,-83.8982,128,noaa,0.4747856835891603
deal_pier-dlp-gbr-cco,51.2238,1.4092,1038,cco,2.3211454345065268
deeneplaat-deenpt-nld-rws,51.7396,4.7167,737,rws,1.2722115942637937
degerby-deg-fin-cmems,60.0319,20.3848,169,cmems,0.5237538112621165
delaware_city-8551762-usa-noaa,39.5817,-75.5883,910,noaa,1.6596618544206336
delfzijl-delfzl-nld-rws,53.3264,6.9331,1130,rws,3.4798231442873018
den_helder-denhdr-nld-rws,52.9644,4.745,1058,rws,2.4596977508198505
deschaillons-3335-can-meds,46.56,-72.11,956,meds,1.8062652499806504
devonport-60930-aus-bom,-41.15,146.3833,871,bom,1.574015797484155
devonport-dev-gbr-bodc,50.3684,-4.1852,454,bodc,0.9498688656620414
devonport-dev-gbr-da_idh,50.3684,-4.1852,454,da_idh,1.9976808053986657
diego_garcia-104d-gbr-uhslc,-7.29,72.393,17,uhslc,0.2627622409737662
dieppe-24-fra-refmar,49.9292,1.0845,901,refmar,1.654155494176387
dieppe_60minute-die-fra-cmems,49.93,1.085,901,cmems,1.6470722506871156
discovery_bay_at_discovery_bay_blv-dbd-usa-cdwr,37.8928,-121.6025,355,cdwr,0.7311984775782783
donges-396-fra-refmar,47.3057,-2.0883,874,refmar,1.5813645589107164
donges_60minute-don-fra-cmems,47.3057,-2.0883,874,cmems,1.5804147061200764
dongfang-637a-chn-uhslc,19.1,108.617,445,uhslc,0.8402478000629773
dordrecht-dordt-nld-rws,51.8195,4.6707,867,rws,1.5582895292420949
dover-dov-gbr-bodc,51.1144,1.3225,966,bodc,1.8558093820054973
draghallan-2062-swe-smhi,62.3333,17.4667,503,smhi,0.9052247861101692
draghallan-dra-swe-cmems,62.3333,17.4667,503,cmems,0.9052247861023028
drogden-dro-dnk-cmems,55.5358,12.7117,952,cmems,1.787830168588569
dry_dock_mi-9014087-usa-noaa,42.9453,-82.4433,278,noaa,0.6429092022289907
dublin_port-dub-irl-mi_c,53.3457,-6.2217,1166,mi_c,4.690142171464492
duck-8651370-usa-noaa,36.1833,-75.7467,711,noaa,1.2252666868606326
duck_pier_nc-260a-usa-uhslc,36.183,-75.747,711,uhslc,1.2243872718946736
duluth_mn-9099064-usa-noaa,46.7758,-92.092,176,noaa,0.5352918945599893
dunkerque-2-fra-refmar,51.0481,2.3667,1031,refmar,2.290287526463382
dunkerque_60minute-dun-fra-cmems,51.0482,2.3665,1031,cmems,2.2906404138316008
dunn_paper_mi-9014096-usa-noaa,43.0033,-82.4217,370,noaa,0.7887168156186166
durban-181a-zaf-uhslc,-29.867,31.05,608,uhslc,1.0571037476397915
dutch_harbor_ak-041b-usa-uhslc,53.88,-166.537,200,uhslc,0.5617596530178925
dwarsgat-4100-deu-wsv,53.7187,8.3076,1121,wsv,3.156367616020781
eagle_point-8771013-usa-noaa,29.48,-94.9183,1084,noaa,2.6920347645907734
east_london-187a-zaf-uhslc,-33.017,27.917,662,uhslc,1.129692809766679
easter-022c-chl-uhslc,-27.155,-109.473,695,uhslc,1.2053964346323405
eastport-8410140-usa-noaa,44.9046,-66.9829,947,noaa,2.227195099729742
eastport_me-740a-usa-uhslc,44.903,-66.985,947,uhslc,1.7729012598240963
eden-60530-aus-bom,-37.0712,149.9083,496,bom,0.9005650173336528
eemshaven-eemshvn-nld-rws,53.4487,6.8284,1120,rws,3.146208930747099
elfin_cove-9452634-usa-noaa,58.1947,-136.3469,187,noaa,0.5481587548938818
elhierro-elh-esp-cmems,27.78,-17.9,7,cmems,0.2129648087742454
elmshorn-78-deu-wsv,53.7502,9.6479,944,wsv,1.7641940248596275
elsfleth-4102-deu-wsv,53.264,8.4814,1148,wsv,3.974355997748928
enewetok-006a-mhl-uhslc,11.43,162.387,60,uhslc,0.3621960883896907
ensenada-317-mex-unam,31.855,-116.6333,622,unam,1.0803546269297035
ensenada-317a-mex-uhslc,31.85,-116.633,622,uhslc,1.0803546042106251
erieau_ontario-12250-can-meds,42.26,-81.91,360,meds,0.7404741194298209
esashiko-0140-jpn-jodc_pahb,41.8706,140.1256,542,jodc_pahb,0.9650444518212083
esbjerg-esb-dnk-dmi,55.4667,8.4333,1140,dmi,3.7996565431816913
esmeraldas-098a-ecu-uhslc,0.992,-79.647,1051,uhslc,2.4208141135508456
esperance-176a-aus-uhslc,-33.87,121.897,303,uhslc,0.6728584077451991
esperance-62080-aus-bom,-33.8709,121.8954,303,bom,0.685186027776131
esperanza-9752695-usa-noaa,18.0939,-65.4714,22,noaa,0.2781795473553708
essexville_mi-9075034-usa-noaa,43.6417,-83.8467,712,noaa,1.358562444439117
essexville_mi-9075035-usa-noaa,43.6404,-83.8468,712,noaa,1.2267176423831532
euro_platform-eurpfm-nld-rws,51.9986,3.2764,1007,rws,2.127650598694125
exmouth-62435-aus-bom,-21.9549,114.1409,601,bom,1.0507731456832512
fahrenholz_up-79-deu-wsv,53.3603,10.3155,987,wsv,2.0256182295175758
fairport_oh-9063053-usa-noaa,41.7597,-81.2811,158,noaa,0.5141968943277467
fanning-012b-kir-uhslc,3.907,-159.387,64,uhslc,0.3687434631308971
faraday-700a-ata-uhslc,-65.25,-64.267,472,uhslc,0.8688176442468506
farge-4104-deu-wsv,53.2047,8.5102,1153,wsv,4.119653476639881
felixstowe-fel-gbr-bodc,51.9577,1.3466,1005,bodc,2.238501195100877
felixstowe-fel-gbr-cmems,51.9667,1.35,1005,cmems,2.1239455139127643
fermi_power_plant_mi-9063090-usa-noaa,41.96,-83.257,1055,noaa,2.4428115313103427
fernandina_beach-8720030-usa-noaa,30.6714,-81.4658,986,noaa,2.0199654412829533
ferrol-fer-esp-cmems,43.463,-8.326,590,cmems,1.0374773245629434
ferrol2-fer-esp-cmems,43.4762,-8.2485,550,cmems,0.9718133647031738
fishermans_landing-h052003b-aus-bom,-23.78,151.17,571,bom,1.0109266746036816
fishguard-fis-gbr-bodc,52.0132,-4.9837,576,bodc,1.0158649853260242
fishguard-fis-gbr-cmems,52.0167,-4.9833,576,cmems,2.4179726951595963
flores_santa_cruz-210a-prt-uhslc,39.453,-31.12,493,uhslc,0.8917818026065164
foglo_degerby-134252-fin-fmi,60.03,20.38,169,fmi,0.5237538111954816
forsmark-2179-swe-smhi,60.4086,18.2108,464,smhi,0.9274061781002148
forsmark-for-swe-cmems,60.4086,18.2108,464,cmems,0.8625309417683013
forster-209402-aus-bom,-32.174,152.5082,144,bom,0.4954967015458698
fort_denison-333a-aus-uhslc,-33.855,151.227,152,uhslc,0.5040556824161094
fort_gratiot_mi-9014098-usa-noaa,43.0069,-82.4225,370,noaa,1.0274450750265638
fort_hamilton_new_york_1-8517942-usa-da_sat,40.6067,-74.035,843,da_sat,1.506870692887602
fort_myers-8725520-usa-noaa,26.648,-81.871,603,noaa,1.051959517850112
fort_point-8423898-usa-noaa,43.0714,-70.7106,636,noaa,1.0998784786617548
fort_pulaski-8670870-usa-noaa,32.0367,-80.9017,993,noaa,2.059075952981999
fort_pulaski_ga-752a-usa-uhslc,32.033,-80.902,993,uhslc,2.0602726397877467
fort_wayne_mi-9044036-usa-noaa,42.2983,-83.0933,386,noaa,0.7751027226332525
forteau_bay-2590-can-meds,51.45,-56.88,434,meds,0.8315485635093489
fos_sur_mer-719-fra-refmar,43.4049,4.8929,107,refmar,0.449330849680938
fredericia-fre-dnk-cmems,55.5667,9.75,708,cmems,1.221589898145551
frederikshavn-fre-dnk-cmems,57.4333,10.5667,798,cmems,1.398236047331792
fremantle-175a-aus-uhslc,-32.05,115.733,444,uhslc,0.8394703773070833
fremantle-62230-aus-bom,-32.0558,115.7395,444,bom,0.872501215616824
french_frigate-014a-usa-uhslc,23.868,-166.288,126,uhslc,0.4709509456793666
friday_harbor-9449880-usa-noaa,48.5453,-123.0129,466,noaa,0.863309513858159
fuerteventura-fue-esp-cmems,28.5,-13.85,30,cmems,0.3060999874076162
fukaura-ma57-jpn-jodc_jma,40.6472,139.9264,150,jodc_jma,0.5022309331767895
fukue-ma50-jpn-jodc_jma,32.6961,128.8494,398,jodc_jma,0.7884801996047691
fulford_harbour_bc-7330-can-meds,48.77,-123.45,362,meds,0.7422032697801999
funafuti-025a-tuv-uhslc,-8.525,179.195,28,uhslc,0.3013313846447135
funafuti-025b-tuv-uhslc,-8.503,179.21,27,uhslc,0.2983592946231855
funafuti-67440-tuv-bom,-8.5025,179.1952,27,bom,0.2982802102706071
funchal-218b-prt-uhslc,32.643,-16.913,502,uhslc,0.9043248077753164
furuogrund-2055-swe-smhi,64.9158,21.2306,619,smhi,1.0781205967455725
furuogrund-fur-swe-cmems,64.9158,21.2306,619,cmems,1.0781338795811948
fushikitoyamako-0107-jpn-jodc_pahb,36.7752,137.1181,81,jodc_pahb,0.4043666679877042
fynshav-fyn-dnk-cmems,55.0,9.9833,827,cmems,1.467211588616739
galets_60minute-gal-fra-cmems,-20.92,55.3,633,cmems,1.0949040338862583
galveston_bay_entrance-8771341-usa-noaa,29.3573,-94.7248,624,noaa,1.0831134179064787
galveston_pier_21-775a-usa-uhslc,29.31,-94.793,1067,uhslc,2.554140264442112
galveston_pier_21-8771450-usa-noaa,29.31,-94.7933,1067,noaa,2.650378615927298
galveston_pleasure_pier-8771510-usa-noaa,29.2853,-94.7894,1041,noaa,2.6231764565065974
galveston_ppier-767a-usa-uhslc,29.287,-94.79,1041,uhslc,2.372017924195039
galway_port-gal-irl-mi_c,53.269,-9.048,855,mi_c,1.5275950421063706
gamebridge_ontario-16500-can-meds,44.47,-79.17,20,meds,0.2692376729401329
gan-109a-mdv-uhslc,-0.687,73.152,2,uhslc,0.1652236998011615
gandia-gan-esp-cmems,38.995,-0.152,215,cmems,0.5707398293248896
gatineau-16105-can-meds,45.43,-75.71,839,meds,1.497280218715909
gedser-837a-dnk-uhslc,54.567,11.933,865,uhslc,1.551999292479446
gedser-ged-dnk-dmi,54.5667,11.9333,865,dmi,1.838560937440504
geelong-60770-aus-bom,-38.1467,144.3633,393,bom,0.7828280859904132
genova-gen-ita-ispra,44.4101,8.9255,110,ispra,0.4507409790423024
georgetown-60950-aus-bom,-41.11,146.82,666,bom,1.14319609478013
geraldton-62290-aus-bom,-28.776,114.6019,432,bom,0.8258592633444096
geting-326a-mys-uhslc,6.227,102.107,420,uhslc,0.8132581112671038
geulhaven-geulhvn-nld-rws,51.8886,4.3138,1028,rws,2.2775882153159386
gibraltar-289a-gbr-uhslc,36.133,-5.35,115,uhslc,0.4558747117779241
gibraltar_mi-9044020-usa-noaa,42.0917,-83.1867,925,noaa,1.6930462733555582
gijon-gij-esp-cmems,43.558,-5.698,146,cmems,0.4988689308864292
gladstone-59750-aus-bom,-23.8333,151.25,631,bom,1.0920922904946286
gloucester_point-8637624-usa-noaa,37.2467,-76.5,784,noaa,1.3774585537662711
gluckstadt-80-deu-wsv,53.7844,9.4094,1143,wsv,3.90978250100528
gobo-ma68-jpn-jodc_jma,33.8508,135.1644,330,jodc_jma,0.704488555785964
goderich_ontario-11860-can-meds,43.75,-81.73,284,meds,0.6500053294017214
goidschalxoord-goidsod-nld-rws,51.8303,4.4516,928,rws,1.7089253903247774
gold_coast_southport-60051-aus-bom,-27.9667,153.4167,207,bom,0.5651512701493306
gomera-gom-esp-cmems,28.0,-17.0,8,cmems,0.2149272933503127
goods_island-58200-aus-bom,-10.5639,142.1486,970,bom,1.8663721017882324
goteborg_torshamnen-2109-swe-smhi,57.6847,11.7906,796,smhi,1.3983308533777303
goteborgklippan-got-swe-cmems,57.6833,11.9,639,cmems,1.101621896054547
goteborgorsh-819a-swe-uhslc,57.685,11.79,796,uhslc,1.395373934473142
goteborgtorshamnen-got-swe-cmems,57.6847,11.7906,796,cmems,1.3953739348178311
gouda_brug-goudbg-nld-rws,52.0068,4.7206,994,rws,2.0681492790983618
grand_isle-8761724-usa-noaa,29.263,-89.957,689,noaa,1.2333558304962255
grand_isle_la-765a-usa-uhslc,29.263,-89.957,689,uhslc,1.1972509459664726
grauerort-81-deu-wsv,53.6779,9.4949,1156,wsv,4.235910516173958
green_bay_wi-9087079-usa-noaa,44.5411,-88.0072,919,noaa,1.678598287510192
greifswald_wiek-gre-deu-bfg,54.0977,13.4572,819,bfg,1.4458223285534628
grena-gre-dnk-cmems,56.4111,10.9306,924,cmems,1.6898279643215643
grenville-16045-can-meds,45.63,-74.61,548,meds,0.9678384962358486
grondines-3325-can-meds,46.59,-72.04,949,meds,1.7836156730943753
groote_eylandt-145a-aus-uhslc,-13.86,136.417,717,uhslc,1.2329953073526625
gros_cap_ontario-10920-can-meds,46.53,-84.59,290,meds,0.6587356502453996
guaymas-397-mex-unam,27.9217,-110.8833,198,unam,0.5604715610342372
guaymas-397a-mex-uhslc,27.933,-110.9,197,uhslc,0.5604710430797603
hachijyojima-hd11-jpn-jodc_jcg,33.1303,139.8047,687,jodc_jcg,1.1889192798136117
hachinohe-375a-jpn-uhslc,40.533,141.533,116,uhslc,0.4571946612706104
hachinohe-ma08-jpn-jodc_jma,40.5317,141.5278,116,jodc_jma,0.4648500445067875
hagestein_beneden-hagsbndn-nld-rws,51.9933,5.1321,1088,rws,2.744404446764998
haikou-638a-chn-uhslc,20.017,110.283,979,uhslc,1.9920676967773852
hakata-hd18-jpn-jodc_jcg,33.6186,130.4078,770,jodc_jcg,1.349119593268293
hakodate-364a-jpn-uhslc,41.783,140.717,123,uhslc,0.4650044289902555
hakodate-ma06-jpn-jodc_jma,41.7817,140.7247,123,jodc_jma,0.507119992527739
halifax-275a-can-uhslc,44.667,-63.583,644,uhslc,1.1092108043042457
halifax-490-can-meds,44.67,-63.58,644,meds,1.1091481600016584
hamada-348a-jpn-uhslc,34.9,132.067,373,uhslc,0.7548052603983613
hamada-ma66-jpn-jodc_jma,34.8972,132.0661,373,jodc_jma,0.7542712740308909
hamina-ham-fin-cmems,60.5628,27.1792,773,cmems,1.35522420463571
hamina_pitajansaari-134254-fin-fmi,60.56,27.18,773,fmi,1.3552242008472226
hammerfest-hft-nor-nhs,70.6646,23.6832,490,nhs,0.889304636870364
hanasaki-ma03-jpn-jodc_jma,43.2781,145.5678,323,jodc_jma,0.6964584969152694
hanimaadhoo-117b-mdv-uhslc,6.767,73.173,12,uhslc,0.2523304072021933
hanko-han-fin-cmems,59.8229,22.9766,392,cmems,0.7814527447981889
hanko_pikku_kolalahti-134253-fin-fmi,59.82,22.98,392,fmi,0.7814527294164669
hansweert-hanswt-nld-rws,51.4456,4.007,1081,rws,2.6639697881893576
harbor_beach_mi-9075014-usa-noaa,43.8464,-82.6431,196,noaa,0.559418850742282
harburg-3341-deu-wsv,53.4727,9.9918,1165,wsv,4.683044676801603
haringvliet_10-harvt10-nld-rws,51.8631,3.8608,1044,rws,2.3850851879422152
haringvlietsluizen_buiten-harvszbtn-nld-rws,51.8292,4.0448,1077,rws,2.6356464833768967
harlingen-harlgn-nld-rws,53.1756,5.4093,1110,rws,2.989438272216208
harrington_harbour-2550-can-meds,50.5,-59.48,628,meds,1.0917062452668016
harrisville_mi-9075059-usa-noaa,44.6593,-83.2863,74,noaa,0.3889352085215824
harstad-har-nor-nhs,68.8013,16.5482,457,nhs,0.8566772613417879
harvest_oil_p_ca-594a-usa-uhslc,34.468,-120.673,37,uhslc,0.3203987292913409
harvey-dvhar01-aus-bom,-32.6835,115.6761,292,bom,0.6603595754789263
havre_de_grace-8574070-usa-noaa,39.5367,-76.09,929,noaa,1.7117804363823623
hay_point-59511-aus-bom,-21.2683,149.3033,665,bom,1.141939168714873
hechthausen-83-deu-wsv,53.6405,9.2528,1013,wsv,2.170194137496712
heimsjo-hei-nor-nhs,63.4252,9.1015,875,nhs,1.5808137599655216
helgeroa-hro-nor-nhs,58.9952,9.8564,710,nhs,1.2240456128920396
helgoland-84-deu-wsv,54.1789,7.8899,1074,wsv,2.598647415177004
helsinki-hel-fin-cmems,60.1536,24.9562,581,cmems,1.0202447893938762
helsinki_kaivopuisto-132310-fin-fmi,60.15,24.96,581,fmi,1.0202447816495008
herne_bay-hby-gbr-cco,51.382,1.1155,1124,cco,3.29484500857982
hesnaes-hes-dnk-cmems,54.8167,12.1333,967,cmems,1.861755292525044
hetlingen-4876-deu-wsv,53.6094,9.5843,1158,wsv,4.277042620753229
heysham-hey-gbr-bodc,54.0318,-2.9202,1047,bodc,2.3923240873820304
hillarys-132a-aus-uhslc,-31.825,115.738,376,uhslc,0.7721431843218558
hillarys-62237-aus-bom,-31.8256,115.7386,376,bom,0.7620472048623199
hilo-1617760-usa-noaa,19.7303,-155.06,186,noaa,0.5832828270940383
hilo_hawaii-060a-usa-uhslc,19.733,-155.067,186,uhslc,0.5462000702671821
hinkley-hin-gbr-cmems,51.2167,-3.1333,983,cmems,2.6566920658481825
hinkley_point-hin-gbr-bodc,51.2152,-3.1345,983,bodc,2.0145360696624666
hirarako-0151-jpn-jodc_pahb,24.8133,125.2783,364,jodc_pahb,0.743501127391798
hiron_point-134a-bgd-uhslc,21.783,89.467,891,uhslc,1.6194059525970417
hiroshima-hd14-jpn-jodc_jcg,34.3531,132.4647,1025,jodc_jcg,2.26397199177889
hobart-339a-aus-uhslc,-42.877,147.342,205,uhslc,0.5637279995048889
hobart-61220-aus-bom,-42.8773,147.341,205,bom,1.1994061000352858
hoek_van_holland-hoekvhld-nld-rws,51.9776,4.1199,1027,rws,2.2719514687946765
holland_cut_near_bethel_island-hol-usa-cdwr,38.0164,-121.5819,803,cdwr,1.4102585478638625
holland_mi-9087031-usa-noaa,42.7733,-86.2128,244,noaa,0.5947148152450324
holwerd-holwd-nld-rws,53.3954,5.8766,1108,rws,2.981933188065044
holyhead-hol-gbr-bodc,53.3139,-4.6204,720,bodc,1.2454815054151576
hong_kong-329a-hkg-uhslc,22.3,114.2,828,uhslc,1.4681544621995823
hong_kong-329b-hkg-uhslc,22.3,114.217,828,uhslc,2.017752154848514
honiara-009a-slb-uhslc,-9.425,159.957,3,uhslc,0.2458569048112404
honiara-009b-slb-uhslc,-9.422,159.955,3,uhslc,0.1881604081522782
honiara-56670-slb-bom,-9.4289,159.9554,3,bom,0.2493968307747796
honningsvag-801a-nor-uhslc,70.983,25.983,310,uhslc,0.6786379768030306
honningsvag-hvg-nor-nhs,70.9803,25.9727,310,nhs,0.8126772319588597
honolulu-1612340-usa-noaa,21.3067,-157.867,259,noaa,0.8764477374808572
honolulu_hawaii-057b-usa-uhslc,21.307,-157.867,259,uhslc,0.6094051538900872
hornbaek-838a-dnk-uhslc,56.1,12.467,824,uhslc,1.6912083880443494
hornbaek-hor-dnk-cmems,56.1,12.4667,824,cmems,1.46535758564769
hornbaek-hor-dnk-dmi,56.1,12.4667,824,dmi,1.870720293009944
hosojima-358a-jpn-uhslc,32.417,131.683,413,uhslc,0.8029545978254574
hosojima-gs02-jpn-jodc_giaj,32.4286,131.6695,413,jodc_giaj,0.8737260780089323
hovell_pile-60721-aus-bom,-38.3271,144.8987,326,bom,0.7004120138982448
huelva-hue-esp-cmems,37.132,-6.834,213,cmems,0.5681320807055634
huibertgat-huibgt-nld-rws,53.5737,6.3984,1075,rws,2.60930064701725
humboldt_bay_ca-576a-usa-uhslc,40.767,-124.217,343,uhslc,0.7201713489488415
i_295_bridge-8720357-usa-noaa,30.1917,-81.6917,836,noaa,1.493126612916086
ibis-ibs-usa-cdwr,38.157,-122.113,975,cdwr,1.915633588227582
ibiza-ibi-esp-cmems,38.9111,1.4497,49,cmems,0.3345064765702057
ijmuiden_buitenhaven-ijmdbthvn-nld-rws,52.4623,4.5548,1061,rws,2.4812461054932458
ilfracombe-ilf-gbr-bodc,51.2111,-4.1124,1066,bodc,2.51552728409827
ilha_fiscal_rj-280a-bra-uhslc,-22.897,-43.165,817,uhslc,1.4457038645626823
ilmenau_sperrwerk-86-deu-wsv,53.3939,10.1785,1157,wsv,4.29245903175673
immingham-imm-gbr-bodc,53.6304,-0.1875,1045,bodc,2.388192894367116
imperia-imp-ita-ispra,43.8783,8.0189,467,ispra,0.8633139365359319
ince_point-58140-aus-bom,-10.575,142.3117,180,bom,0.5410013999307234
irouzaki-ma78-jpn-jodc_jma,34.6117,138.8492,668,jodc_jma,1.145572100871757
ishigaki-365a-jpn-uhslc,24.333,124.15,443,uhslc,0.8403766939791327
ishigaki-ma45-jpn-jodc_jma,24.3322,124.1636,443,jodc_jma,0.8376564221000701
ishikariko-0145-jpn-jodc_pahb,43.2133,141.3117,305,jodc_pahb,0.6745245861574375
ito-gs19-jpn-jodc_giaj,34.8956,139.133,173,jodc_giaj,0.5302357839628136
itzehoe-87-deu-wsv,53.9212,9.5014,1085,wsv,2.69834823202126
iwanaiko-0137-jpn-jodc_pahb,42.9872,140.5072,206,jodc_pahb,0.5640922638695864
izuhara-hd23-jpn-jodc_jcg,34.1978,129.2917,657,jodc_jcg,1.1241896980547683
jackson_bay-65180-nzl-bom,-43.9728,168.6156,361,bom,0.7416966715706492
jakarta-161a-idn-uhslc,-6.117,106.85,428,uhslc,0.8213035602532811
jervis_bay-216470-aus-bom,-35.122,150.7076,62,bom,0.3664633627042837
johnston-052a-usa-uhslc,16.738,-169.53,324,uhslc,1.0335156665925596
johnston_atoll-1619000-usa-noaa,16.7383,-169.53,324,noaa,0.6974493192391426
johor_baharu-321a-mys-uhslc,1.462,103.792,311,uhslc,0.6815737589808175
juan_fernandez-021b-chl-uhslc,-33.637,-78.83,322,uhslc,0.6953073217597283
juelsminde-jue-dnk-cmems,55.7167,10.0167,988,cmems,2.0314809748851546
juneau-9452210-usa-noaa,58.2988,-134.4106,768,noaa,1.3375065607317171
jurien_bay-jujur01-aus-bom,-30.2872,115.0428,260,bom,0.6184480734926625
juten_sjov-35101-swe-smhi,58.6328,16.3336,417,smhi,0.8068103521732828
kabelvag-kab-nor-nhs,68.2126,14.4821,763,nhs,1.3293067636721911
kagoshima-ma42-jpn-jodc_jma,31.5925,130.5647,605,jodc_jma,1.0534768323231254
kahului-059a-usa-uhslc,20.9,-156.467,366,uhslc,0.7462071703283271
kahului-1615680-usa-noaa,20.895,-156.4767,366,noaa,0.7441172065415954
kainan-gs05-jpn-jodc_giaj,34.1442,135.1914,394,jodc_giaj,0.7831533632283354
kalix_storon-2157-swe-smhi,65.6969,23.0961,734,smhi,1.267039110878013
kalixstoron-kal-swe-cmems,65.6969,23.0961,734,cmems,1.2671215954387898
kamaishi-hd05-jpn-jodc_jcg,39.2733,141.8892,570,jodc_jcg,1.0069626972383183
kanazawako-0105-jpn-jodc_pahb,36.6178,136.6028,111,jodc_pahb,0.45138645304203
kanmen-632a-chn-uhslc,28.088,121.282,904,uhslc,1.6514602434375494
kanton-013a-kir-uhslc,-2.81,-171.718,25,uhslc,0.4553338792841627
kanton-013b-kir-uhslc,-2.81,-171.718,25,uhslc,0.2895604040011349
kaohsiung-340a-chn-uhslc,22.615,120.288,193,uhslc,0.555354387296445
kapingamarangi-029a-fsm-uhslc,1.098,154.777,319,uhslc,0.6907814759468268
kariya-gs17-jpn-jodc_giaj,33.4731,129.8492,786,jodc_giaj,1.3812161823835434
karumba-63580-aus-bom,-17.4917,140.8333,995,bom,2.073329698917856
kashimako-0101-jpn-jodc_pahb,35.9295,140.6936,429,jodc_pahb,0.8222776433880308
kashiwazaki-gs08-jpn-jodc_giaj,37.3567,138.5086,304,jodc_giaj,0.6743248089184309
kaskinen-kas-fin-cmems,62.344,21.2148,558,cmems,0.986913210625366
kaskinen_adskar-134251-fin-fmi,62.34,21.21,558,fmi,0.986913215654855
kats_buiten-katsbtn-nld-rws,51.5439,3.8654,1034,rws,2.3073764743525484
katsuura-gs11-jpn-jodc_giaj,35.1294,140.2494,489,jodc_giaj,0.8889482292457729
kawaihae-1617433-usa-noaa,20.0366,-155.8294,242,noaa,0.5994300548278778
kawaihae-552a-usa-uhslc,20.033,-155.833,242,uhslc,0.5940939337276119
kawasaki-ma59-jpn-jodc_jma,35.5,139.7667,483,jodc_jma,0.8819486576377573
keelung-341a-chn-uhslc,25.155,121.752,407,uhslc,0.7967152565104423
keizersveer-keizvr-nld-rws,51.7202,4.8944,758,rws,1.3148216800523556
kelang-140a-mys-uhslc,3.05,101.358,561,uhslc,0.9893625578728515
keling-141a-mys-uhslc,2.215,102.153,101,uhslc,0.4445373341401279
kemi-kem-fin-cmems,65.6729,24.5153,868,cmems,1.5587336254480368
kemi_ajos-100539-fin-fmi,65.67,24.52,868,fmi,1.558733622145725
kerguelen-180a-fra-uhslc,-49.345,70.22,214,uhslc,0.570700905434833
ketchikan-9450460-usa-noaa,55.3319,-131.6261,859,noaa,1.6527653281474268
ketchikan_ak-571a-usa-uhslc,55.333,-131.625,859,uhslc,1.533965772706213
key_colony_beach-8723962-usa-noaa,24.7183,-81.0167,78,noaa,0.4028555267175256
key_west-8724580-usa-noaa,24.5508,-81.8081,450,noaa,0.8455608298959434
key_west_fl-242a-usa-uhslc,24.553,-81.808,450,uhslc,0.8453904687200346
kielholtenau-kie-deu-cmems,54.3722,10.1569,898,cmems,1.6370181837382305
killybegs-kil-irl-cmems,54.6364,-8.3949,621,cmems,1.1409145740329234
killybegs_port-kil-irl-mi_c,54.6364,-8.3949,621,mi_c,1.0803231875858426
king_cove-9459881-usa-noaa,55.0599,-162.3261,593,noaa,1.0415637332318812
kings_point-8516945-usa-noaa,40.8103,-73.765,1134,noaa,3.613666985502234
kingston_ontario-13988-can-meds,44.22,-76.52,288,meds,0.6539174135503295
kingsville_ontario-12065-can-meds,42.03,-82.73,876,meds,1.5830632526411417
kinlochbervie-kin-gbr-bodc,58.4567,-5.0502,735,bodc,1.2698545546895432
kiptopeke-8632200-usa-noaa,37.1652,-75.9884,587,noaa,1.034722534938494
klagshamn-2095-swe-smhi,55.5222,12.8936,751,smhi,1.3023408361353783
klagshamn-kla-swe-cmems,55.5222,12.8936,751,cmems,1.3023408361256654
knysna-186a-zaf-uhslc,-34.05,23.045,527,uhslc,0.939346801349938
ko_lak-328a-tha-uhslc,11.795,99.817,703,uhslc,1.214486685423892
ko_taphao_noi-148a-tha-uhslc,7.832,98.425,258,uhslc,0.6082616702715729
kobe-ma31-jpn-jodc_jma,34.6822,135.1903,741,jodc_jma,1.2813499685291945
kobenhavn-kob-dnk-cmems,55.7,12.6,594,cmems,1.0419844272275427
kochi-ma38-jpn-jodc_jma,33.4992,133.5692,505,jodc_jma,0.9076291930067472
kodiak_isl_alaska-039a-usa-uhslc,57.732,-152.512,359,uhslc,0.9295762107777992
kodiak_island-9457292-usa-noaa,57.7303,-152.5139,359,noaa,0.7398001806310354
kolka-kol-lva-cmems,57.7333,22.5833,727,cmems,1.2522592791978857
kollmar-88-deu-wsv,53.732,9.4608,1149,wsv,3.9909835035607335
komatsushima-ma36-jpn-jodc_jma,34.0092,134.5878,526,jodc_jma,0.9383136012030416
kop_van_het_land-kopvhld-nld-rws,51.7883,4.7576,696,rws,1.2056841384222652
kornwerderzand_buiten-kornwdzbtn-nld-rws,53.0699,5.3366,1091,rws,2.7777996816994346
korsor-kor-dnk-cmems,55.3333,11.1333,607,cmems,1.0564287115470168
koserow-kos-deu-cmems,54.0603,14.0008,848,cmems,1.511895624129892
kota_kinabalu-386a-mys-uhslc,5.983,116.067,276,uhslc,0.6397145425386574
kozushima-hd09-jpn-jodc_jcg,34.2092,139.1317,512,jodc_jcg,0.9195124913899642
krammer-krammr-nld-rws,51.6663,4.0954,1036,rws,2.3128429411051368
krammersluizen_west-krammszwt-nld-rws,51.6593,4.1443,1065,rws,2.504392595608379
krautsand-89-deu-wsv,53.754,9.3908,1144,wsv,3.910119219263679
kreekrak_noord-kreekrnd-nld-rws,51.45,4.2298,1098,rws,2.8344290072265994
krimpen_ad_ijssel-krimpadijsl-nld-rws,51.9165,4.5785,996,rws,2.07992826265085
krimpen_ad_lek-krimpadlk-nld-rws,51.8907,4.6289,976,rws,1.9369398443207475
kristiansund-ksu-nor-nhs,63.1139,7.7344,585,nhs,1.0323737788290928
kronstadt-kro-rus-cmems,59.9667,29.75,837,cmems,1.495038474041258
kruckau_sperrwerk_bp-90-deu-wsv,53.7164,9.5262,1129,wsv,3.418080044411953
kuantan-322a-mys-uhslc,3.975,103.43,272,uhslc,0.6385352620395145
kuchinotsu-ma48-jpn-jodc_jma,32.6053,130.1953,623,jodc_jma,1.0811365366487895
kujiko-0111-jpn-jodc_pahb,40.1922,141.7967,750,jodc_pahb,1.3019971130710604
kukup-325a-mys-uhslc,1.325,103.443,491,uhslc,0.8913025991139538
kumano-ma65-jpn-jodc_jma,33.9258,136.1689,188,jodc_jma,0.5490524818633028
kungsholmsfort-2088-swe-smhi,56.1053,15.5894,523,smhi,0.937556433926304
kungsholmsfort-kun-swe-cmems,56.1053,15.5894,523,cmems,0.9376196006205592
kungsvik-2130-swe-smhi,58.9967,11.1272,744,smhi,1.2919743895863451
kungsvik-kun-swe-cmems,58.9967,11.1272,744,cmems,1.2915283503171713
kure-gs13-jpn-jodc_giaj,33.3336,133.2433,456,jodc_giaj,0.8564514046698105
kure-hd13-jpn-jodc_jcg,34.2405,132.5503,810,jodc_jcg,1.43502899462884
kurihamako-0161-jpn-jodc_pahb,35.2275,139.7211,353,jodc_pahb,0.730174376841131
kushimoto-353a-jpn-uhslc,33.483,135.767,557,uhslc,0.9843763842388048
kushimoto-ma26-jpn-jodc_jma,33.4758,135.7733,557,jodc_jma,0.9951224427134222
kushiro-350a-jpn-uhslc,42.967,144.367,224,uhslc,0.575269730710454
kushiro-ma04-jpn-jodc_jma,42.9755,144.3714,224,jodc_jma,0.5782591953389807
kutsugatako-0129-jpn-jodc_pahb,45.1895,141.138,357,jodc_pahb,0.7353537297162649
kwajalein-055a-mhl-uhslc,8.733,167.733,65,uhslc,0.4018567114853066
kwajalein-1820000-usa-noaa,8.7317,167.7361,65,noaa,0.3723130355168388
la_coruna-830a-esp-uhslc,43.367,-8.4,108,uhslc,1.5136953074006003
la_jolla-9410230-usa-noaa,32.8669,-117.2571,294,noaa,0.8153334454921661
la_jolla_ca-554a-usa-uhslc,32.867,-117.257,294,uhslc,0.6633907186084402
la_libertad-091a-ecu-uhslc,-2.2,-80.917,268,uhslc,0.6288988618873995
la_paz-671-mex-unam,24.2667,-110.3333,341,unam,0.7180430594671962
la_paz-671a-mex-uhslc,24.162,-110.345,340,uhslc,0.7180197903635208
la_prairie-15470-can-meds,45.47,-73.51,785,meds,1.3789226535518373
la_push-9442396-usa-noaa,47.913,-124.6369,1126,noaa,3.3253146499682247
la_salle_ontario-11985-can-meds,42.24,-83.11,397,meds,0.7878239753488039
la_union-086a-slv-uhslc,13.333,-87.817,540,uhslc,0.964358020962737
lac_saint_pierre-15975-can-meds,46.19,-72.9,777,meds,1.3593766384319097
lachine-15390-can-meds,45.43,-73.67,465,meds,0.8629500638525516
lagos_algarve-723a-prt-uhslc,37.098,-8.668,235,uhslc,0.5854058374313156
lameshur_bay-9751381-usa-noaa,18.3182,-64.7242,67,noaa,0.3772350013480862
lampedusa-lam-ita-ispra,35.4998,12.6044,651,ispra,1.1160016947125266
lamu-149b-ken-uhslc,-2.272,40.903,26,uhslc,0.2973263675764326
landsort-2073-swe-smhi,58.75,17.8667,202,smhi,0.5626157367575342
landsort1-lan-swe-cmems,58.75,17.8667,202,cmems,0.5626542278153944
landsort_norra-2507-swe-smhi,58.7689,17.8589,77,smhi,0.3991319063515365
landsortnorra-lan-swe-cmems,58.7689,17.8589,77,cmems,0.421166425499748
langkawi-142a-mys-uhslc,6.87,99.77,83,uhslc,0.4130531053082011
lapalma-lap-esp-cmems,28.678,-17.768,11,cmems,0.239724866026138
lark_harbour-2685-can-meds,49.1,-58.37,650,meds,1.1152669169583995
las_palmas-217d-esp-uhslc,28.133,-15.417,32,uhslc,0.3089090153582039
laspalmas-las-esp-cmems,28.141,-15.412,32,cmems,0.3850693021579984
lautoka-402a-fji-uhslc,-17.605,177.438,156,uhslc,0.5077946891308154
lautoka-67070-fji-bom,-17.6053,177.4381,156,bom,0.5096596230037989
lauwersoog-lauwog-nld-rws,53.4087,6.197,1118,rws,3.128666098763456
lauzon-3250-can-meds,46.83,-71.16,1122,meds,3.1967622294456355
lavaltrie-15793-can-meds,45.88,-73.27,902,meds,1.6506197550935195
lawma-8764227-usa-noaa,29.4496,-91.3381,948,noaa,1.778605409390586
le_conquet-152-fra-refmar,48.3591,-4.7808,789,refmar,1.3842166440344037
le_crouesty-185-fra-refmar,47.5427,-2.8952,583,refmar,1.022838107166318
le_havre-4-fra-refmar,49.4819,0.106,964,refmar,1.8511522077865887
le_pellerin-398-fra-refmar,47.2054,-1.7651,991,refmar,2.0812639383219302
leconquet_60minute-lec-fra-cmems,48.3593,-4.7809,789,cmems,1.3847482846217385
lecrouesty_60minute-lec-fra-cmems,47.5429,-2.8954,583,cmems,1.0232030792134936
legaspi-371a-phl-uhslc,13.145,123.758,518,uhslc,0.9284532514268607
lehavre_60minute-leh-fra-cmems,49.4816,0.1056,964,cmems,1.8502462510998088
leith-lei-gbr-bodc,55.9898,-3.1817,833,bodc,1.4848985898331202
lepellerin_60minute-lep-fra-cmems,47.2054,-1.7651,991,cmems,2.0512019021886547
lerwick-293a-gbr-uhslc,60.155,-1.14,327,uhslc,0.7010144146311925
lerwick-ler-gbr-bodc,60.154,-1.1403,327,bodc,0.7326522941008979
lerwick-ler-gbr-cmems,60.1546,-1.1384,327,cmems,1.1865004855155017
les_sables_d_olonne-62-fra-refmar,46.4974,-1.7935,694,refmar,1.2077160535796894
lessablesdolonne_60minute-les-fra-cmems,46.4975,-1.7938,694,cmems,1.2052140044381936
leuchtturm_alte_wese-4094-deu-wsv,53.8633,8.1276,1102,wsv,2.846139836423879
lewes-8557380-usa-noaa,38.7828,-75.1192,882,noaa,1.5934740875314497
lewes_de-747a-usa-uhslc,38.782,-75.12,882,uhslc,1.5935016427095905
lewisetta-8635750-usa-noaa,37.9953,-76.4647,609,noaa,1.0578101927713055
liberty_island_rd2068-lir-usa-cdwr,38.3293,-121.694,1006,cdwr,2.1245449262612293
lichteiland_goeree-lichtelgre-nld-rws,51.9258,3.6697,1032,rws,2.302748993663012
lime_tree_bay-9751401-usa-noaa,17.6947,-64.7538,218,noaa,0.5731072850613211
limetree_bay-254a-usa-uhslc,17.697,-64.753,218,uhslc,0.5733958378777518
little_current_ontario-11195-can-meds,45.98,-81.93,346,meds,0.7227006377942156
liverpool-liv-gbr-cmems,53.45,-3.0167,999,cmems,2.349811989756594
liverpool_gladstone_dock-liv-gbr-bodc,53.4497,-3.0181,999,bodc,2.100665697093424
livorno-liv-ita-ispra,43.5463,10.2993,148,ispra,0.4995062814943187
lobos_de_afuera-084a-per-uhslc,-6.933,-80.717,312,uhslc,0.6836077891098936
lombrum-56130-png-bom,-2.0367,147.3753,5,bom,0.2034208340797314
lombrum_manus_is-400a-png-uhslc,-2.037,147.375,5,uhslc,0.2034208340797314
long_sault_ontario-14800-can-meds,45.03,-74.89,809,meds,1.431161964749197
longview-9440422-usa-noaa,46.1061,-122.9542,972,noaa,1.876164802292221
lord_howe-399b-aus-uhslc,-31.517,159.067,299,uhslc,0.669857681888933
lord_howe_island-57720-aus-bom,-31.5236,159.0582,299,bom,0.6975652092121479
lorne-60790-aus-bom,-38.5472,143.9888,384,bom,0.7735907438364265
los_angeles-9410660-usa-noaa,33.7199,-118.2729,154,noaa,0.7966172296001112
los_angeles_ca-567a-usa-uhslc,33.72,-118.272,154,uhslc,0.506419595821743
low_head-60948-aus-bom,-41.0651,146.7947,416,bom,0.8059446219407843
lower_escuminac-2000-can-meds,47.08,-64.88,858,meds,1.5335308642181154
lower_iroquois_ontario-14602-can-meds,44.83,-75.31,556,meds,0.981494320835125
lowestoft-low-gbr-bodc,52.4731,1.7503,1009,bodc,2.4363768860707182
lowestoft-low-gbr-cmems,52.4667,1.75,1009,cmems,2.15173768789371
lucinda_offshore-59200-aus-bom,-18.5217,146.385,752,bom,1.3064549837351112
luderitz-702a-zaf-uhslc,-26.65,15.15,492,uhslc,0.8914340571690961
ludington_mi-9087023-usa-noaa,43.9474,-86.4416,80,noaa,0.4035698003084011
luhort-91-deu-wsv,53.5714,9.6337,1159,wsv,4.307957937253693
lumut-143a-mys-uhslc,4.24,100.613,63,uhslc,0.3678206513509405
lusi-633a-chn-uhslc,32.133,121.617,954,uhslc,1.7911474015073243
lymington-lym-gbr-cco,50.7403,-1.5071,625,cco,1.084386058433494
lyttelton-667a-nzl-uhslc,-43.6,172.717,430,uhslc,0.8225246799955841
ma58-ma58-jpn-jodc_jma,27.0939,142.1947,212,jodc_jma,0.5699070929894778
maassluis-maasss-nld-rws,51.9175,4.2498,1010,rws,2.1530390280063125
mackay_outer_harbour-59510-aus-bom,-21.1167,149.2333,1078,bom,2.639435110836404
mackinaw_city_mi-9075080-usa-noaa,45.8,-84.7211,122,noaa,0.4643830587089634
macquarie_is-680c-aus-uhslc,-54.483,158.967,143,uhslc,0.4931373207277993
madang-066a-png-uhslc,-5.2,145.8,9,uhslc,0.221537079465575
madeira-715a-bra-uhslc,-2.565,-44.378,1011,uhslc,2.1558946502925624
magueyes_island-9759110-usa-noaa,17.9701,-67.0464,266,noaa,0.6265375466143195
magueyes_island_pr-246a-usa-uhslc,17.972,-67.047,266,uhslc,0.6265397753991361
maisaka-356a-jpn-uhslc,34.683,137.617,620,uhslc,1.078225928179038
maisaka-ma21-jpn-jodc_jma,34.682,137.6089,620,jodc_jma,1.1032819873316362
maizuru-hd24-jpn-jodc_jcg,35.4514,135.3178,160,jodc_jcg,0.5167436139020003
maizuru-ma55-jpn-jodc_jma,35.4767,135.387,141,jodc_jma,0.4911661889875503
majuro-005a-mhl-uhslc,7.107,171.373,41,uhslc,0.3626045956015641
majuro-005b-mhl-uhslc,7.108,171.372,41,uhslc,0.3221835614305529
majuro-67680-mhl-bom,7.106,171.3728,41,bom,0.3217592066910461
makurazaki-ma43-jpn-jodc_jma,31.2678,130.293,573,jodc_jma,1.0128987763106867
malaga-mal-esp-cmems,36.712,-4.417,66,cmems,0.3763954975836793
malaga-mala-esp-ieo,36.7127,-4.4154,66,ieo,0.6649616652077366
malakal-007b-plw-uhslc,7.33,134.463,149,uhslc,0.5006623608961311
male_hulule-108b-mdv-uhslc,4.19,73.527,6,uhslc,0.2089293352942159
malin_head-834a-irl-uhslc,55.367,-7.333,1094,uhslc,2.7920502233678106
malmo-2098-swe-smhi,55.6167,13.0,684,smhi,1.181918498972807
malmo-mal-swe-cmems,55.6167,13.0,684,cmems,1.1819184989703342
maloy-802a-nor-uhslc,61.933,5.117,494,uhslc,0.915982813384044
maloy-may-nor-nhs,61.9338,5.1133,494,nhs,0.892215759811263
mandurah_fishermans_jetty-mhman01-aus-bom,-32.5286,115.7153,271,bom,0.6341884251226106
manila-370a-phl-uhslc,14.585,120.968,629,uhslc,1.0918752963137806
manta-089b-ecu-uhslc,-0.932,-80.722,641,uhslc,1.105894347843087
manzanillo-395-mex-unam,19.0567,-104.3183,331,unam,0.7054861367962436
manzanillo-395a-mex-uhslc,19.053,-104.33,331,uhslc,0.7053555386169055
manzanillo-395b-mex-uhslc,19.063,-104.298,350,uhslc,0.7241831153382637
marblehead_oh-9063079-usa-noaa,41.5436,-82.7314,990,noaa,2.0394736532094218
marquette_cg_mi-9099018-usa-noaa,46.5456,-87.3786,52,noaa,0.3417744936100774
marsden_point-398a-nzl-uhslc,-35.833,174.5,301,uhslc,0.6708018756915326
marseille-824a-fra-uhslc,43.278,5.353,480,uhslc,0.8775448707722363
martinez-mrz-usa-cdwr,38.0276,-122.1405,1139,cdwr,3.792301659284522
marviken-2076-swe-smhi,58.5536,16.8372,245,smhi,0.5948376143755378
marviken-mar-swe-cmems,58.5536,16.8372,245,cmems,0.6231344320826563
marysville_mi-9014084-usa-noaa,42.9067,-82.4667,246,noaa,0.5983392073378275
masirah-113a-omn-uhslc,20.687,58.872,262,uhslc,0.6189064133587747
massacre_bay_ak-550a-usa-uhslc,52.833,173.2,509,uhslc,0.913469783101394
matarani-094b-per-uhslc,-17.002,-72.108,332,uhslc,0.7088015544327687
matsumaeko-0121-jpn-jodc_pahb,41.422,140.0914,338,jodc_pahb,0.7158871009770955
matsuyama-ma34-jpn-jodc_jma,33.8589,132.7122,746,jodc_jma,1.296824074333975
mawson-177a-aus-uhslc,-67.6,62.867,574,uhslc,1.014311505676146
mayport_bar_pilots_dock-8720218-usa-noaa,30.3982,-81.4279,719,noaa,1.6639385450215889
mayport_ferry_depot-8720220-usa-noaa,30.3933,-81.4317,719,noaa,1.2416328422994998
mayport_fl-753a-usa-uhslc,30.395,-81.432,719,uhslc,1.2420420060601465
mazatlan-673a-mex-uhslc,23.198,-106.422,440,uhslc,0.8344001666163818
mckay_bay_entrance-8726667-usa-noaa,27.9133,-82.425,981,noaa,2.004822717465637
melbourne_williamstown-60780-aus-bom,-37.8657,144.9165,369,bom,0.746855645674624
melilla-mel-esp-cmems,35.291,-2.918,38,cmems,0.3212927659362795
melville_bay_gove_harbour-63480-aus-bom,-12.2067,136.6717,626,bom,1.084608666123983
menominee_mi-9087088-usa-noaa,45.0959,-87.5899,133,noaa,0.4859103401075891
mera-352a-jpn-uhslc,34.917,139.817,225,uhslc,0.5752940340610003
mera-ma14-jpn-jodc_jma,34.9189,139.825,225,jodc_jma,0.9158363632314668
miami_beach-8723170-usa-da_sat,25.7683,-80.1317,519,da_sat,0.931020798134504
michipicoten_ontario-10750-can-meds,47.96,-84.9,203,meds,0.5634627360586835
middelharnis-middhns-nld-rws,51.7736,4.1924,756,rws,1.3128183465714367
midway-050a-usa-uhslc,28.217,-177.367,469,uhslc,0.865893856458481
mikuni-gs12-jpn-jodc_giaj,36.2544,136.1489,274,jodc_giaj,0.6396834171269418
milford_haven-mha-gbr-bodc,51.7074,-5.0518,723,bodc,1.2508036963203402
millport-mil-gbr-bodc,55.7498,-4.9063,884,bodc,1.6061978033140545
millport-mil-gbr-cmems,55.7497,-4.9047,884,cmems,1.6464818825407903
milner_bay_groote_eylandt-63511-aus-bom,-13.8601,136.4156,717,bom,1.786080886340012
milwaukee_wi-9087057-usa-noaa,43.002,-87.8876,285,noaa,0.6506375512678848
mina_sulman-182a-bhr-uhslc,26.233,50.6,451,uhslc,0.8526397301556058
minamiizu-hd12-jpn-jodc_jcg,34.6253,138.8864,302,jodc_jcg,0.6717722308726578
minamitorishima-049a-jpn-uhslc,24.3,153.967,838,uhslc,1.4972752552048358
minamitorishima-ma70-jpn-jodc_jma,24.2911,153.9775,838,jodc_jma,1.505994414992916
miri-388a-mys-uhslc,4.392,113.972,164,uhslc,0.5224226268164106
misumi-ma46-jpn-jodc_jma,32.623,130.4514,856,jodc_jma,1.5290982453669968
miyakejima-357a-jpn-uhslc,34.067,139.482,354,uhslc,0.7305011254066724
miyakejima-hd10-jpn-jodc_jcg,34.0672,139.4808,354,jodc_jcg,0.7729887616183636
miyakeshima-ma71-jpn-jodc_jma,34.0572,139.5439,555,jodc_jma,0.9779118428688758
miyako-ma09-jpn-jodc_jma,39.6431,141.9753,91,jodc_jma,0.4314716031994001
miyazakiko-0113-jpn-jodc_pahb,31.9028,131.4564,592,jodc_pahb,1.0401432510880897
moerdijk-moerdk-nld-rws,51.7047,4.6225,783,rws,1.3743382353456588
moji-hd17-jpn-jodc_jcg,33.9569,130.9614,630,jodc_jcg,1.0919241130617152
mokelumne_r_at_bensons_ferry_nr_thorton-ben-usa-cdwr,38.2551,-121.4401,1093,cdwr,2.782915069324001
mokuoloe-061a-usa-uhslc,21.433,-157.8,29,uhslc,0.3933594127132895
mokuoloe-1612480-usa-noaa,21.4331,-157.79,29,noaa,0.3028735481299738
mombasa-101a-ken-uhslc,-4.07,39.657,119,uhslc,0.4592820271389569
mona_island-9759938-usa-noaa,18.0899,-67.9385,251,noaa,0.6028261604539431
monbetsu-hd01-jpn-jodc_jcg,44.355,143.3583,736,jodc_jcg,1.2701462286799403
money_point-8639348-usa-noaa,36.7783,-76.3017,851,noaa,1.5157142929983838
monroe_mi-9063087-usa-noaa,41.8983,-83.3617,1072,noaa,2.592469046830378
montauk-8510560-usa-noaa,41.0483,-71.9594,936,noaa,1.7342070669077403
montauk_ny-279a-usa-uhslc,41.048,-71.96,936,uhslc,1.734259049467611
monterey-9413450-usa-noaa,36.605,-121.8881,181,noaa,0.5424436547689246
monterey_ca-555a-usa-uhslc,36.605,-121.888,181,uhslc,0.5420302140383675
montreal_jetee_1-15520-can-meds,45.5,-73.55,1136,meds,3.6361044606445967
mooloolaba-59950-aus-bom,-26.6867,153.12,114,bom,0.4552278067666747
morgans_point-8770613-usa-noaa,29.6817,-94.985,934,noaa,1.7270626287698263
morrisburg_ontario-14660-can-meds,44.89,-75.19,559,meds,0.9870228436558784
mossel_bay-185a-zaf-uhslc,-34.183,22.133,613,uhslc,1.0611275056141325
motril-mot-esp-cmems,36.72,-3.524,55,cmems,0.350739250354166
mourilyan_harbour-59140-aus-bom,-17.6,146.1167,567,bom,1.0059497119627157
mtl_rue_frontenac-15540-can-meds,45.53,-73.54,939,meds,1.7520384386575438
mumbles-mum-gbr-bodc,51.57,-3.9755,880,bodc,1.5918095497333091
muroran-hd03-jpn-jodc_jcg,42.3447,140.95,356,jodc_jcg,0.7328316457660881
murotomisaki-ma37-jpn-jodc_jma,33.2664,134.1644,792,jodc_jma,1.3893967771544256
mutsuogawara-0110-jpn-jodc_pahb,40.9264,141.388,120,jodc_pahb,0.4618170988162621
nagasaki-362a-jpn-uhslc,32.733,129.867,541,uhslc,0.9643632107166056
nagasaki-ma49-jpn-jodc_jma,32.735,129.8661,541,jodc_jma,0.9644731477187096
nagoya-ma22-jpn-jodc_jma,35.0914,136.8808,886,jodc_jma,1.609515938722823
naha-355a-jpn-uhslc,26.217,127.667,351,uhslc,0.7258232376502176
naha-ma44-jpn-jodc_jma,26.2133,127.6653,351,jodc_jma,0.7276444864864119
nakano_shima-345a-jpn-uhslc,29.842,129.842,501,uhslc,0.9038135827374466
nakanoshima-hd28-jpn-jodc_jcg,29.842,129.8478,501,jodc_jcg,0.9117428704009514
nakatoshima-hd30-jpn-jodc_jcg,34.118,133.0011,866,jodc_jcg,1.556513542271807
nanaoko-0106-jpn-jodc_pahb,37.0495,136.9683,92,jodc_pahb,0.4328423360898553
nantes_usine_brulee-399-fra-refmar,47.1934,-1.6337,1104,refmar,2.892975316358304
nantucket_island-8449130-usa-noaa,41.2853,-70.0964,743,noaa,1.2889574663999703
nantucket_ma-743a-usa-uhslc,41.285,-70.097,743,uhslc,1.2892615696688383
napier-668a-nzl-uhslc,-39.483,176.917,170,uhslc,0.5238078009989052
naples-8725110-usa-noaa,26.1317,-81.8075,879,noaa,1.5882875161904924
naples_fl-757a-usa-uhslc,26.13,-81.807,879,uhslc,1.5873622129213552
napoli-nap-ita-ispra,40.8414,14.2692,705,ispra,1.2183885312415494
nardana_patches-58178-aus-bom,-10.5048,142.2438,167,bom,0.5232863123339452
narvik-nvk-nor-nhs,68.4283,17.4258,830,nhs,1.472570874358224
national_steel-nsl-usa-cdwr,38.1221,-121.8881,887,cdwr,1.6105599074200616
nauru-004a-nru-uhslc,-0.528,166.905,342,uhslc,1.0035227203543695
nauru-004b-nru-uhslc,-0.532,166.91,342,uhslc,0.7199852311218377
nauru-67640-nru-bom,-0.5317,166.9101,342,bom,0.7211213818951552
nawiliwili-058a-usa-uhslc,21.967,-159.35,142,uhslc,0.4921547058217092
nawiliwili-1611400-usa-noaa,21.9544,-159.3561,142,noaa,0.49201628447652
naze-359a-jpn-uhslc,28.4,129.498,400,uhslc,0.8380012409671097
naze-hd22-jpn-jodc_jcg,28.3992,129.4978,400,jodc_jcg,0.7913790281891538
neah_bay-9443090-usa-noaa,48.3703,-124.6019,718,noaa,1.597528554981411
neah_bay_wa-558a-usa-uhslc,48.368,-124.617,718,uhslc,1.237451942388876
nelson-077a-nzl-uhslc,-41.267,173.267,433,uhslc,0.8313736022358774
nes-nes-nld-rws,53.4299,5.7589,1103,rws,2.882070834781701
neuville-3280-can-meds,46.7,-71.57,1082,meds,2.684316035654932
new_haven-8465705-usa-noaa,41.2833,-72.9083,1069,noaa,2.569314646607725
new_london-8461490-usa-noaa,41.3614,-72.09,945,noaa,1.7694383103910227
new_london_ct-744a-usa-uhslc,41.355,-72.087,945,uhslc,1.7693023216064845
new_westminster_bc-7654-can-meds,49.2,-122.91,893,meds,1.625056775806947
new_york_ny-745a-usa-uhslc,40.7,-74.015,1071,uhslc,2.599035835409788
newbold-8548989-usa-noaa,40.1373,-74.7519,1079,noaa,2.6426431854612846
newcastle-60310-aus-bom,-32.9238,151.7889,405,bom,0.7963647128597223
newhaven-new-gbr-cmems,50.7833,0.0667,656,cmems,1.1209784568945962
newhaven-nha-gbr-bodc,50.7818,0.057,656,bodc,1.222798559242111
newlyn-new-gbr-bodc,50.103,-5.5427,602,bodc,1.051227801521044
newlyn_cornwall-294a-gbr-uhslc,50.102,-5.542,602,uhslc,1.5705761990695686
newport-8452660-usa-noaa,41.5043,-71.3261,881,noaa,2.4793508622702936
newport-new-gbr-cmems,51.5496,-2.986,1003,cmems,2.118787006432921
newport-npo-gbr-bodc,51.55,-2.9874,1003,bodc,2.172787369544824
newport_beach-9410580-usa-noaa,33.6033,-117.883,89,noaa,0.4290004434158531
newport_ri-253a-usa-uhslc,41.505,-71.327,881,uhslc,1.5920308115156
nezugaseki-gs07-jpn-jodc_giaj,38.5633,139.5461,507,jodc_giaj,0.909415888553828
nice-339-fra-refmar,43.6955,7.2853,36,refmar,0.317752945172275
nice_60minute-nic-fra-cmems,43.6956,7.2855,36,cmems,0.319622614046995
nieuwe_statenzijl-nieuwstzl-nld-rws,53.2316,7.2074,1138,rws,3.73971496737665
niigatakonishiko-0103-jpn-jodc_pahb,37.9406,139.0611,106,jodc_pahb,0.4489707183553489
nikiski-9455760-usa-noaa,60.6833,-151.3981,1008,noaa,2.127917021659957
nikolski-9462450-usa-noaa,52.9406,-168.8713,365,noaa,0.7440215491142529
nishinoomote-363a-jpn-uhslc,30.735,130.992,589,uhslc,1.0366739697540666
nishinoomote-hd21-jpn-jodc_jcg,30.735,130.9922,589,jodc_jcg,1.040574789799882
nome-9468756-usa-noaa,64.4946,-165.4396,1090,noaa,2.7769978124256283
nome_ak-595a-usa-uhslc,64.5,-165.43,1090,uhslc,2.77582823887544
noordwijk_meetpost-noordwmpt-nld-rws,52.2739,4.2961,1023,rws,2.225862742769829
nordenham-4106-deu-wsv,53.4645,8.488,1151,wsv,4.058790169487537
nordrerose-nor-dnk-cmems,55.6361,12.6867,676,cmems,1.1602708536258108
norfolk_island-57700-aus-bom,-29.0584,167.9533,112,bom,0.4517899252082907
north_shields-nsh-gbr-bodc,55.0074,-1.4398,914,bodc,1.6727917363667264
north_spit-9418767-usa-noaa,40.7663,-124.2172,343,noaa,0.7202114414336209
north_sydney-612-can-meds,46.22,-60.25,537,meds,0.9534284426086984
noto-ma80-jpn-jodc_jma,37.5008,137.1553,532,jodc_jma,0.9490814688240958
noumea-019a-fra-uhslc,-22.242,166.417,118,uhslc,0.5918268374051091
noumeanumbo_60minute-nou-fra-cmems,-22.2421,166.4162,118,cmems,0.4595115846812836
nuku_alofa-038a-ton-uhslc,-21.14,-175.18,45,uhslc,0.3290215570479893
nuku_hiva-031a-fra-uhslc,-8.93,-140.082,132,uhslc,0.4847749172476346
nukualofa-66600-ton-bom,-21.1368,-175.1807,45,bom,0.4247230883968326
numbo_noumea-659-fra-refmar,-22.242,166.4162,118,refmar,0.4592466063086699
ny_alesund-nya-nor-nhs,78.9285,11.938,195,nhs,0.586318014414314
nylesund-823a-nor-uhslc,78.938,11.938,195,uhslc,0.5577189675383023
ocean_city-8570280-usa-noaa,38.3267,-75.0833,584,noaa,1.1954109871429286
ocean_city_inlet-8570283-usa-noaa,38.3283,-75.0911,584,noaa,1.0265753362041838
odomari-hd20-jpn-jodc_jcg,31.0236,130.6892,545,jodc_jcg,0.966103558747998
ofunato-351a-jpn-uhslc,39.017,141.75,93,uhslc,0.4382688087111911
ofunato-ma10-jpn-jodc_jma,39.0197,141.7533,93,jodc_jma,0.4353414411637998
oga-gs14-jpn-jodc_giaj,39.9422,139.7033,615,jodc_giaj,1.0637564233959569
ogdensburg_ny-8311030-usa-noaa,44.7017,-75.494,381,noaa,0.7667351977656365
ogi-gs20-jpn-jodc_giaj,37.8147,138.2811,58,jodc_giaj,0.3548376624492171
oil_platform_harvest-9411406-usa-noaa,34.4692,-120.6819,37,noaa,0.6084631012257524
oita-hd16-jpn-jodc_jcg,33.2661,131.6867,544,jodc_jcg,0.9658329169680498
okada-ma17-jpn-jodc_jma,34.7895,139.3914,239,jodc_jma,0.5867236337423691
okinawa-gs21-jpn-jodc_giaj,26.1794,127.8247,728,jodc_giaj,1.2552941570118417
okushiri-gs24-jpn-jodc_giaj,42.0786,139.4895,219,jodc_giaj,0.5736971674200826
olandsnorraudde-ola-swe-cmems,57.3661,17.0972,431,cmems,0.8241120299898237
olcott_ny-9052076-usa-noaa,43.3384,-78.7273,16,noaa,0.2612547869359846
old_port_tampa-8726607-usa-noaa,27.8578,-82.5528,895,noaa,1.631268858273334
omaezaki-ma20-jpn-jodc_jma,34.6083,138.2222,358,jodc_jma,0.7363861443681452
ominato-hd04-jpn-jodc_jcg,41.2564,141.145,436,jodc_jcg,0.8324770036159492
onahama-ma12-jpn-jodc_jma,36.9375,140.892,254,jodc_jma,0.6039497597081388
onisaki-gs09-jpn-jodc_giaj,34.9036,136.8239,781,jodc_giaj,1.3647529460296737
oregon_inlet_marina-8652587-usa-noaa,35.795,-75.5481,971,noaa,1.8717660042819984
ortona-ort-ita-ispra,42.3559,14.4149,280,ispra,0.6438207795936107
osaka-ma30-jpn-jodc_jma,34.6581,135.4328,835,jodc_jma,1.4926532016758265
oscarsborg-osc-nor-nhs,59.6781,10.6049,853,nhs,1.5242896392170182
oshoro-gs04-jpn-jodc_giaj,43.2094,140.8583,339,jodc_giaj,0.7171125899240233
oskarshamn-2085-swe-smhi,57.275,16.4781,455,smhi,0.8562380330223558
oskarshamn-osk-swe-cmems,57.275,16.4781,455,cmems,0.8627203739754794
oslebshausen-4883-deu-wsv,53.1198,8.7122,1161,wsv,4.42576127884745
oslo-osl-nor-nhs,59.9086,10.7345,922,nhs,1.6837101748117227
osteriff-92-deu-wsv,53.8552,9.0296,1137,wsv,3.711867018185068
oswego_ny-9052030-usa-noaa,43.4642,-76.5118,56,noaa,0.3513351429520517
otaru-ma77-jpn-jodc_jma,43.2067,141.0053,178,jodc_jma,0.5382291661567431
otaruko-0138-jpn-jodc_pahb,43.1833,141.0336,166,jodc_pahb,0.5229918989408335
otranto-otr-ita-ispra,40.1472,18.4971,51,ispra,0.3405430925026615
oudeschild-oudsd-nld-rws,53.0388,4.8502,1063,rws,2.49689881485332
oulu-oul-fin-cmems,65.0403,25.4182,826,cmems,1.4668392466868656
oulu_toppila-134248-fin-fmi,65.04,25.42,826,fmi,1.4668392479474517
oura-ma47-jpn-jodc_jma,32.9767,130.2206,973,jodc_jma,1.9046476412264048
over-94-deu-wsv,53.4287,10.1011,1162,wsv,4.46026809008603
owase-ma24-jpn-jodc_jma,34.0764,136.2072,344,jodc_jma,0.7203351530747985
oyster_landing_n_inlet_estuary-8662245-usa-noaa,33.3517,-79.1867,894,noaa,1.6257616682211844
pago_bay-1631428-usa-noaa,13.4283,144.7969,374,noaa,0.7575942713307299
pago_bay_guam-037a-usa-uhslc,13.428,144.797,374,uhslc,0.7580251317589592
pago_pago-056a-asm-uhslc,-14.283,-170.683,162,uhslc,0.5180620919944507
pago_pago-1770000-usa-noaa,-14.2767,-170.6894,162,noaa,0.5237706969974347
paita-678b-per-uhslc,-5.083,-81.167,643,uhslc,1.1078946624114945
paldiski-pal-est-cmems,59.3349,24.0796,586,cmems,1.032623430789414
palermo-pal-ita-ispra,38.1214,13.3713,117,ispra,0.4587401827580206
palinuro-pal-ita-ispra,40.0299,15.2753,704,ispra,1.2151675430862028
palma-palm-esp-ieo,39.5524,2.6389,71,ieo,0.3838848646080579
palmeira-235a-cpv-uhslc,16.755,-22.983,14,uhslc,0.2570743044188965
panama_city-8729108-usa-noaa,30.1523,-85.7,514,noaa,0.9233031084764824
panama_city_beach-761a-usa-uhslc,30.213,-85.88,714,uhslc,1.2277038372087945
panama_city_beach-8729210-usa-noaa,30.2133,-85.8783,714,noaa,1.2271933511045718
papeete-015b-fra-uhslc,-17.525,-149.567,171,uhslc,0.5277974882604028
papeete-383-fra-refmar,-17.5331,-149.5727,171,refmar,0.5778166784148641
papeete_60minute-pap-fra-cmems,-17.5331,-149.5727,171,cmems,0.5779669707979437
parnu-par-est-cmems,58.3889,24.4868,757,cmems,1.3144526489319388
parry_sound_ontario-11375-can-meds,45.34,-80.04,475,meds,0.8723162497801564
pascagoula_noaa_lab-8741533-usa-noaa,30.3678,-88.5631,813,noaa,1.4369973544534456
patonga-212440-aus-bom,-33.551,151.2746,168,bom,0.523631405712047
patricia_bay_bc-7277-can-meds,48.65,-123.45,409,meds,0.7971732576263416
pauillac-192-fra-refmar,45.1997,-0.7442,959,refmar,1.8112411237317236
peel_inlet-plpee01-aus-bom,-32.5922,115.7139,275,bom,0.6396955908343384
penang-144a-mys-uhslc,5.422,100.347,231,uhslc,0.5810849819801231
penrhyn-024a-cok-uhslc,-8.977,-158.053,135,uhslc,0.4868727622292653
pensacola-8729840-usa-noaa,30.4044,-87.2112,938,noaa,1.7506308876319854
pensacola_fl-762a-usa-uhslc,30.403,-87.213,938,uhslc,1.7504871016544257
perth_barrack_street_jetty-6223a-aus-bom,-31.9597,115.8573,283,bom,0.6487361368949517
petten_zuid-pettzd-nld-rws,52.7727,4.6497,1056,rws,2.4501356297518995
philadelphia-8545240-usa-noaa,39.9333,-75.1417,974,noaa,1.9109784717510685
philadelphia_pier_11_north-8545530-usa-noaa,39.9533,-75.1383,1119,noaa,3.135488947993518
pietarsaari-pie-fin-cmems,63.7086,22.6896,597,cmems,1.1940427348006453
pietarsaari_leppaluoto-134250-fin-fmi,63.71,22.69,597,fmi,1.0436162533718478
pilots_station_east-8760922-usa-noaa,28.9322,-89.4075,930,noaa,1.7118216664635757
pinnau_sperrwerk_bp-95-deu-wsv,53.6712,9.558,1127,wsv,3.341490531681205
pisco-683b-per-uhslc,-13.417,-76.133,580,uhslc,1.018768734749047
pluz-pluz-esp-ieo,28.1467,-15.4076,32,ieo,0.545152230103728
plymouth-ply-gbr-cmems,50.3684,-4.1852,454,cmems,0.8559147313537371
pohnpei-001b-fsm-uhslc,6.987,158.243,42,uhslc,0.4000948602053547
pohnpei-001c-fsm-uhslc,6.978,158.197,43,uhslc,0.3223135001341517
pohnpei-67950-fsm-bom,6.9867,158.2433,42,bom,0.3222839202738977
point_atkinson_bc-7795-can-meds,49.34,-123.25,588,meds,1.0364121029444848
point_edward_ontario-11940-can-meds,42.99,-82.42,370,meds,0.7520304931778317
point_iroquois_mi-9099004-usa-noaa,46.4845,-84.6309,279,noaa,0.6432064338787176
point_lonsdale-60730-aus-bom,-38.2919,144.6139,461,bom,0.8592039494117462
point_pelee_ontario-12120-can-meds,41.97,-82.53,772,meds,1.354120386977533
point_reyes-9415020-usa-noaa,37.9942,-122.9736,600,noaa,1.0504700188535705
point_richards_corio_bay-60757-aus-bom,-38.1,144.65,345,bom,0.7225284799012175
point_tupper-576-can-meds,45.6,-61.37,1001,meds,2.1159308087435145
pointe_a_pitre-125-fra-refmar,16.2244,-61.5315,100,refmar,0.4440039848003483
pointe_au_pere-2980-can-meds,48.52,-68.47,888,meds,1.611588513115993
pointe_aux_trembles-15630-can-meds,45.63,-73.49,877,meds,1.5835482463732031
pointe_claire-15330-can-meds,45.43,-73.82,427,meds,0.8203917548513096
pointe_des_cascades-15220-can-meds,45.33,-73.96,418,meds,0.8072837454089874
pointe_des_galets-110-fra-refmar,-20.9349,55.2851,121,refmar,1.100051882154225
pointe_pitre-272a-fra-uhslc,16.225,-61.532,100,uhslc,0.4429135724447511
pointeapitre_60minute-poi-fra-cmems,16.23,-61.53,100,cmems,0.443447388289419
ponta_delgada-211a-prt-uhslc,37.735,-25.672,61,uhslc,0.3635832428623535
pori-por-fin-cmems,61.5944,21.4634,403,cmems,0.7932740280485364
pori_mantyluoto_kallo-134266-fin-fmi,61.59,21.46,403,fmi,0.7932740304110473
port_adelaide_inner_harbor-61610-aus-bom,-34.85,138.5,899,bom,1.6448002108308644
port_adelaide_outer_harbor-61600-aus-bom,-34.7798,138.4807,896,bom,1.6325894109120234
port_alberni_bc-8575-can-meds,49.23,-124.81,529,meds,0.9420913997893028
port_alexander-9451054-usa-noaa,56.2466,-134.6477,185,noaa,0.5457671827282916
port_alfred-3460-can-meds,48.33,-70.87,913,meds,1.6712599579997385
port_alma-59690-aus-bom,-23.585,150.8667,716,bom,1.2296140669783062
port_angeles-9444090-usa-noaa,48.125,-123.44,411,noaa,1.479595457216612
port_angeles_wa-584a-usa-uhslc,48.125,-123.44,411,uhslc,0.8017296289289595
port_aux_basques-665-can-meds,47.57,-59.13,516,meds,0.9240133519709812
port_bloc-15-fra-refmar,45.5685,-1.0616,778,refmar,1.3602249693556263
port_canaveral_fl-774a-usa-uhslc,28.415,-80.593,713,uhslc,1.230630041173484
port_chalmers-669a-nzl-uhslc,-45.817,170.65,127,uhslc,0.4726880895916367
port_chicago-9415144-usa-noaa,38.056,-122.0395,442,noaa,0.8366577442578279
port_colborne_ontario-12865-can-meds,42.87,-79.25,978,meds,1.9893813937182383
port_douglas-59040-aus-bom,-16.4833,145.4667,270,bom,0.6338107793711558
port_dover_ontario-12710-can-meds,42.78,-80.2,850,meds,1.51238776752936
port_elizabeth-184a-zaf-uhslc,-33.96,25.63,562,uhslc,0.9927306685858128
port_ellen_islay-isl-gbr-bodc,55.6276,-6.1899,740,bodc,1.2885675638330818
port_eri_isle_of_man-iom-gbr-bodc,54.0852,-4.7681,645,bodc,1.1423741129203209
port_fourchon-8762075-usa-noaa,29.1142,-90.1993,707,noaa,1.2208487681726252
port_giles-61685-aus-bom,-35.0218,137.7683,779,bom,1.361644212833687
port_hardy_bc-8408-can-meds,50.72,-127.49,533,meds,0.9491831055019498
port_hedland-169a-aus-uhslc,-20.318,118.575,864,uhslc,1.550725131352451
port_hedland-62590-aus-bom,-20.3176,118.5744,864,bom,1.940919700778104
port_inland_mi-9087096-usa-noaa,45.9699,-85.8715,382,noaa,0.7689261527574255
port_isabel-8779770-usa-noaa,26.0612,-97.2155,797,noaa,1.396646480671633
port_isabel_tx-772a-usa-uhslc,26.06,-97.215,797,uhslc,1.3974491414772396
port_jefferson-8514560-usa-noaa,40.95,-73.0767,900,noaa,1.6449780464512676
port_kembla-342a-aus-uhslc,-34.473,150.912,50,uhslc,0.3383182314327001
port_kembla-60420-aus-bom,-34.475,150.91,50,bom,0.5346313716195007
port_lambton_ontario-11950-can-meds,42.66,-82.51,267,meds,0.6269287933468574
port_lincoln-61900-aus-bom,-34.7159,135.8701,832,bom,1.4828148415884372
port_louis-103c-mus-uhslc,-20.155,57.495,129,uhslc,0.4760676966108553
port_macquarie-207420-aus-bom,-31.4268,152.911,790,bom,1.385851809695117
port_manatee-8726384-usa-noaa,27.6383,-82.5625,1042,noaa,2.373431518478061
port_nolloth-701a-zaf-uhslc,-29.25,16.867,448,uhslc,0.8425154680487364
port_orford-9431647-usa-noaa,42.739,-124.4983,525,noaa,0.9396812349487332
port_orford_or-557a-usa-uhslc,42.74,-124.497,525,uhslc,0.9376445482920684
port_pirie-61800-aus-bom,-33.1776,138.0117,1105,bom,2.933133681801097
port_saint_francois-3365-can-meds,46.27,-72.62,911,meds,1.6619749776414006
port_san_luis-9412110-usa-noaa,35.1688,-120.7542,638,noaa,1.1015008888243285
port_san_luis_ca-565a-usa-uhslc,35.177,-120.76,638,uhslc,1.1016627273876871
port_stanley-290b-gbr-uhslc,-51.75,-57.933,97,uhslc,0.4406916311187978
port_stanley_ontario-12400-can-meds,42.66,-81.21,347,meds,0.7230174377708988
port_stanvac-100a-aus-uhslc,-35.108,138.467,808,uhslc,1.4269769387428348
port_stanvac-61583-aus-bom,-35.1086,138.467,808,bom,1.4365070994327265
port_townsend-9444900-usa-noaa,48.1129,-122.7595,372,noaa,0.7539247243369744
port_tudy-71-fra-refmar,47.6443,-3.4459,449,refmar,0.8435206603065383
port_vendres-75-fra-refmar,42.5199,3.1075,241,refmar,0.5920425208475553
port_vila-046b-vut-uhslc,-17.762,168.293,191,uhslc,0.5499923358171079
port_vila-57320-vut-bom,-17.7614,168.2928,191,bom,0.5499925158773802
port_weller_ontario-13030-can-meds,43.24,-79.22,399,meds,0.7891441235374792
portbloc_60minute-por-fra-cmems,45.5684,-1.0616,778,cmems,1.362707837028489
portellen-por-gbr-cmems,55.6274,-6.1901,740,cmems,1.2812484111237863
porterin-por-gbr-cmems,54.0854,-4.7681,645,cmems,1.109566810990018
portland-61410-aus-bom,-38.3514,141.6197,163,bom,0.734877770812356
portland-8418150-usa-noaa,43.6581,-70.2442,1018,noaa,2.423313731863873
portland_me-252a-usa-uhslc,43.657,-70.247,1018,uhslc,2.1958578119463046
portland_victoria-129a-aus-uhslc,-38.343,141.613,163,uhslc,0.5221318437415615
portneuf-3300-can-meds,46.68,-71.88,1046,meds,2.38916441399788
porto_empedocle-por-ita-ispra,37.2858,13.5268,739,ispra,1.2801025334723728
porto_torres-por-ita-ispra,40.8422,8.4039,53,ispra,0.3456066980620771
portpatrick-por-gbr-bodc,54.8426,-5.12,814,bodc,1.4602279465166852
portpatrick-por-gbr-cmems,54.8424,-5.1189,814,cmems,1.4387086444515595
portrush-pru-gbr-bodc,55.2068,-6.6568,634,bodc,1.0968384296367168
portsmouth-por-gbr-cmems,50.8004,-1.1102,534,cmems,1.920205172126103
portsmouth-ptm-gbr-bodc,50.8022,-1.1113,534,bodc,1.2345396094679413
portsmouth-ptm-gbr-da_idh,50.8022,-1.1113,534,da_idh,0.95111661826842
porttudy_60minute-por-fra-cmems,47.6443,-3.446,449,cmems,0.8436910716567352
portvendres_60minute-por-fra-cmems,42.5201,3.1073,241,cmems,0.592103213792109
prescott_ontario-14500-can-meds,44.71,-75.52,291,meds,0.6601446663184418
prince_rupert-540a-can-uhslc,54.317,-130.323,566,uhslc,1.5018445353402878
prince_rupert_bc-9354-can-meds,54.32,-130.32,566,meds,0.9998608886334868
progreso-402-mex-unam,21.3033,-89.6667,852,unam,1.5171179193642923
providence-8454000-usa-noaa,41.8071,-71.4012,1043,noaa,2.3796609614311213
prudhoe_bay-9497645-usa-noaa,70.4114,-148.5317,642,noaa,1.1066539030185674
prudhoe_bay_ak-579a-usa-uhslc,70.4,-148.527,642,uhslc,1.1066218765551077
pt_la_rue-121a-syc-uhslc,-4.672,55.528,0,uhslc,0.1512471566790247
puerto_angel-672a-mex-uhslc,15.657,-96.493,414,uhslc,0.8053197769241422
puerto_armuelles-304b-pan-uhslc,8.273,-82.86,1096,uhslc,2.812126824368178
puerto_cortes-780a-hnd-uhslc,15.833,-87.95,19,uhslc,0.2673367041400781
puerto_montt-684a-chl-uhslc,-41.485,-72.962,693,uhslc,1.2051488027515656
puerto_princesa-380a-phl-uhslc,9.75,118.733,179,uhslc,0.5398765408093587
pulpit_harbor-8414888-usa-da_sat,44.1565,-68.8862,575,da_sat,1.0155051676458309
queen_charlotte_city-9850-can-meds,53.25,-132.07,857,meds,1.5324881091505955
queenscliff-60732-aus-bom,-38.2728,144.6626,317,bom,0.68913352087567
quepos-087a-cri-uhslc,9.4,-84.167,706,uhslc,1.2205685060282017
quonset_point-8454049-usa-noaa,41.5869,-71.41,697,noaa,1.2061734024969228
raahe-raa-fin-cmems,64.6659,24.4071,664,cmems,1.1376424925386737
raahe_lapaluoto-100540-fin-fmi,64.67,24.41,664,fmi,1.137642511266087
rabaul-010a-png-uhslc,-4.2,152.175,10,uhslc,0.2248692834823037
rak_noord-raknd-nld-rws,51.695,4.4216,765,rws,1.3319545246914464
rak_zuid-rakzd-nld-rws,51.6824,4.3974,1099,rws,2.8352716983346733
rarotonga-023a-cok-uhslc,-21.207,-159.775,84,uhslc,1.1459395180248766
rarotonga-023b-cok-uhslc,-21.2,-159.787,84,uhslc,0.415373298178593
rarotonga_avarua_harbour-65980-cok-bom,-21.2048,-159.7848,84,bom,0.4154087143417949
ratan-2056-swe-smhi,63.9861,20.895,604,smhi,1.0522503056031591
ratan-rat-swe-cmems,63.9861,20.895,604,cmems,1.052265330415752
rauma-rau-fin-cmems,61.1335,21.4258,424,cmems,0.815918775642345
rauma_ulko_petajas-134224-fin-fmi,61.13,21.43,424,fmi,0.8199156889136665
ravenna-rav-ita-ispra,44.4921,12.2829,748,ispra,1.299568323952932
rechtenfleth-4108-deu-wsv,53.3812,8.5006,1147,wsv,3.954082054622836
red_dog_dock-9491094-usa-noaa,67.5758,-164.0644,933,noaa,1.7244208511324226
redwood_city-9414523-usa-noaa,37.5067,-122.21,318,noaa,0.6892050115307603
reedy_point-8551910-usa-noaa,39.5583,-75.5733,918,noaa,1.6760535187673222
reggio_calabria-reg-ita-ispra,38.1217,15.6489,243,ispra,0.5942511743697825
repentigny-15668-can-meds,45.74,-73.44,794,meds,1.3911581261756594
resolute-5560-can-meds,74.66,-94.88,363,meds,0.7427123628185048
reunion-164a-fra-uhslc,-20.935,55.285,121,uhslc,0.4633538986535369
reykjavik-288a-isl-uhslc,64.15,-21.933,521,uhslc,0.933211219749655
richards_bay-188a-zaf-uhslc,-28.8,32.083,946,uhslc,1.772093360284274
richmond-9414863-usa-noaa,37.923,-122.4096,240,noaa,0.5907491957904993
rikitea-016a-fra-uhslc,-23.125,-134.953,35,uhslc,0.312777208191358
rimouski-2985-can-meds,48.48,-68.51,755,meds,1.311836633595286
ringhals-2105-swe-smhi,57.2497,12.1125,700,smhi,1.210644396595722
ringhals-rin-swe-cmems,57.2497,12.1125,700,cmems,1.2517403718030973
riviere_au_renard-2330-can-meds,49.0,-64.38,780,meds,1.3633133100431047
robbensudsteert-4110-deu-wsv,53.6392,8.4452,1131,wsv,3.5311076257538403
rock_cut_mi-9076024-usa-noaa,46.2648,-84.1912,415,noaa,0.8057602725654415
rockport-8774770-usa-noaa,28.0217,-97.0467,759,noaa,1.3259985567109605
rockport_tx-769a-usa-uhslc,28.022,-97.047,759,uhslc,1.3167663680138295
rodby-rod-dnk-cmems,54.65,11.35,878,cmems,1.5870759696991206
rodrigues-105a-mus-uhslc,-19.668,63.418,337,uhslc,0.715827453811363
rodvig-rod-dnk-cmems,55.2542,12.3728,927,cmems,1.7032684513705747
ronne-ron-dnk-cmems,55.1,14.6833,733,cmems,1.2647288268800458
roompot_binnen-roompbnn-nld-rws,51.6191,3.6864,1033,rws,2.3051494908110746
roompot_buiten-roompbtn-nld-rws,51.6196,3.6821,1033,rws,2.613441839470519
rorvik-803a-nor-uhslc,64.867,11.25,577,uhslc,1.016993568942712
rorvik-rvk-nor-nhs,64.8595,11.2301,577,nhs,1.0162736951208091
roscoff-54-fra-refmar,48.7184,-3.9657,672,refmar,1.152444364967785
roscoff_60minute-ros-fra-cmems,48.7184,-3.9659,672,cmems,1.1522728503367878
rosslyn_bay-330a-aus-uhslc,-23.162,150.79,264,uhslc,0.6228414261291172
rosslyn_bay-59670-aus-bom,-23.1667,150.7917,264,bom,0.6594780452362772
rossport_ontario-10220-can-meds,48.83,-87.52,522,meds,0.9352935758724824
rothera-832a-gbr-uhslc,-67.567,-68.133,153,uhslc,0.6842486364539206
rothera-rot-gbr-noc,-67.5713,-68.1298,153,noc,0.5063327331234666
rough_and_ready_island-rri-usa-cdwr,37.963,-121.365,1076,cdwr,2.62065898416896
rumoiko-0132-jpn-jodc_pahb,43.9505,141.635,265,jodc_pahb,0.6236249767422436
rustico-1915-can-meds,46.47,-63.28,738,meds,1.2769252881755713
sabine_pass_n_tx-766a-usa-uhslc,29.73,-93.87,1117,uhslc,3.460403135566056
sabine_pass_north-8770570-usa-noaa,29.7284,-93.8701,1117,noaa,3.108288874097749
sacramento_r_at_snodgrass-sgx-usa-cdwr,38.3497,-121.5336,1037,cdwr,2.3148107566980825
sado-ma79-jpn-jodc_jma,38.3186,138.5172,57,jodc_jma,0.3544582413035398
sagunto-sag-esp-cmems,39.634,-0.206,136,cmems,0.4874434831862286
saigo-ma54-jpn-jodc_jma,36.2014,133.3311,82,jodc_jma,0.4109482033082045
sainildas_60minute-sai-fra-cmems,47.1404,-2.2464,745,cmems,1.2944681289639288
saint_francois_io-3100-can-meds,47.0,-70.81,1097,meds,2.8316899528461685
saint_gildas-36-fra-refmar,47.1404,-2.2464,745,refmar,1.2948201226566307
saint_jean_de_luz_socoa-95-fra-refmar,43.3952,-1.6816,282,refmar,0.67798178707093
saint_john-65-can-meds,45.25,-66.06,1083,meds,2.685627702698449
saint_joseph_de_la_rive-3057-can-meds,47.45,-70.37,1021,meds,2.214078696826589
saint_malo-410-fra-refmar,48.6408,-2.0281,674,refmar,1.1577766610039186
saint_nazaire-37-fra-refmar,47.2669,-2.2016,915,refmar,1.6740457204767614
sainte_anne_de_bellevue-16005-can-meds,45.4,-73.96,611,meds,1.0608911691394576
sainte_anne_des_monts-2935-can-meds,49.13,-66.49,950,meds,1.7855975304093374
saintmalo_60minute-sai-fra-cmems,48.6411,-2.0276,674,cmems,1.1580199649573435
saintnazaire_60minute-sai-fra-cmems,47.27,-2.2,915,cmems,1.6741736632220188
saipan-028b-usa-uhslc,15.227,145.742,663,uhslc,1.1307518642308452
sakai-ma53-jpn-jodc_jma,35.5478,133.2431,159,jodc_jma,0.5159216623018736
sakatako-0102-jpn-jodc_pahb,38.9175,139.8236,598,jodc_pahb,1.0448968937041336
salalah-114a-omn-uhslc,16.935,54.007,155,uhslc,0.5073448430232206
saldahna_bay-703a-zaf-uhslc,-33.017,17.95,572,uhslc,1.011755730163783
salerno-sal-ita-ispra,40.6766,14.7508,99,ispra,0.4420617549785928
salina_cruz-394-mex-unam,16.3183,-95.1967,648,unam,1.1136902200384713
salina_cruz-394a-mex-uhslc,16.16,-95.203,647,uhslc,1.1136340198087198
salvador-708b-bra-uhslc,-12.973,-38.517,4,uhslc,0.1905870265149525
san_andres-737a-col-uhslc,12.57,-81.702,134,uhslc,0.4862979170404484
san_carlos-674a-mex-uhslc,24.79,-112.12,506,uhslc,0.9076736656083724
san_diego-9410170-usa-noaa,32.7142,-117.1736,549,noaa,0.9685237977742022
san_diego_ca-569a-usa-uhslc,32.713,-117.173,549,uhslc,0.9694019514223462
san_felix-035a-chl-uhslc,-26.292,-80.108,210,uhslc,0.5657941931081327
san_francisco-9414290-usa-noaa,37.8063,-122.4659,172,noaa,0.8721387941940666
san_francisco_ca-551a-usa-uhslc,37.807,-122.465,172,uhslc,0.8682317661815353
san_joaquin_r_at_brandt_bridge-bdt-usa-cdwr,37.865,-121.3231,458,cdwr,0.8570286891205233
san_joaquin_r_at_prisoners_pt_near_termino-pri-usa-cdwr,38.0594,-121.5572,870,cdwr,1.569451888707381
san_joaquin_r_at_rindge_pump-rgp-usa-cdwr,37.9973,-121.4194,715,cdwr,1.227831053899714
san_jose-675a-gtm-uhslc,13.917,-90.833,269,uhslc,0.6304813003491381
san_juan-096a-per-uhslc,-15.367,-75.2,395,uhslc,0.7853651450388476
san_juan-9755371-usa-noaa,18.4592,-66.1164,90,noaa,0.431576595564398
san_juan_pr-245a-usa-uhslc,18.46,-66.117,90,uhslc,0.4309449132725915
sand_island-1619910-usa-noaa,28.2117,-177.36,469,noaa,1.035662411670404
sand_point-9459450-usa-noaa,55.3317,-160.5043,390,noaa,0.7802474207401675
sand_point_ak-574a-usa-uhslc,55.337,-160.502,390,uhslc,0.8041788610057568
sandakan-389a-mys-uhslc,5.81,118.067,802,uhslc,1.4100588395312723
sandown_pier-sdp-gbr-cco,50.6511,-1.1532,495,cco,0.8956307426675493
sandy_hook-8531680-usa-noaa,40.4669,-74.0094,1052,noaa,2.429074246373221
sanfrancisco_fort_point-9414920-usa-da_sat,37.8091,-122.4704,172,da_sat,0.5281682353385477
santa_barbara-9411340-usa-noaa,34.4031,-119.6928,287,noaa,0.6538791604637265
santa_barbara_ca-577a-usa-uhslc,34.408,-119.685,287,uhslc,0.6533591569183639
santa_cruz-030a-ecu-uhslc,-0.755,-90.313,15,uhslc,0.2582947531104911
santa_monica-9410840-usa-noaa,34.0083,-118.5,334,noaa,0.7101578162022576
santa_monica_ca-578a-usa-uhslc,34.008,-118.5,334,uhslc,0.7100008359298225
santander-san-esp-cmems,43.461,-3.791,229,cmems,0.580289485759341
sasebo-hd19-jpn-jodc_jcg,33.1581,129.7239,905,jodc_jcg,1.651796740830856
sassnitz-sas-deu-cmems,54.5108,13.6431,677,cmems,1.1639116945257963
sault_ste_marie_ontario-10980-can-meds,46.51,-84.37,606,meds,1.0537402953692223
sault_ste_marie_ontario-11010-can-meds,46.51,-84.34,192,meds,0.5690323334046747
sausalito-9414806-usa-da_sat,37.849,-122.4802,232,da_sat,0.5814991855689302
scheveningen-schevngn-nld-rws,52.099,4.2636,1064,rws,2.499715422057547
schiermonnikoog-schiermnog-nld-rws,53.4689,6.2029,1107,rws,2.9737060345898683
schopfstelle_pegel_hpa-3343-deu-wsv,53.5084,10.0616,1167,wsv,4.720279843563734
schulau-96-deu-wsv,53.5685,9.7033,1163,wsv,4.477501193137232
scott_base-663a-nzl-uhslc,-77.85,166.767,222,uhslc,0.5749321172281082
scruz_d_palma-206b-esp-uhslc,28.683,-17.75,11,uhslc,0.8214119582565466
seattle-9447130-usa-noaa,47.6019,-122.3392,667,noaa,1.144167970250872
seavey_island-8419870-usa-noaa,43.0797,-70.7411,908,noaa,1.6553001914090588
sedili-324a-mys-uhslc,1.932,104.115,368,uhslc,0.7453666244704992
seemannshoft_pegel_hpa-3345-deu-wsv,53.5401,9.8808,1164,wsv,4.660848525506057
seldovia-9455500-usa-noaa,59.4405,-151.7199,962,noaa,1.825083506986687
seldovia_ak-561a-usa-uhslc,59.44,-151.72,962,uhslc,1.822325295490374
sendaiko-0112-jpn-jodc_pahb,38.2728,141.0039,793,jodc_pahb,1.391011622995442
sept_iles-2780-can-meds,50.19,-66.38,764,meds,1.330238872025122
settlement_point-257a-bhs-uhslc,26.71,-78.997,86,uhslc,0.4185954204334528
settlement_point-257b-bhs-uhslc,26.69,-78.983,953,uhslc,1.790968188515888
seward-9455090-usa-noaa,60.12,-149.4267,478,noaa,0.8754656672401906
seward_ak-560c-usa-uhslc,60.12,-149.427,478,uhslc,0.9314017904884786
sewells_point-8638610-usa-noaa,36.9467,-76.33,963,noaa,1.8490654294877
shanwei-641a-chn-uhslc,22.75,115.35,646,uhslc,1.109767472497895
shediac_bay-1805-can-meds,46.23,-64.55,1026,meds,2.2679544686242603
sheerness-she-gbr-bodc,51.4456,0.7434,1050,bodc,2.4169818006264308
shibaura-hd07-jpn-jodc_jcg,35.6369,139.7536,678,jodc_jcg,1.1671102353932408
shibushiko-0114-jpn-jodc_pahb,31.475,131.1089,487,jodc_pahb,0.8848927206891988
shijiusuo-642a-chn-uhslc,35.383,119.55,680,uhslc,1.1720010923011377
shimizuminato-ma19-jpn-jodc_jma,35.0117,138.5175,190,jodc_jma,0.5498212199730366
shimokita-ma74-jpn-jodc_jma,41.3647,141.2381,147,jodc_jma,0.4989206483009281
shimonoseki-ma51-jpn-jodc_jma,33.925,130.9278,698,jodc_jma,1.2065674810326767
ship_john_shoal-8537121-usa-noaa,39.305,-75.375,791,noaa,1.3891874158740816
shirahama-ma27-jpn-jodc_jma,33.6836,135.3753,281,jodc_jma,0.6439776583542033
shute_harbour-59410-aus-bom,-20.2833,148.7833,661,bom,1.1280497002484615
sibolga-122a-idn-uhslc,1.75,98.767,238,uhslc,0.5866836024761011
simons_town-221a-zaf-uhslc,-34.183,18.433,729,uhslc,1.2588678218434164
simrishamn-2320-swe-smhi,55.5575,14.3578,742,smhi,1.2840800560327883
simrishamn-sim-swe-cmems,55.5575,14.3578,742,cmems,1.2832899737183954
sitka-9451600-usa-noaa,57.0517,-135.342,658,noaa,1.3956277629318736
sitka_ak-559a-usa-uhslc,57.052,-135.342,658,uhslc,1.1245665640268176
sjaellandsodde-sja-dnk-cmems,55.975,11.3722,806,cmems,1.422884304068767
skagen-ska-dnk-cmems,57.7194,10.5858,771,cmems,1.3519378497351278
skagsudde-2321-swe-smhi,63.1906,19.0125,352,smhi,0.7291303421289361
skagsudde-ska-swe-cmems,63.1906,19.0125,352,cmems,0.729542837942652
skagway-9452400-usa-noaa,59.4508,-135.328,844,noaa,1.5075762591166744
skamokawa-9440569-usa-noaa,46.2703,-123.4565,804,noaa,1.4136182709351357
skanor-30488-swe-smhi,55.4167,12.8294,932,smhi,1.720626712524747
skanor-ska-swe-cmems,55.4167,12.8294,932,cmems,1.7176485889703457
slipshavn-sli-dnk-cmems,55.2833,10.8333,690,cmems,1.19943984996353
smogen-2111-swe-smhi,58.3536,11.2178,767,smhi,1.3363717495777432
smogen-smo-swe-cmems,58.3536,11.2178,767,cmems,1.3363698707212388
socoa_60minute-soc-fra-cmems,43.3984,-1.6731,282,cmems,0.6468384934502189
solomons_island-8577330-usa-noaa,38.3172,-76.4508,554,noaa,0.9773118349638712
soma-gs18-jpn-jodc_giaj,37.8306,140.9617,482,jodc_giaj,0.8803709329885965
sorel-15930-can-meds,46.05,-73.12,681,meds,1.1723985958403669
south_beach-9435380-usa-noaa,44.6254,-124.0449,872,noaa,1.575064752062698
south_beach_or-592a-usa-uhslc,44.625,-124.043,872,uhslc,1.5758143500408814
south_pass-8760551-usa-noaa,28.99,-89.14,316,noaa,0.6866260270576909
south_trees-h052026a-aus-bom,-23.85,151.3,511,bom,0.9183696294002868
southport_north_carolina-8659084-usa-da_sat,33.915,-78.0183,423,da_sat,0.8149041233835215
spijkenisse-spijknse-nld-rws,51.8617,4.334,985,rws,2.0183418181338157
spikarna-2061-swe-smhi,62.3633,17.5311,387,smhi,0.7751524951074793
spikarna-spi-swe-cmems,62.3633,17.5311,387,cmems,0.7752401191132583
spodsbjerg-spo-dnk-cmems,54.9333,10.8333,829,cmems,1.4723055900951036
spring_bay-335a-aus-uhslc,-42.547,147.932,113,uhslc,0.4604619129987915
spring_bay-61170-aus-bom,-42.5486,147.9283,113,bom,0.4540487546538506
springmaid_pier-8661070-usa-noaa,33.655,-78.9183,854,noaa,1.5256917321090648
st_clair_shores_mi-9034052-usa-noaa,42.4732,-82.8792,234,noaa,0.5850488161749147
st_clair_state_police_mi-9014080-usa-noaa,42.8122,-82.4856,306,noaa,0.6757319976741724
st_helens-9439201-usa-noaa,45.8633,-122.7962,1039,noaa,2.3254639757668176
st_helier_jersey-jer-gbr-bodc,49.1833,-2.1167,685,bodc,1.193518226882709
st_johns-276a-can-uhslc,47.567,-52.7,435,uhslc,1.1027039015148152
st_johns-276b-can-uhslc,47.567,-52.7,435,uhslc,0.8323672267886255
st_johns-905-can-meds,47.57,-52.72,435,meds,1.071426005071619
st_lambert_amont-15505-can-meds,45.49,-73.52,941,meds,2.3505555833463743
st_lambert_aval-15507-can-meds,45.5,-73.52,941,meds,1.7602991090936453
st_petersburg-8726520-usa-noaa,27.7606,-82.6269,825,noaa,1.544023230984201
st_petersburg_fl-759a-usa-uhslc,27.76,-82.627,825,uhslc,1.4655464310483624
stadersand-98-deu-wsv,53.6296,9.5267,1155,wsv,4.212101121685291
stanley-sta-gbr-noc,-51.6924,-57.8205,98,noc,0.4416424870232069
stavanger-svg-nor-nhs,58.9743,5.7301,535,nhs,0.9512898409342432
stavenisse-stavnse-nld-rws,51.5954,4.006,1048,rws,2.393970038364758
stenungsund-2110-swe-smhi,58.0933,11.8325,842,smhi,1.503998624459585
stenungsund-ste-swe-cmems,58.0933,11.8325,842,cmems,1.5193460019566882
steveston_bc-7607-can-meds,49.13,-123.18,452,meds,0.8535492153642525
sthelier-sth-gbr-cmems,49.1833,-2.1167,685,cmems,1.1857934679337438
stockholm-2069-swe-smhi,59.3242,18.0817,300,smhi,0.6706085579192798
stockholm-826a-swe-uhslc,59.325,18.082,300,uhslc,0.6706054031831499
stockholm-sto-swe-cmems,59.3242,18.0817,300,cmems,0.670605402937603
stockton_california-9414883-usa-da_sat,37.9583,-121.29,691,da_sat,1.2003254334553677
stor_sperrwerk_bp-99-deu-wsv,53.8261,9.4014,1116,wsv,3.057953347528398
stornoway-295a-gbr-uhslc,58.208,-6.388,481,uhslc,0.877773765334271
stornoway-sto-gbr-bodc,58.2077,-6.3889,481,bodc,1.0128051332842172
stornoway-sto-gbr-cmems,58.2167,-6.3833,481,cmems,0.8915196672076297
stpetersburg-stp-rus-cmems,59.9333,30.2667,935,cmems,1.7276244492641606
streefkerk-streefkk-nld-rws,51.9076,4.7513,923,rws,1.684067013905676
sturgeon_point_ny-9063028-usa-noaa,42.6913,-79.0473,984,noaa,2.014731661593573
summerstown_ontario-14940-can-meds,45.06,-74.55,79,meds,0.4034070949834855
sumoto-ma32-jpn-jodc_jma,34.3467,134.9011,437,jodc_jma,0.8328841668757629
sunrise_club-snc-usa-cdwr,38.185,-122.083,1002,cdwr,2.1175836725468136
surabaya-160a-idn-uhslc,-7.208,112.725,907,uhslc,1.6536810799109622
susa-gs16-jpn-jodc_giaj,34.6275,131.6047,223,jodc_giaj,0.5750018104649579
suva-018a-fji-uhslc,-18.132,178.427,70,uhslc,0.4578274771136137
suva-018b-fji-uhslc,-18.133,178.428,70,uhslc,0.3815326437156257
suva-67050-fji-bom,-18.1342,178.4236,70,bom,0.3809730905153604
sydney_fort_denison-60370-aus-bom,-33.8547,151.2258,152,bom,0.5204908643092195
sydney_port_jackson-213470-aus-bom,-33.8254,151.2585,75,bom,0.3893291481462618
syowa_antarctica-127a-ata-uhslc,-69.0,39.6,208,uhslc,0.565190645463688
syowa_station_antarctica-hd50-ata-jodc_jcg,-69.0078,39.5703,208,jodc_jcg,0.9539699140598856
tacoma-9446484-usa-noaa,47.27,-122.413,396,noaa,0.7865645252415825
tago-gs22-jpn-jodc_giaj,34.8072,138.7639,250,jodc_giaj,0.6025335303180231
tajiri-gs10-jpn-jodc_giaj,35.5936,134.3161,189,jodc_giaj,0.5492478938082246
takamatsu-ma35-jpn-jodc_jma,34.3514,134.057,543,jodc_jma,0.9652544175800396
talara-092a-per-uhslc,-4.582,-81.282,105,uhslc,0.4487531724447955
talara-092b-per-uhslc,-4.582,-81.282,105,uhslc,0.8106507835258223
tallinn-tal-est-cmems,59.4444,24.7637,297,cmems,0.6682597915387005
tampico_madero-406-mex-unam,22.2617,-97.795,909,unam,1.656076283974438
tanegashima-ma75-jpn-jodc_jma,30.4636,130.9644,675,jodc_jma,1.158471492398066
tanjong_pagar-699a-sgp-uhslc,1.262,103.853,385,uhslc,0.7741746055229564
tannowa-ma29-jpn-jodc_jma,34.3389,135.1781,517,jodc_jma,0.9264927256823072
tappi-hd27-jpn-jodc_jcg,41.2425,140.3814,298,jodc_jcg,0.6693337041961995
taranaki-076a-nzl-uhslc,-39.05,174.033,614,uhslc,1.0619914199724154
taranto-tar-ita-ispra,40.4756,17.2238,484,ispra,0.8821274338618317
tarawa_betio-002d-kir-uhslc,1.363,172.93,24,uhslc,0.2888824414771047
tarawa_betio-67590-kir-bom,1.3651,172.933,24,bom,0.2887442784164079
tarifa-tari-esp-ieo,36.0086,-5.6026,679,ieo,1.171213055583942
tauranga-073a-nzl-uhslc,-37.65,176.183,252,uhslc,0.603155863822081
tawau-385a-mys-uhslc,4.233,117.883,426,uhslc,0.8192074928510104
tecumseh_ontario-11975-can-meds,42.34,-82.93,233,meds,0.5819928310037573
tejn-tej-dnk-cmems,55.25,14.8333,531,cmems,0.9452315940772432
tenerife-228a-esp-uhslc,28.478,-16.24,46,uhslc,0.3331742510060854
tenerife-ten-esp-cmems,28.48,-16.24,46,cmems,0.3293819875857987
tenerife-ten-esp-da_mm,28.48,-16.24,46,da_mm,4.450311269800865
terneuzen-ternzn-nld-rws,51.3362,3.8198,1100,rws,2.8358107755946107
terschelling_noordzee-terslnze-nld-rws,53.4425,5.333,1029,rws,2.278305497698864
texel_noordzee-texnze-nld-rws,53.1206,4.7332,1017,rws,2.185587311188669
the_battery-8518750-usa-noaa,40.7006,-74.0142,1071,noaa,2.5864842351020547
thessalon_ontario-11070-can-meds,46.25,-83.55,175,meds,0.5318195742262994
thevenard-128a-aus-uhslc,-32.15,133.64,873,uhslc,1.5768981485659952
thevenard-62000-aus-bom,-32.1489,133.6413,873,bom,1.5789030471330254
thursday_island-58170-aus-bom,-10.5863,142.2216,468,bom,0.864173239490095
thursday_island-h057022b-aus-bom,-10.57,142.22,468,bom,2.1703664950520314
tioman-323a-mys-uhslc,2.807,104.14,325,uhslc,0.6993585888427173
toba-ma23-jpn-jodc_jma,34.4853,136.8247,692,jodc_jma,1.2026705622621436
tobermory-tob-gbr-bodc,56.6231,-6.0642,722,bodc,1.2511180852626869
tobermory-tob-gbr-cmems,56.6231,-6.0631,722,cmems,1.2484633455824483
tobermory_ontario-11690-can-meds,45.26,-81.66,76,meds,0.3907450136632563
tobishima-gs25-jpn-jodc_giaj,39.1855,139.5478,88,jodc_giaj,0.4285075152194155
tofino-542a-can-uhslc,49.153,-125.913,447,uhslc,1.0080855771155746
tofino_bc-8615-can-meds,49.15,-125.91,447,meds,0.8419964830171212
tokachiko-0122-jpn-jodc_pahb,42.297,143.3222,637,jodc_pahb,1.1012409417364637
tokaikaitei-ma63-jpn-jodc_jma,33.7667,137.5833,401,jodc_jma,0.7914342466183961
toke_point-9440910-usa-noaa,46.7075,-123.9669,917,noaa,1.674305807772858
tokuyama-hd15-jpn-jodc_jcg,34.0408,131.8028,863,jodc_jcg,1.5495049845418505
tokyo-ma15-jpn-jodc_jma,35.6486,139.77,678,jodc_jma,1.32920592914487
tolchester_beach-8573364-usa-noaa,39.2134,-76.2445,960,noaa,1.8112455312143816
toledo_oh-9063085-usa-noaa,41.6936,-83.4723,1080,noaa,2.659358957580261
tomakomaihigashiko-0146-jpn-jodc_pahb,42.6058,141.8172,277,jodc_pahb,0.6406175063729667
tomakomainishiko-0136-jpn-jodc_pahb,42.6297,141.6211,654,jodc_pahb,1.1200213840855855
topolobampo-676a-mex-uhslc,25.6,-109.048,314,uhslc,0.6846214639085139
toronto_ontario-13320-can-meds,43.64,-79.38,47,meds,0.3331933959261138
tosashimizu-ma39-jpn-jodc_jma,32.7792,132.9589,538,jodc_jma,0.9553103258032896
toulon-68-fra-refmar,43.1172,5.9131,73,refmar,0.3911224581082213
toulon_60minute-tou-fra-cmems,43.1228,5.9146,73,cmems,0.3883453472007796
townsville-334a-aus-uhslc,-19.25,146.833,997,uhslc,2.0950758897508037
townsville-59250-aus-bom,-19.25,146.8333,997,bom,2.9057700187570394
toyama-349a-jpn-uhslc,36.767,137.233,87,uhslc,0.4251973507966251
toyama-ma56-jpn-jodc_jma,36.7622,137.2247,87,jodc_jma,0.4317505106743228
travemuende-tra-deu-cmems,53.9581,10.8722,931,cmems,1.715717242056858
travemunde-tra-deu-bfg,53.958,10.8722,931,bfg,1.9647703045299985
tregde-804a-nor-uhslc,58.0,7.567,591,uhslc,1.0378722669953309
tregde-trg-nor-nhs,58.0064,7.5548,591,nhs,1.0473801697321696
trident_pier-8721604-usa-noaa,28.4158,-80.5931,713,noaa,1.2268129694327736
trois_rivieres-3360-can-meds,46.34,-72.54,890,meds,1.6192196227984457
tromso-tos-nor-nhs,69.6461,18.9548,412,nhs,0.8028244603230659
trondheim-trd-nor-nhs,63.4365,10.3917,520,nhs,0.931907209757202
tsushima-ma72-jpn-jodc_jma,34.2596,129.3222,248,jodc_jma,0.6001413181434809
tumaco-303a-col-uhslc,1.817,-78.73,1114,uhslc,3.041477246305916
turku-tur-fin-cmems,60.4283,22.1005,462,cmems,0.8648347070665835
turku_ruissalo_saaronniemi-134225-fin-fmi,60.43,22.1,462,fmi,0.8595928293175561
turner_cut_near_holt-trn-usa-cdwr,37.9928,-121.4542,671,cdwr,1.1514758018521396
turtle_head-58180-aus-bom,-10.5212,142.2133,551,bom,0.9728619563587576
uchiura-ma18-jpn-jodc_jma,35.0172,138.8903,221,jodc_jma,0.5747242661019317
uetersen-100-deu-wsv,53.6783,9.6773,1057,wsv,2.455240566448667
ullapool-ull-gbr-bodc,57.8952,-5.1581,616,bodc,1.0638577403947913
ulukhaktok-6380-can-meds,70.74,-117.76,295,meds,0.6671908897781574
unalaska-9462620-usa-noaa,53.8792,-166.5403,200,noaa,0.5625449419665027
uno-ma33-jpn-jodc_jma,34.4886,133.9495,569,jodc_jma,1.0068838081985
uragami-ma25-jpn-jodc_jma,33.5583,135.8964,441,jodc_jma,0.8352751945791951
urakawa-hd02-jpn-jodc_jcg,42.1642,142.7742,348,jodc_jcg,0.7235074505259596
urangan-59850-aus-bom,-25.2983,152.9083,388,bom,0.7764994525320118
us_slip_mi-9076060-usa-noaa,46.5008,-84.3404,192,noaa,0.5533866301890602
ushuaia-600a-arg-uhslc,-54.805,-68.295,410,uhslc,0.8008938713817214
uwajima-ma40-jpn-jodc_jma,33.2272,132.5511,263,jodc_jma,0.6192084057778582
vaasa-vaa-fin-cmems,63.0815,21.5712,536,cmems,0.9520963083514644
vaasa_vaskiluoto-134223-fin-fmi,63.08,21.57,536,fmi,0.9578660593682312
vaca_key-8723970-usa-noaa,24.711,-81.1065,840,noaa,1.500855969145241
valdez-9454240-usa-noaa,61.1242,-146.3631,787,noaa,1.385474641192867
valdez_ak-562a-usa-uhslc,61.125,-146.362,787,uhslc,1.3820920370233047
valencia-val-esp-cmems,39.46,-0.33,131,cmems,0.4843032425842932
valparaiso-081a-chl-uhslc,-33.027,-71.627,486,uhslc,0.8837570187250361
vancouver-9440083-usa-noaa,45.6317,-122.697,1068,noaa,2.567809116845343
vancouver_bc-7735-can-meds,49.29,-123.11,568,meds,1.0063806356766272
varberg-2104-swe-smhi,57.1,12.2167,709,smhi,1.2232180865939462
varberg1-var-swe-cmems,57.1,12.2167,709,cmems,1.223222015799385
vardo-805a-nor-uhslc,70.333,31.1,471,uhslc,0.8673765987373534
vardo-vaw-nor-nhs,70.375,31.104,499,nhs,0.9028900672106044
varennes-15660-can-meds,45.68,-73.44,849,meds,1.512300927286597
vegesack-4112-deu-wsv,53.1694,8.6195,1160,wsv,4.332571680503747
venezia-ven-ita-ispra,45.4182,12.4265,731,ispra,3.0349701131765188
venezia-vene-ita-cv,45.4188,12.4257,731,cv,1.262469174378111
venice_island-vne-usa-cdwr,38.05,-121.496,761,cdwr,1.3238873175579344
veracruz-250-mex-unam,19.1917,-96.1233,138,unam,1.4614516541042797
veracruz_ver-250a-mex-uhslc,19.2,-96.133,138,uhslc,0.4902107353693148
vercheres-15720-can-meds,45.78,-73.36,753,meds,1.3067200808800077
vernadsky-ver-ukr-noc,-65.25,-64.2667,472,noc,0.9951893466079336
victor_harbor-61490-aus-bom,-35.5625,138.6354,652,bom,1.1160738982736462
victoria_bc-543a-can-uhslc,48.425,-123.37,389,uhslc,0.9127289402322848
victoria_harbour_bc-7120-can-meds,48.42,-123.37,389,meds,0.7775544982095693
vieste-vie-ita-ispra,41.8881,16.177,595,ispra,1.0427518477330435
vigo-208a-esp-uhslc,42.233,-8.733,459,uhslc,0.8570583546752897
vigo-vig-esp-cmems,42.243,-8.726,459,cmems,1.1577327683091587
viken-2228-swe-smhi,56.1422,12.5792,892,smhi,1.6210447850638956
viken-vik-swe-cmems,56.1422,12.5792,892,cmems,1.620841795239357
viker-vik-nor-nhs,59.036,10.9498,682,nhs,1.1802878754659418
villagarcia-vil-esp-cmems,42.601,-8.77,293,cmems,0.6626141743428094
village_cove-9464212-usa-noaa,57.1253,-170.2853,378,noaa,0.7632162027602509
virginia_key-8723214-usa-noaa,25.7317,-80.1617,612,noaa,1.0610343819764565
virginia_key_fl-755a-usa-uhslc,25.732,-80.162,612,uhslc,1.0627914615279452
visby-2080-swe-smhi,57.6392,18.2844,204,smhi,0.5698082429792591
visby-vis-swe-cmems,57.6392,18.2844,204,cmems,0.5634879714252385
vlaardingen-vlaardgn-nld-rws,51.8996,4.349,1016,rws,2.182378653687042
vlieland_haven-vlielhvn-nld-rws,53.2961,5.0915,1049,rws,2.4018443845907917
vlietepolder-vlietpdr-nld-rws,51.5993,3.7518,977,rws,1.9652152532896128
volanti-vol-usa-cdwr,38.181,-122.046,1019,cdwr,2.199158525289082
vung_tau-383a-vnm-uhslc,10.34,107.072,1060,uhslc,2.469257347322777
vuren-vurn-nld-rws,51.8221,5.0165,1004,rws,2.120497465078585
wachapreague-8631044-usa-noaa,37.6078,-75.6858,749,noaa,1.3005477438778237
wajima-gs03-jpn-jodc_giaj,37.4058,136.9006,425,jodc_giaj,0.8159860754126657
wakayama-ma28-jpn-jodc_jma,34.2217,135.1455,391,jodc_jma,0.7813560991122104
wake-051a-usa-uhslc,19.283,166.617,834,uhslc,1.4924278698984612
wake_island-1890000-usa-noaa,19.2906,166.6175,834,noaa,1.4932919941287048
wakkanai-360a-jpn-uhslc,45.4,141.683,289,uhslc,0.6584061735277376
wakkanai-ma01-jpn-jodc_jma,45.4078,141.6853,289,jodc_jma,0.6592496205169139
wallaroo-61780-aus-bom,-33.926,137.6152,951,bom,1.7874140857675016
warnemuende-war-deu-cmems,54.1697,12.1033,820,cmems,1.4905628884737776
warnemunde-war-deu-bfg,54.1697,12.1034,820,bfg,1.456653487277933
washington-8594900-usa-noaa,38.873,-77.0217,1115,noaa,3.0576334270341654
wauna-9439099-usa-noaa,46.1617,-123.4089,800,noaa,1.4082486536550871
wehr_geesthacht_up-101-deu-wsv,53.4233,10.3348,1152,wsv,4.090046931941259
weipa_humbug_point-63620-aus-bom,-12.67,141.8633,659,bom,1.124906288294505
wellington-071a-nzl-uhslc,-41.283,174.783,463,uhslc,0.8608553082653627
wells-8419317-usa-noaa,43.32,-70.5633,725,noaa,1.2520211741921228
west_bank_1-8762482-usa-noaa,29.7886,-90.4203,209,noaa,0.5656827674665545
west_channel_pile-60739-aus-bom,-38.1944,144.7552,313,bom,0.6837271796868662
west_neebish_island_mi-9076027-usa-noaa,46.2833,-84.205,109,noaa,0.4500262350890605
west_ste_modeste-2595-can-meds,51.6,-56.7,504,meds,0.90554946264197
west_terschelling-westtslg-nld-rws,53.363,5.22,1053,rws,2.4319190805594477
western_port_stony_point-60710-aus-bom,-38.3739,145.2228,699,bom,1.2068126174396183
westkapelle-westkple-nld-rws,51.5214,3.44,1030,rws,2.2795063256809365
westport-9441102-usa-noaa,46.9043,-124.1051,732,noaa,1.263345097548308
weymouth-wey-gbr-bodc,50.6085,-2.4479,474,bodc,0.9389697356489726
weymouth-wey-gbr-cmems,50.6079,-2.4465,474,cmems,0.8698958966841871
whitby-whi-gbr-bodc,54.49,-0.6147,957,bodc,1.8094993392891563
whitby-whi-gbr-cmems,54.4833,-0.6167,957,cmems,2.3959985022594603
whyalla-61840-aus-bom,-33.0128,137.5904,1014,bom,2.1716800611262284
wick-wic-gbr-bodc,58.441,-3.0864,599,bodc,1.0467180233627404
wierumergronden-wiermgdn-nld-rws,53.5158,5.9583,1054,rws,2.438546907241466
willapa_bay_wa-564a-usa-uhslc,46.708,-123.965,917,uhslc,1.693053367136086
willets_point-8516990-usa-noaa,40.7933,-73.7817,1089,noaa,2.753303887742083
wilmington-8658120-usa-noaa,34.2275,-77.9536,818,noaa,1.4460718797420562
wilmington_nc-750a-usa-uhslc,34.227,-77.953,818,uhslc,1.445732152583009
winchelsea_is_bc-7935-can-meds,49.3,-124.09,438,meds,0.8331063347348895
windmill_point-8636580-usa-noaa,37.6161,-76.29,422,noaa,0.8144563156889651
windmill_point_mi-9044049-usa-noaa,42.3575,-82.93,233,noaa,0.6007159258553381
winter_harbour_bc-8735-can-meds,50.51,-128.03,329,meds,0.7037186532815508
wladyslawowo-wla-pol-eseas,54.7967,18.4186,564,eseas,0.9986034568267502
woods_hole-8447930-usa-noaa,41.5236,-70.6711,926,noaa,1.700488983507698
woods_hole_ma-742a-usa-uhslc,41.523,-70.672,926,uhslc,1.7036921598878698
workington-wor-gbr-bodc,54.6507,-3.5672,955,bodc,1.9073027093848185
workington-wor-gbr-cmems,54.65,-3.5667,955,cmems,1.797618460625401
wrightsville_beach-8658163-usa-noaa,34.2133,-77.7867,655,noaa,1.120205926331296
wyandotte_mi-9044030-usa-noaa,42.2023,-83.1475,508,noaa,0.9126454801354666
wyndham-165a-aus-uhslc,-15.453,128.102,822,uhslc,1.4625211541928889
wyndham-63090-aus-bom,-15.4533,128.101,822,bom,1.7313077209162036
xiamen-376a-chn-uhslc,24.45,118.067,942,uhslc,1.7631332570756415
yaizu-gs23-jpn-jodc_giaj,34.8706,138.3275,255,jodc_giaj,0.6051581124374656
yakutat-9453220-usa-noaa,59.5483,-139.7331,921,noaa,2.9124419087923945
yakutat_ak-570a-usa-uhslc,59.548,-139.735,921,uhslc,1.681438330211205
yamba-60130-aus-bom,-29.429,153.3621,380,bom,0.7655227024290896
yap-008b-fsm-uhslc,9.508,138.128,560,uhslc,0.9881939227327694
yokohama-ma16-jpn-jodc_jma,35.4667,139.6333,524,jodc_jma,1.0564445101466218
yokohamashinko-hd29-jpn-jodc_jcg,35.4542,139.6442,524,jodc_jcg,0.9376243787799228
yokosuka-hd08-jpn-jodc_jcg,35.288,139.6514,371,jodc_jcg,0.7537271127482319
yonaguni-ma76-jpn-jodc_jma,24.4522,122.9419,402,jodc_jma,0.7921108814962399
yorktown_uscg_training_center-8637689-usa-noaa,37.2265,-76.4788,596,noaa,1.0433168022324817
yoshioka-hd26-jpn-jodc_jcg,41.4445,140.2383,95,jodc_jcg,0.4391597878029261
ystad-2093-swe-smhi,55.4167,13.8167,805,smhi,1.4213574485384088
ystad-yst-swe-cmems,55.4167,13.8167,805,cmems,1.421357448562014
zanzibar-151a-tza-uhslc,-6.155,39.19,31,uhslc,0.306233973386709
zhapo-635a-chn-uhslc,21.583,111.833,992,uhslc,2.0576538561816906
zierikzee-zierze-nld-rws,51.6422,3.9108,1020,rws,2.213732134384641
zollenspieker-102-deu-wsv,53.3987,10.1854,1157,wsv,4.241594203893755
